parcel_id,tax_district,land_use,sale_year,actual,predicted,residual,residual_z
044 13 0 014.00,GENERAL SERVICES DISTRICT,SINGLE FAMILY,2014,442816.68187347933,138258.52831922323,304558.1535542561,4.097869254748455
119 01 0 265.00,URBAN SERVICES DISTRICT,DUPLEX,2016,157726.7017211998,221267.5309068586,-63540.829185658804,-0.8502269803652364
094 05 0 036.00,URBAN SERVICES DISTRICT,SINGLE FAMILY,2015,343021.77902850846,265453.28062952333,77568.49839898513,1.0466066575976791
136 07 0 107.00,URBAN SERVICES DISTRICT,SINGLE FAMILY,2014,140225.28259326846,126501.82164109938,13723.460952169087,0.18838263570600658
073 11 0 078.00,URBAN SERVICES DISTRICT,SINGLE FAMILY,2015,157259.26832252537,142717.62168699165,14541.646635533718,0.19938093151586203
108 03 0 209.00,GENERAL SERVICES DISTRICT,ZERO LOT LINE,2013,81000.0,86909.57525785745,-5909.575257857447,-0.07553048850744155
131 13 0 031.00,CITY OF FOREST HILLS,SINGLE FAMILY,2015,879669.0321791264,679946.0099930356,199723.02218609082,2.688644173577866
102 14 0 013.00,URBAN SERVICES DISTRICT,DUPLEX,2013,160000.0,305455.8869646443,-145455.8869646443,-1.951353601195116
081 12 0 360.00,URBAN SERVICES DISTRICT,SINGLE FAMILY,2013,464900.0,307520.7126813139,157379.28731868608,2.119447069259603
165 14 0 085.00,URBAN SERVICES DISTRICT,SINGLE FAMILY,2015,117944.45124189404,123965.16038170725,-6020.709139813203,-0.07702438327130563
118 06 0 019.00,URBAN SERVICES DISTRICT,SINGLE FAMILY,2014,752788.3591849149,595026.5621179631,157761.79706695175,2.124588879299934
133 06 0 194.00,URBAN SERVICES DISTRICT,SINGLE FAMILY,2013,139900.0,123370.97068358831,16529.02931641169,0.2260959218366329
025 12 0 086.00,CITY OF GOODLETTSVILLE,SINGLE FAMILY,2014,42313.59404568803,170338.70074839686,-128025.10670270884,-1.717043857801673
098 01 0 004.00,GENERAL SERVICES DISTRICT,SINGLE FAMILY,2016,216352.50346864882,229947.78023775725,-13595.27676910843,-0.17884397888700856
131 07 0 166.00,URBAN SERVICES DISTRICT,ZERO LOT LINE,2014,428056.12581103004,374998.6324523973,53057.493358632724,0.7171224225251949
072 03 0 169.00,URBAN SERVICES DISTRICT,SINGLE FAMILY,2016,315453.4034423996,304437.8411125342,11015.562329865352,0.15198225535625196
106 14 0 118.00,URBAN SERVICES DISTRICT,SINGLE FAMILY,2015,78629.63416126269,135675.8578236196,-57046.223662356904,-0.7629245572528509
147 10 0 015.00,URBAN SERVICES DISTRICT,SINGLE FAMILY,2014,210583.93315761018,201137.43529509887,9446.497862511314,0.13089042313825627
160 11 0 073.00,URBAN SERVICES DISTRICT,SINGLE FAMILY,2015,329163.30600758595,323474.3859308353,5688.920076750626,0.08037994262436056
096 10 0 097.00,URBAN SERVICES DISTRICT,SINGLE FAMILY,2013,95000.0,101248.63755129179,-6248.6375512917875,-0.08008826491074363
133 02 0 322.00,URBAN SERVICES DISTRICT,SINGLE FAMILY,2016,315356.340856725,258662.38939051534,56693.95146620966,0.7660047762261386
131 15 0 066.00,URBAN SERVICES DISTRICT,SINGLE FAMILY,2013,490000.0,468739.8180465001,21260.18195349991,0.28969348566871017
059 05 0 128.00,URBAN SERVICES DISTRICT,SINGLE FAMILY,2016,92209.45639085527,129293.67493153329,-37084.21854067802,-0.4945893348822704
073 01 0 007.00,URBAN SERVICES DISTRICT,SINGLE FAMILY,2016,232950.20561900278,249629.7972616771,-16679.59164267432,-0.22030425867425196
053 12 0 261.00,GENERAL SERVICES DISTRICT,SINGLE FAMILY,2016,126084.29879128525,137648.64567838376,-11564.346887098509,-0.15154361410970735
083 06 0 018.00,URBAN SERVICES DISTRICT,SINGLE FAMILY,2015,324248.95387250703,314928.12238981423,9320.831482692796,0.12920117820681964
105 10 0 227.00,URBAN SERVICES DISTRICT,SINGLE FAMILY,2013,250000.0,534609.3621638854,-284609.3621638854,-3.8218960884664033
052 09 0 039.00,GENERAL SERVICES DISTRICT,SINGLE FAMILY,2015,511092.6220482075,115505.78297177014,395586.83907643735,5.32150397595034
148 03 0 015.00,URBAN SERVICES DISTRICT,SINGLE FAMILY,2016,116378.0402238268,134388.42569481742,-18010.385470990615,-0.23819318594753658
115 12 0 078.00,URBAN SERVICES DISTRICT,SINGLE FAMILY,2014,683905.7642268181,593439.3603907825,90466.40383603564,1.2199841466058867
107 14 0 053.00,URBAN SERVICES DISTRICT,SINGLE FAMILY,2016,131034.49066068906,138188.1342658512,-7153.643605162142,-0.09225362601709318
147 08 0 235.00,URBAN SERVICES DISTRICT,SINGLE FAMILY,2014,86103.24369762099,98294.2440614966,-12191.000363875617,-0.15996727691388463
119 07 0 003.00,URBAN SERVICES DISTRICT,DUPLEX,2016,105798.21838529709,156326.92575937425,-50528.70737407716,-0.6753141608092527
091 11 0 060.00,URBAN SERVICES DISTRICT,SINGLE FAMILY,2014,132845.0045620438,168212.67218005972,-35367.66761801593,-0.47151494577479897
119 14 0 064.00,URBAN SERVICES DISTRICT,SINGLE FAMILY,2016,257215.8520376489,163455.54902243882,93760.30301521008,1.264261721094141
129 12 0 040.00,URBAN SERVICES DISTRICT,SINGLE FAMILY,2013,315000.0,321496.4351699354,-6496.435169935401,-0.08341923435476117
086 08 0 034.00,GENERAL SERVICES DISTRICT,SINGLE FAMILY,2013,118000.0,120988.32554615135,-2988.325546151347,-0.03626217922625832
119 14 0 292.00,URBAN SERVICES DISTRICT,SINGLE FAMILY,2013,165102.0,183616.97029099194,-18514.970290991943,-0.24497596548569192
083 06 0 117.00,URBAN SERVICES DISTRICT,SINGLE FAMILY,2016,266922.11060510733,235073.0664379916,31849.04416711573,0.43203212747460246
096 11 0 182.00,URBAN SERVICES DISTRICT,SINGLE FAMILY,2015,122760.51633427138,157668.71821635583,-34908.20188208445,-0.4653386704121131
102 12 0 007.00,URBAN SERVICES DISTRICT,SINGLE FAMILY,2014,300032.902896053,360657.3471209774,-60624.44422492443,-0.8110240645165173
042 09 0 047.00,GENERAL SERVICES DISTRICT,SINGLE FAMILY,2015,118927.32166890982,131645.291253499,-12717.96958458917,-0.16705095423791538
115 11 0 010.00,URBAN SERVICES DISTRICT,SINGLE FAMILY,2015,845268.5672335739,629688.8958453775,215579.6713881964,2.9017939781071935
129 03 0 039.00,URBAN SERVICES DISTRICT,VACANT RESIDENTIAL LAND,2015,319432.88878012967,380654.3855482775,-61221.49676814786,-0.8190498227495312
150 03 0 117.00,URBAN SERVICES DISTRICT,ZERO LOT LINE,2014,92499.48465801569,108554.57900909042,-16055.094351074731,-0.2119095799538656
150 07 0 171.00,URBAN SERVICES DISTRICT,SINGLE FAMILY,2013,127000.0,131842.99998097532,-4842.999980975321,-0.061193265750880216
119 14 0 090.00,URBAN SERVICES DISTRICT,SINGLE FAMILY,2015,221145.84607855132,170425.99467001998,50719.851408531336,0.685699142715391
083 15 0 177.00,URBAN SERVICES DISTRICT,SINGLE FAMILY,2015,251614.82931604062,230340.20422808756,21274.625087953056,0.2898876345866966
150 01 0 104.00,URBAN SERVICES DISTRICT,SINGLE FAMILY,2015,149396.3049063991,158481.85686641646,-9085.551960017357,-0.11822291391376201
061 07 0 208.00,URBAN SERVICES DISTRICT,DUPLEX,2013,85000.0,199468.06294174568,-114468.06294174568,-1.5348060349922283
096 09 0 174.00,URBAN SERVICES DISTRICT,SINGLE FAMILY,2016,215964.2531259505,173847.4666495647,42116.78647638578,0.5700541798189149
083 01 0 312.00,URBAN SERVICES DISTRICT,SINGLE FAMILY,2016,374564.51811822155,349486.824822946,25077.69329527556,0.341009610905303
093 08 0 054.00,URBAN SERVICES DISTRICT,SINGLE FAMILY,2015,333193.0747583507,255922.06002172342,77271.01473662726,1.042607793545504
081 10 0 213.00,URBAN SERVICES DISTRICT,SINGLE FAMILY,2014,65930.48374560692,103307.69909768767,-37377.21535208075,-0.4985278853466343
086 07 0 057.00,GENERAL SERVICES DISTRICT,SINGLE FAMILY,2016,165006.39564679362,146256.58754634424,18749.808100449387,0.255948292138024
114 07 0 022.00,GENERAL SERVICES DISTRICT,SINGLE FAMILY,2016,505181.6396605099,353140.0491230304,152041.5905374795,2.0476961582663824
083 04 0 133.00,URBAN SERVICES DISTRICT,SINGLE FAMILY,2016,124725.42259184107,192406.636379504,-67681.21378766293,-0.9058832641957589
073 07 0 117.00,URBAN SERVICES DISTRICT,SINGLE FAMILY,2013,160000.0,163828.94396763877,-3828.94396763877,-0.047562022587868624
072 11 0 329.00,URBAN SERVICES DISTRICT,SINGLE FAMILY,2013,63000.0,97505.84378066954,-34505.843780669544,-0.45993005289309835
091 16 0 352.00,URBAN SERVICES DISTRICT,SINGLE FAMILY,2013,380000.0,320201.4259472992,59798.57405270077,0.8077380383430833
134 13 0 216.00,URBAN SERVICES DISTRICT,DUPLEX,2014,118084.44849959448,134804.78124073823,-16720.33274114375,-0.22085191266245494
083 01 0 101.00,URBAN SERVICES DISTRICT,SINGLE FAMILY,2016,419941.2769210898,331440.6708822938,88500.60603879602,1.1935593067241943
107 14 0 083.00,URBAN SERVICES DISTRICT,SINGLE FAMILY,2016,88326.95296387188,129622.66768946874,-41295.71472559686,-0.5512015218046031
082 03 0 357.00,URBAN SERVICES DISTRICT,SINGLE FAMILY,2013,130000.0,156220.1381989018,-26220.138198901812,-0.3485511289709603
119 04 0 041.00,URBAN SERVICES DISTRICT,SINGLE FAMILY,2016,177624.5317844896,181343.04640417616,-3718.5146196865535,-0.04607759838006118
064 04 0 104.00,GENERAL SERVICES DISTRICT,ZERO LOT LINE,2015,145464.82319833597,103154.47367114139,42310.34952719459,0.5726561120378934
133 16 0 059.00,URBAN SERVICES DISTRICT,SINGLE FAMILY,2014,139733.26405785346,129557.12728062262,10176.136777230844,0.14069844689328811
102 08 0 036.00,URBAN SERVICES DISTRICT,SINGLE FAMILY,2015,332210.20433133485,325901.92907040776,6308.275260927097,0.08870549960419905
092 13 0 339.00,URBAN SERVICES DISTRICT,SINGLE FAMILY,2014,82659.11394971613,263146.0495110405,-180486.93556132435,-2.4222513971713435
033 12 0 152.00,GENERAL SERVICES DISTRICT,DUPLEX,2013,160000.0,136080.06163055933,23919.93836944067,0.32544672413211245
051 04 0 119.00,GENERAL SERVICES DISTRICT,SINGLE FAMILY,2015,88360.05138871894,114987.4324647923,-26627.38107607336,-0.3540254091015663
147 16 0 020.00,URBAN SERVICES DISTRICT,SINGLE FAMILY,2016,135887.6199444183,233375.3123622798,-97487.69241786152,-1.306550833538894
081 08 0 341.00,URBAN SERVICES DISTRICT,SINGLE FAMILY,2015,294762.8410620335,314006.11519031797,-19243.27412828448,-0.2547660427320404
044 15 0 422.00,GENERAL SERVICES DISTRICT,SINGLE FAMILY,2016,610523.6638931364,409072.00069826056,201451.66319487587,2.711881081226361
083 14 0 289.00,URBAN SERVICES DISTRICT,SINGLE FAMILY,2015,386759.51303071086,437641.315495386,-50881.80246467516,-0.6800605702543979
086 13 0 020.00,GENERAL SERVICES DISTRICT,SINGLE FAMILY,2014,190411.1732055961,120695.01493961098,69716.15826598513,0.9410531611991781
042 04 0 015.00,GENERAL SERVICES DISTRICT,SINGLE FAMILY,2014,140618.89742160044,138462.1229477099,2156.774473890546,0.0328997887013756
105 07 0 134.00,URBAN SERVICES DISTRICT,SINGLE FAMILY,2013,115000.0,176476.2441358655,-61476.244135865505,-0.8224742127919221
118 13 0 183.00,URBAN SERVICES DISTRICT,SINGLE FAMILY,2013,323000.0,369648.23182104266,-46648.23182104266,-0.6231516518789104
081 11 0 355.00,URBAN SERVICES DISTRICT,SINGLE FAMILY,2014,44281.66818734793,77879.02910379993,-33597.360916451995,-0.4477179554658247
156 05 0 019.00,GENERAL SERVICES DISTRICT,SINGLE FAMILY,2015,179865.2881438884,179569.87508950027,295.4130543881329,0.00787881373570082
150 06 0 177.00,URBAN SERVICES DISTRICT,SINGLE FAMILY,2014,190903.19174101108,222341.68054972365,-31438.488808712573,-0.4186977531580528
147 14 0 047.00,URBAN SERVICES DISTRICT,SINGLE FAMILY,2015,185762.51070598312,196472.78409628614,-10710.273390303017,-0.14006290361562232
091 07 0 355.00,URBAN SERVICES DISTRICT,SINGLE FAMILY,2015,278054.0438027652,253195.36781226768,24858.67599049752,0.33806551501802184
150 01 0 039.00,URBAN SERVICES DISTRICT,SINGLE FAMILY,2015,132589.22060442923,138775.96416327826,-6186.743558849033,-0.07925626741729079
102 03 0 055.00,URBAN SERVICES DISTRICT,SINGLE FAMILY,2015,217705.79958399606,182378.3689525861,35327.43063140995,0.47878963503447963
091 05 0 184.00,URBAN SERVICES DISTRICT,SINGLE FAMILY,2015,127674.8684693503,112185.66007459536,15489.20839475494,0.21211833909694475
148 15 0 028.00,URBAN SERVICES DISTRICT,SINGLE FAMILY,2016,162094.5180765561,158655.75156875106,3438.766507805034,0.05013270770930465
059 12 0 064.00,URBAN SERVICES DISTRICT,DUPLEX,2013,28500.0,95114.14539121612,-66614.14539121612,-0.8915394127790386
075 04 0 211.00,GENERAL SERVICES DISTRICT,SINGLE FAMILY,2016,135887.6199444183,178804.35503493762,-42916.73509051933,-0.5729917606827769
148 08 0 004.00,URBAN SERVICES DISTRICT,SINGLE FAMILY,2015,122858.80337697295,133494.59550399985,-10635.7921270269,-0.13906170427608636
102 04 0 207.00,URBAN SERVICES DISTRICT,SINGLE FAMILY,2013,130000.0,191107.09295858032,-61107.092958580324,-0.8175119726441323
172 08 0 051.00,URBAN SERVICES DISTRICT,SINGLE FAMILY,2015,275203.7195644194,287843.61442339094,-12639.89485897153,-0.16600145050658033
051 07 0 039.00,GENERAL SERVICES DISTRICT,SINGLE FAMILY,2016,152873.57243747058,242834.76799199113,-89961.19555452056,-1.2053774194862774
133 08 0 148.00,URBAN SERVICES DISTRICT,SINGLE FAMILY,2016,281481.498456295,184381.71075834983,97099.78769794517,1.3091520695076724
117 16 0 098.00,URBAN SERVICES DISTRICT,DUPLEX,2016,485312.92837292247,345759.80361682456,139553.1247560979,1.8798224791400755
072 08 0 028.00,URBAN SERVICES DISTRICT,SINGLE FAMILY,2016,467841.66295149724,340925.3314931831,126916.33145831415,1.709954937330394
082 05 0 041.00,URBAN SERVICES DISTRICT,SINGLE FAMILY,2013,335000.0,247416.28354379087,87583.71645620913,1.181234203683041
053 08 0 060.00,GENERAL SERVICES DISTRICT,SINGLE FAMILY,2015,67031.76312247645,110696.65260620673,-43664.88948373028,-0.5830486750180891
094 01 0 208.00,URBAN SERVICES DISTRICT,SINGLE FAMILY,2013,25000.0,109471.93387693491,-84471.93387693491,-1.1315891279831556
082 07 0 447.00,URBAN SERVICES DISTRICT,ZERO LOT LINE,2014,119068.48557042444,90458.51009464607,28609.975475778367,0.38849160074566746
061 14 0 184.00,URBAN SERVICES DISTRICT,SINGLE FAMILY,2014,262737.89791159774,245450.2894640674,17287.608447530336,0.2362929686059148
174 11 0 006.00,GENERAL SERVICES DISTRICT,SINGLE FAMILY,2013,249900.0,254043.1066707521,-4143.1066707521095,-0.0517850912769408
120 09 0 126.00,URBAN SERVICES DISTRICT,SINGLE FAMILY,2014,159734.80155954312,146216.0466394039,13518.75492013921,0.18563091621237307
116 09 0 084.00,URBAN SERVICES DISTRICT,SINGLE FAMILY,2015,315992.8422855744,364196.3645730686,-48203.52228749421,-0.6440583298715379
050 07 0 026.00,GENERAL SERVICES DISTRICT,SINGLE FAMILY,2013,27500.0,121394.67864020211,-93894.67864020211,-1.2582524714689565
147 01 0 078.00,URBAN SERVICES DISTRICT,SINGLE FAMILY,2014,211567.97022844013,199411.12961614004,12156.84061230009,0.16732365817811853
083 09 0 032.00,URBAN SERVICES DISTRICT,TRIPLEX,2013,225000.0,458356.0279886336,-233356.0279886336,-3.132933494813228
094 05 0 011.00,URBAN SERVICES DISTRICT,SINGLE FAMILY,2015,441308.8217300869,334300.6215180619,107008.20021202497,1.4423439036495038
071 04 0 094.00,URBAN SERVICES DISTRICT,SINGLE FAMILY,2015,66343.75382356539,139907.9878317154,-73564.23400815002,-0.9849645753893238
147 08 0 132.00,URBAN SERVICES DISTRICT,SINGLE FAMILY,2013,95500.0,141875.26245301563,-46375.26245301563,-0.619482316277431
051 12 0 085.00,GENERAL SERVICES DISTRICT,SINGLE FAMILY,2015,396416.21497614094,118814.87532868388,277601.33964745706,3.7355077279383213
095 07 0 145.00,URBAN SERVICES DISTRICT,SINGLE FAMILY,2016,173644.96577183166,174122.59213077472,-477.62635894306004,-0.0025126124568600754
120 14 0 185.00,URBAN SERVICES DISTRICT,DUPLEX,2014,142685.37527034333,141296.90247986594,1388.47279047739,0.022572048486417612
119 01 0 477.00,URBAN SERVICES DISTRICT,DUPLEX,2016,223243.94705154432,213676.30878182017,9567.63826972415,0.13251882859699532
082 08 0 369.00,URBAN SERVICES DISTRICT,SINGLE FAMILY,2014,132845.0045620438,261466.67024286865,-128621.66568082487,-1.7250629813854097
094 01 0 194.00,URBAN SERVICES DISTRICT,SINGLE FAMILY,2013,10000.0,158552.81435647752,-148552.81435647752,-1.9929834222119747
083 14 0 172.00,URBAN SERVICES DISTRICT,SINGLE FAMILY,2014,182046.8581035415,203837.017231274,-21790.159127732477,-0.28900202997447305
071 11 0 127.00,URBAN SERVICES DISTRICT,SINGLE FAMILY,2015,157259.26832252537,123999.48572381625,33259.78259870912,0.4509956939320235
130 05 0 069.00,URBAN SERVICES DISTRICT,SINGLE FAMILY,2015,548441.6982748073,429243.75954673527,119197.93872807204,1.606202001841777
018 08 0 025.00,CITY OF GOODLETTSVILLE,SINGLE FAMILY,2015,201488.43753823565,253269.39522868182,-51780.95769044617,-0.692147282785641
072 08 0 123.00,URBAN SERVICES DISTRICT,SINGLE FAMILY,2013,155000.0,163424.48551769997,-8424.48551769997,-0.10933666177026763
081 14 0 089.00,URBAN SERVICES DISTRICT,SINGLE FAMILY,2014,41329.55697485807,76952.63833353286,-35623.08135867479,-0.4749482934008732
128 14 0 030.00,GENERAL SERVICES DISTRICT,SINGLE FAMILY,2016,213537.68848408587,203676.1422730631,9861.546211022767,0.1364696267409751
147 01 0 181.00,URBAN SERVICES DISTRICT,SINGLE FAMILY,2014,209599.8960867802,214020.14414532913,-4420.248058548925,-0.05551050841160464
073 07 0 256.00,URBAN SERVICES DISTRICT,ZERO LOT LINE,2014,71736.30246350366,89569.21332790537,-17832.91086440171,-0.23580751939080144
034 04 0 033.00,GENERAL SERVICES DISTRICT,SINGLE FAMILY,2015,167087.97259268322,188181.85752313415,-21093.884930450935,-0.27964250469534485
119 15 0 017.00,URBAN SERVICES DISTRICT,SINGLE FAMILY,2016,160153.2663630644,155480.43284841353,4672.833514650876,0.06672140421968431
083 09 0 372.00,URBAN SERVICES DISTRICT,SINGLE FAMILY,2013,333000.0,362612.1145620744,-29612.11456207442,-0.39414708619768224
063 00 0 254.00,GENERAL SERVICES DISTRICT,SINGLE FAMILY,2014,399519.05075696134,421344.1270382026,-21825.076281241258,-0.2894713967587322
117 03 0 151.00,URBAN SERVICES DISTRICT,SINGLE FAMILY,2013,320500.0,282931.50172006513,37568.498279934865,0.5089147342992508
060 07 0 048.00,URBAN SERVICES DISTRICT,SINGLE FAMILY,2015,119910.19209592561,149584.79479024195,-29674.602694316345,-0.39498707029539437
081 15 0 280.00,URBAN SERVICES DISTRICT,SINGLE FAMILY,2014,58943.820542714246,91083.60137530317,-32139.780832588927,-0.4281247295577938
130 05 0 127.00,URBAN SERVICES DISTRICT,SINGLE FAMILY,2016,552286.1124883858,473703.8117108347,78582.30077755108,1.0602344913265103
083 06 0 184.00,URBAN SERVICES DISTRICT,SINGLE FAMILY,2015,261443.53358619843,211810.39569587298,49633.13789032545,0.6710912157169049
071 07 0 045.00,URBAN SERVICES DISTRICT,SINGLE FAMILY,2015,73715.28202618378,113887.7567998323,-40172.47477364853,-0.5361025955973232
051 00 0 050.00,GENERAL SERVICES DISTRICT,SINGLE FAMILY,2014,73802.78031224656,108017.69569844904,-34214.91538620248,-0.45601930670565977
071 08 0 368.00,URBAN SERVICES DISTRICT,SINGLE FAMILY,2014,66422.5022810219,119674.01295185777,-53251.51067083588,-0.7119148942352569
115 01 0 026.00,URBAN SERVICES DISTRICT,SINGLE FAMILY,2015,415262.7554141686,431475.2083487779,-16212.452934609319,-0.21402484093327576
071 15 0 159.00,URBAN SERVICES DISTRICT,SINGLE FAMILY,2016,344572.1791447749,287525.0633541571,57047.11579061783,0.7707521163327947
091 06 0 318.00,URBAN SERVICES DISTRICT,SINGLE FAMILY,2015,389118.40205554874,351272.5830407004,37845.819014848326,0.5126425622713097
053 12 0 142.00,GENERAL SERVICES DISTRICT,VACANT RESIDENTIAL LAND,2013,21000.0,74967.67774194096,-53967.67774194096,-0.7215418254532421
081 12 0 155.00,URBAN SERVICES DISTRICT,SINGLE FAMILY,2016,291090.6944380789,189872.26993951024,101218.42449856867,1.3645160129102685
092 06 0 282.00,URBAN SERVICES DISTRICT,SINGLE FAMILY,2015,40789.12272115502,97301.89462112205,-56512.771899967025,-0.7557537396715344
072 07 0 145.00,URBAN SERVICES DISTRICT,SINGLE FAMILY,2014,108244.07779129494,179946.66042378437,-71702.58263248943,-0.9599397027465516
118 14 0 173.00,URBAN SERVICES DISTRICT,VACANT RESIDENTIAL LAND,2013,450000.0,390946.45444964565,59053.54555035435,0.7977231431644204
148 13 0 079.00,URBAN SERVICES DISTRICT,SINGLE FAMILY,2013,154900.0,172196.51912939284,-17296.519129392836,-0.2285971818213037
115 03 0 088.00,URBAN SERVICES DISTRICT,SINGLE FAMILY,2013,407500.0,335787.6405049178,71712.35949508217,0.9678866930734116
120 09 0 081.00,URBAN SERVICES DISTRICT,SINGLE FAMILY,2016,202375.49113150866,151342.3844636942,51033.106667814456,0.6899100132740406
091 07 0 428.00,URBAN SERVICES DISTRICT,SINGLE FAMILY,2016,402809.73054952564,331531.17416768795,71278.5563818377,0.9620553823334353
150 06 0 056.00,URBAN SERVICES DISTRICT,SINGLE FAMILY,2014,134813.0787037037,138946.4336390477,-4133.3549353439885,-0.0516540055431537
081 03 0 194.00,URBAN SERVICES DISTRICT,SINGLE FAMILY,2014,44281.66818734793,75593.80434550536,-31312.136158157424,-0.41699928317083657
052 06 0 054.00,GENERAL SERVICES DISTRICT,SINGLE FAMILY,2013,121000.0,152223.21743487348,-31223.217434873484,-0.41580401119089944
142 15 0 109.00,GENERAL SERVICES DISTRICT,ZERO LOT LINE,2013,99000.0,95780.02068539504,3219.9793146049633,0.04719170505043755
051 11 0 099.00,GENERAL SERVICES DISTRICT,SINGLE FAMILY,2013,229000.0,197297.08894016405,31702.911059835955,0.43006776269267794
060 01 0 058.00,URBAN SERVICES DISTRICT,SINGLE FAMILY,2013,58000.0,126050.05959837673,-68050.05959837673,-0.910841399515084
073 05 0 075.00,URBAN SERVICES DISTRICT,SINGLE FAMILY,2015,153327.78661446224,193350.0189891433,-40022.23237468107,-0.5340829924917895
104 08 0 359.00,URBAN SERVICES DISTRICT,SINGLE FAMILY,2014,306281.5382958232,427696.20176537894,-121414.66346955573,-1.6281843096689121
136 06 0 086.00,URBAN SERVICES DISTRICT,SINGLE FAMILY,2016,191213.29377893143,223862.96257104972,-32649.66879211829,-0.4349787954780457
133 02 0 316.00,URBAN SERVICES DISTRICT,SINGLE FAMILY,2013,98000.0,138412.09889650272,-40412.09889650272,-0.5393236944748906
146 08 0 008.00,URBAN SERVICES DISTRICT,SINGLE FAMILY,2013,207000.0,259126.67821691404,-52126.678216914035,-0.6967945611418157
104 11 0 276.00,URBAN SERVICES DISTRICT,SINGLE FAMILY,2015,491435.2135078918,458519.81735190697,32915.39615598484,0.4463663487271436
082 12 0 249.00,URBAN SERVICES DISTRICT,SINGLE FAMILY,2015,120893.06252294139,160040.69848790616,-39147.63596496478,-0.5223264068855237
096 16 0 017.00,URBAN SERVICES DISTRICT,SINGLE FAMILY,2016,174712.65421425208,160658.4962835809,14054.15793067118,0.1928279630527704
118 09 0 254.00,URBAN SERVICES DISTRICT,ZERO LOT LINE,2013,284900.0,303193.2663426614,-18293.2663426614,-0.2419957549350442
071 16 0 066.00,URBAN SERVICES DISTRICT,SINGLE FAMILY,2016,145593.87851187674,173120.882475497,-27527.003963620256,-0.36611840808178386
119 07 0 088.00,URBAN SERVICES DISTRICT,SINGLE FAMILY,2016,145496.81592620214,144831.99515143337,664.8207747687702,0.012844502412240479
070 09 0 034.02,URBAN SERVICES DISTRICT,SINGLE FAMILY,2016,93180.08224760111,141193.395410002,-48013.3131624009,-0.6415014821216393
087 01 0 005.00,GENERAL SERVICES DISTRICT,SINGLE FAMILY,2015,268225.33953260735,274984.40661467524,-6759.067082067893,-0.08694961079310547
119 01 0 367.00,URBAN SERVICES DISTRICT,SINGLE FAMILY,2014,107260.040720465,147726.74988104185,-40466.70916057685,-0.540057781920752
098 01 0 022.00,GENERAL SERVICES DISTRICT,SINGLE FAMILY,2016,164035.76979004778,195815.96978618484,-31780.19999613706,-0.4232911367838533
094 03 0 007.00,URBAN SERVICES DISTRICT,SINGLE FAMILY,2016,322247.7844396205,228723.34087972884,93524.44355989166,1.26109122799962
075 11 0 005.00,GENERAL SERVICES DISTRICT,SINGLE FAMILY,2015,196475.79836045514,167518.51897178093,28957.279388674215,0.3931601634541236
119 10 0 189.00,URBAN SERVICES DISTRICT,SINGLE FAMILY,2016,89297.57882061772,164325.294139762,-75027.71531914428,-1.0046371273512684
165 13 0 003.00,URBAN SERVICES DISTRICT,SINGLE FAMILY,2016,125210.73552021399,135967.70561412218,-10756.970093908196,-0.14069061462308324
064 02 0 061.00,GENERAL SERVICES DISTRICT,SINGLE FAMILY,2014,339492.78943633416,414601.3722117755,-75108.58277544135,-1.0057241718007488
091 02 0 049.00,URBAN SERVICES DISTRICT,SINGLE FAMILY,2016,189272.04206543975,143420.66869377295,45851.37337166679,0.6202556099307215
162 03 0 117.00,URBAN SERVICES DISTRICT,SINGLE FAMILY,2015,132687.50764713078,115336.63382686039,17350.873820270397,0.23714340060205358
118 13 0 143.00,URBAN SERVICES DISTRICT,SINGLE FAMILY,2013,318000.0,330597.48987970833,-12597.48987970833,-0.16543143013684036
091 08 0 107.00,URBAN SERVICES DISTRICT,SINGLE FAMILY,2014,39361.48283319816,98558.59725357767,-59197.114420379505,-0.7918374718789483
150 02 0 425.00,URBAN SERVICES DISTRICT,SINGLE FAMILY,2016,165006.39564679362,163611.1774444227,1395.2182023709174,0.022662722323509514
136 07 0 084.00,URBAN SERVICES DISTRICT,SINGLE FAMILY,2013,130000.0,133708.28699116095,-3708.286991160945,-0.045940115549152456
118 01 0 310.00,URBAN SERVICES DISTRICT,SINGLE FAMILY,2014,275530.37983238715,369469.16851482284,-93938.7886824357,-1.2588454118033254
071 16 0 210.00,URBAN SERVICES DISTRICT,SINGLE FAMILY,2013,238750.0,221447.017480504,17302.982519496,0.23649963146340336
034 05 0 025.00,CITY OF GOODLETTSVILLE,SINGLE FAMILY,2015,79612.50458827848,130201.17815024902,-50588.67356197054,-0.6761202441793852
072 05 0 143.00,URBAN SERVICES DISTRICT,SINGLE FAMILY,2014,191788.82510475806,159910.54562526353,31878.279479494522,0.43242511725696237
072 04 0 153.00,URBAN SERVICES DISTRICT,SINGLE FAMILY,2013,90000.0,191410.82045895993,-101410.82045895993,-1.3592866899260436
131 14 0 062.00,URBAN SERVICES DISTRICT,SINGLE FAMILY,2014,435928.42237766966,473685.1184371194,-37756.69605944975,-0.5036289781164494
053 09 0 090.00,GENERAL SERVICES DISTRICT,ZERO LOT LINE,2016,140740.7492281475,127084.59102810005,13656.158200047445,0.18747793205291013
115 10 0 024.00,URBAN SERVICES DISTRICT,SINGLE FAMILY,2013,363500.0,383260.0283769271,-19760.028376927075,-0.261712407356998
156 02 0 078.00,GENERAL SERVICES DISTRICT,SINGLE FAMILY,2014,245517.24917207353,186890.58456089822,58626.66461117531,0.7919848823513335
176 01 0 017.00,URBAN SERVICES DISTRICT,SINGLE FAMILY,2014,147605.5606244931,149575.07315202386,-1969.512527530751,-0.02256699098042907
118 10 0 166.00,URBAN SERVICES DISTRICT,SINGLE FAMILY,2014,344412.97479048395,276449.5679069291,67963.40688355482,0.9174921547222286
131 12 0 111.00,URBAN SERVICES DISTRICT,SINGLE FAMILY,2015,304689.83237489295,588903.6656587219,-284213.833283829,-3.8165792713762876
117 05 0 011.00,URBAN SERVICES DISTRICT,SINGLE FAMILY,2015,761724.5809372324,693247.1416804991,68477.43925673328,0.9244019310859628
149 08 0 004.00,URBAN SERVICES DISTRICT,SINGLE FAMILY,2013,168000.0,195393.35254882378,-27393.35254882378,-0.3643218259302941
150 02 0 520.00,URBAN SERVICES DISTRICT,ZERO LOT LINE,2014,89547.37344552582,100579.43159128935,-11032.058145763527,-0.14438843020404035
115 06 0 099.00,URBAN SERVICES DISTRICT,SINGLE FAMILY,2016,596934.9018986946,471536.0368094349,125398.86508925969,1.689556702128165
091 07 0 397.00,URBAN SERVICES DISTRICT,SINGLE FAMILY,2015,373490.76226599776,317967.0201946804,55523.74207131739,0.7502744727679181
106 04 0 006.00,URBAN SERVICES DISTRICT,SINGLE FAMILY,2015,133670.37807414657,133287.18776890927,383.1903052373091,0.009058741702962605
072 12 0 141.00,URBAN SERVICES DISTRICT,SINGLE FAMILY,2016,388249.3720724812,342815.5732297767,45433.798842704506,0.6146424486574734
083 02 0 117.00,URBAN SERVICES DISTRICT,VACANT RESIDENTIAL LAND,2015,167087.97259268322,216416.18786327195,-49328.21527058873,-0.6591767881565499
162 13 0 033.00,URBAN SERVICES DISTRICT,SINGLE FAMILY,2014,83643.1510205461,118312.01897507707,-34668.86795453097,-0.46212147242626833
053 12 0 043.00,GENERAL SERVICES DISTRICT,DUPLEX,2014,89178.35954396459,112240.77573936693,-23062.416195402344,-0.3061040886647087
062 13 0 111.00,URBAN SERVICES DISTRICT,SINGLE FAMILY,2015,422634.28361678694,329804.10292281496,92830.18069397198,1.25175873963612
083 05 0 294.00,URBAN SERVICES DISTRICT,SINGLE FAMILY,2014,216488.15558258988,363760.7913117228,-147272.6357291329,-1.9757748795556298
129 03 0 003.00,URBAN SERVICES DISTRICT,SINGLE FAMILY,2013,650000.0,631591.367437756,18408.63256224396,0.25136210886867233
161 16 0 003.00,URBAN SERVICES DISTRICT,SINGLE FAMILY,2013,70000.0,121516.45258527965,-51516.45258527965,-0.6885917263282422
130 05 0 079.00,URBAN SERVICES DISTRICT,SINGLE FAMILY,2015,501263.91777804965,523379.7534997668,-22115.835721717158,-0.29337987181626607
104 08 0 246.00,URBAN SERVICES DISTRICT,SINGLE FAMILY,2015,417719.9314817081,403477.4291168904,14242.502364817658,0.1953597450712045
053 12 0 183.00,GENERAL SERVICES DISTRICT,SINGLE FAMILY,2013,224000.0,280920.86533215555,-56920.86533215555,-0.76123945321618
106 16 0 028.00,URBAN SERVICES DISTRICT,DUPLEX,2014,83643.1510205461,184993.40217169235,-101350.25115114625,-1.3584724992381871
071 03 0 135.00,URBAN SERVICES DISTRICT,SINGLE FAMILY,2015,98287.04270157836,144554.87775024978,-46267.83504867142,-0.618038245090309
119 01 0 413.00,URBAN SERVICES DISTRICT,RESIDENTIAL COMBO/MISC,2013,15000.0,161110.6087300934,-146110.6087300934,-1.9601545663011637
071 16 0 028.00,URBAN SERVICES DISTRICT,SINGLE FAMILY,2014,183522.91370978643,187446.2489130107,-3923.335203224269,-0.04883085770920429
117 12 0 113.00,URBAN SERVICES DISTRICT,SINGLE FAMILY,2015,840354.215098495,677405.9394062706,162948.2756922244,2.1943070707716603
149 00 0 005.00,URBAN SERVICES DISTRICT,SINGLE FAMILY,2016,225670.51169340895,290011.11379588844,-64340.60210247949,-0.8609777662794219
131 15 0 056.00,URBAN SERVICES DISTRICT,SINGLE FAMILY,2014,496988.90665973915,465565.4696475762,31423.437012162933,0.42631098924872646
117 04 0 011.00,URBAN SERVICES DISTRICT,SINGLE FAMILY,2013,550000.0,584937.1476856199,-34937.147685619886,-0.46572776853031467
160 04 0 148.00,URBAN SERVICES DISTRICT,SINGLE FAMILY,2014,334572.6040821844,301661.55255282356,32911.05152936082,0.4463079469611803
146 10 0 006.00,CITY OF OAK HILL,SINGLE FAMILY,2015,484063.68530527345,465756.4669919358,18307.218313337653,0.24999886830912224
142 14 0 052.00,GENERAL SERVICES DISTRICT,SINGLE FAMILY,2016,178109.84471286254,189874.24768336533,-11764.402970502793,-0.15423282760803356
072 16 0 280.00,URBAN SERVICES DISTRICT,DUPLEX,2015,245717.6067539459,233315.82563193422,12401.781122011686,0.17061622151233216
033 14 0 020.00,GENERAL SERVICES DISTRICT,SINGLE FAMILY,2016,193639.85842079605,240907.40796422606,-47267.54954343001,-0.6314767052862142
102 08 0 098.00,URBAN SERVICES DISTRICT,SINGLE FAMILY,2014,278482.491044877,289683.1051626976,-11200.61411782063,-0.14665420981726732
160 04 0 147.00,URBAN SERVICES DISTRICT,SINGLE FAMILY,2014,295211.1212489862,281586.869695997,13624.25155298924,0.18704903339361842
131 02 0 120.00,URBAN SERVICES DISTRICT,SINGLE FAMILY,2016,505938.72782877163,574309.6472943436,-68370.91946557193,-0.9151544934797838
146 11 0 140.00,URBAN SERVICES DISTRICT,SINGLE FAMILY,2015,275203.7195644194,255690.92362238964,19512.79594202977,0.2662046021073154
147 10 0 185.00,URBAN SERVICES DISTRICT,SINGLE FAMILY,2016,234891.45733249446,236545.56171106244,-1654.1043785679794,-0.01832718063705309
098 02 0 016.00,GENERAL SERVICES DISTRICT,SINGLE FAMILY,2013,149900.0,151414.25192512566,-1514.25192512566,-0.01644724227591315
093 16 0 017.00,URBAN SERVICES DISTRICT,SINGLE FAMILY,2016,126181.36137695983,142195.96560753786,-16014.604230578028,-0.21136529968637408
074 12 0 012.00,GENERAL SERVICES DISTRICT,SINGLE FAMILY,2014,140717.30112868344,130651.26360992185,10066.037518761586,0.1392184598466913
061 08 0 016.00,URBAN SERVICES DISTRICT,SINGLE FAMILY,2013,195500.0,192729.58848914687,2770.411510853126,0.04114848064211434
059 10 0 066.00,URBAN SERVICES DISTRICT,SINGLE FAMILY,2015,167087.97259268322,138966.83539963208,28121.137193051138,0.38192049085468716
095 04 0 162.00,URBAN SERVICES DISTRICT,SINGLE FAMILY,2015,137601.8597822097,136967.4023991008,634.4573831089074,0.012436348651968871
119 01 0 390.00,URBAN SERVICES DISTRICT,SINGLE FAMILY,2014,132845.0045620438,136022.0352974057,-3177.0307353619137,-0.03879881062178424
072 14 0 085.00,URBAN SERVICES DISTRICT,SINGLE FAMILY,2015,186745.38113299888,209536.0598543053,-22790.67872130641,-0.3024513125486078
053 03 0 254.00,GENERAL SERVICES DISTRICT,SINGLE FAMILY,2013,20000.0,154172.68544221047,-134172.68544221047,-1.799681443457501
115 02 0 106.00,URBAN SERVICES DISTRICT,SINGLE FAMILY,2015,319334.6017374281,294231.8625431845,25102.739194243622,0.34134628534397293
083 05 0 314.00,URBAN SERVICES DISTRICT,SINGLE FAMILY,2013,380000.0,375572.3608257744,4427.639174225624,0.06342542881736539
091 08 0 362.00,URBAN SERVICES DISTRICT,SINGLE FAMILY,2013,228750.0,246881.5015901353,-18131.501590135304,-0.23982126491882472
081 16 0 277.00,URBAN SERVICES DISTRICT,SINGLE FAMILY,2015,147430.56405236755,157588.78939448006,-10158.225342112506,-0.13264210921809103
091 05 0 225.00,URBAN SERVICES DISTRICT,SINGLE FAMILY,2013,168855.0,142447.7757729745,26407.224227025494,0.35888156194654586
071 11 0 146.00,URBAN SERVICES DISTRICT,SINGLE FAMILY,2013,50000.0,161270.67960084957,-111270.67960084957,-1.4918258551679289
061 16 0 091.00,URBAN SERVICES DISTRICT,SINGLE FAMILY,2016,257215.8520376489,228602.65027280108,28613.20176484782,0.3885349694849102
081 16 0 165.00,URBAN SERVICES DISTRICT,SINGLE FAMILY,2016,393103.47198206716,353569.4534357324,39534.01854633476,0.5353358435286798
091 06 0 302.00,URBAN SERVICES DISTRICT,MOBILE HOME,2014,118084.44849959448,220679.28513880985,-102594.83663921537,-1.375202588308124
062 09 0 075.00,URBAN SERVICES DISTRICT,SINGLE FAMILY,2015,299775.48023981403,250943.07594727218,48832.40429254185,0.660327516042892
108 12 0 008.00,GENERAL SERVICES DISTRICT,ZERO LOT LINE,2014,78624.56195931333,85688.31213268956,-7063.750173376233,-0.09104525171496808
083 11 0 128.00,URBAN SERVICES DISTRICT,SINGLE FAMILY,2015,281002.65508381254,247302.3350131246,33700.32007068794,0.4569175299292316
072 13 0 178.00,URBAN SERVICES DISTRICT,SINGLE FAMILY,2014,175158.59860773184,162482.19930513614,12676.399302595702,0.17430772094361868
147 06 0 193.00,URBAN SERVICES DISTRICT,DUPLEX,2013,99900.0,156084.90965199732,-56184.909651997325,-0.751346517617457
084 01 0 035.00,URBAN SERVICES DISTRICT,SINGLE FAMILY,2015,263409.27444023005,250110.31753244344,13298.956907786604,0.18267632582119056
073 09 0 168.00,URBAN SERVICES DISTRICT,SINGLE FAMILY,2014,231150.3079379562,167625.54078700047,63524.76715095574,0.857826636533558
082 04 0 036.00,URBAN SERVICES DISTRICT,SINGLE FAMILY,2013,90000.0,181997.77549806822,-91997.77549806822,-1.232753734074727
061 07 0 054.00,URBAN SERVICES DISTRICT,SINGLE FAMILY,2014,185983.00638686132,253501.0382158856,-67518.03182902429,-0.903689723672587
103 06 0 003.00,URBAN SERVICES DISTRICT,SINGLE FAMILY,2015,280118.07169949834,307223.9404605414,-27105.868761043064,-0.3604573831725724
118 13 0 239.00,CITY OF OAK HILL,SINGLE FAMILY,2015,469812.0641135446,434957.54315908777,34854.52095445682,0.4724326422097155
146 15 0 044.00,URBAN SERVICES DISTRICT,SINGLE FAMILY,2014,270118.1759428224,265598.3904418466,4519.785500975791,0.0646640872050584
164 13 0 051.00,URBAN SERVICES DISTRICT,SINGLE FAMILY,2015,176818.38982013948,170414.06604066177,6404.323779477709,0.08999661241709243
142 02 0 142.00,GENERAL SERVICES DISTRICT,SINGLE FAMILY,2013,210000.0,204236.24958712203,5763.750412877969,0.08138583430520124
061 04 0 119.00,URBAN SERVICES DISTRICT,SINGLE FAMILY,2014,211567.97022844013,221044.0929119945,-9476.122683554364,-0.12347308198620295
071 15 0 419.00,URBAN SERVICES DISTRICT,SINGLE FAMILY,2016,367867.1997066752,276263.31714478886,91603.88256188633,1.2352744746557214
073 09 0 237.00,URBAN SERVICES DISTRICT,ZERO LOT LINE,2015,147430.56405236755,83388.9646012064,64041.59945116115,0.8647740503508856
050 07 0 007.00,GENERAL SERVICES DISTRICT,ZERO LOT LINE,2014,43789.64965193296,87507.11090734656,-43717.461255413604,-0.5837553604416761
059 05 0 298.00,URBAN SERVICES DISTRICT,SINGLE FAMILY,2015,132590.20347485624,118997.21116209423,13592.992312762013,0.18662883736990338
148 06 0 043.00,URBAN SERVICES DISTRICT,SINGLE FAMILY,2016,189272.04206543975,250351.4079209223,-61079.36585548255,-0.8171392566604383
025 15 0 016.00,CITY OF GOODLETTSVILLE,SINGLE FAMILY,2014,220424.30386590972,231038.82040447512,-10614.516538565396,-0.13877571147495826
086 09 0 023.00,GENERAL SERVICES DISTRICT,SINGLE FAMILY,2014,97419.67001216546,120409.9261664672,-22990.256154301736,-0.30513409188547863
095 08 0 075.00,URBAN SERVICES DISTRICT,SINGLE FAMILY,2015,93372.69056649944,119309.08711297349,-25936.396546474047,-0.34473698911196815
133 11 0 121.00,URBAN SERVICES DISTRICT,SINGLE FAMILY,2015,162173.6204576043,133472.3721724931,28701.248285111185,0.3897185170518912
072 04 0 100.00,URBAN SERVICES DISTRICT,VACANT RESIDENTIAL LAND,2014,39361.48283319816,117247.40481636663,-77885.92198316846,-1.043057993196007
044 11 0 084.00,GENERAL SERVICES DISTRICT,SINGLE FAMILY,2016,128996.17636152278,112991.39206238769,16004.784299135092,0.21904886406713
161 13 0 025.00,URBAN SERVICES DISTRICT,ZERO LOT LINE,2015,171904.03768506055,149595.63658985568,22308.40109520487,0.30378395978531253
091 10 0 456.00,URBAN SERVICES DISTRICT,SINGLE FAMILY,2013,95600.0,103429.22855059104,-7829.22855059104,-0.10133504020654277
148 03 0 116.00,URBAN SERVICES DISTRICT,SINGLE FAMILY,2016,87841.64003549896,140554.16522078917,-52712.525185290215,-0.7046696906979959
075 09 0 010.00,GENERAL SERVICES DISTRICT,SINGLE FAMILY,2015,110572.92303927566,111376.50783718082,-803.5847979051614,-0.00689424294284136
146 15 0 017.00,URBAN SERVICES DISTRICT,SINGLE FAMILY,2014,280450.56518653693,268391.64140642504,12058.923780111887,0.16600743093647188
083 10 0 155.00,URBAN SERVICES DISTRICT,SINGLE FAMILY,2013,310000.0,291333.36466038285,18666.635339617147,0.25483025909790336
042 07 0 115.00,GENERAL SERVICES DISTRICT,SINGLE FAMILY,2016,189272.04206543975,228681.5633012031,-39409.52123576336,-0.5258467467485267
091 12 0 317.00,URBAN SERVICES DISTRICT,SINGLE FAMILY,2015,334175.94518536644,328405.8016832326,5770.14350213384,0.08147177211639066
025 08 0 075.00,CITY OF GOODLETTSVILLE,SINGLE FAMILY,2014,162858.1352223574,177203.07675616944,-14344.94153381203,-0.18892119608607974
104 16 0 277.00,URBAN SERVICES DISTRICT,SINGLE FAMILY,2014,516619.46218572586,475566.5570994275,41052.90508629836,0.5557531690915406
041 07 0 060.00,GENERAL SERVICES DISTRICT,SINGLE FAMILY,2016,126181.36137695983,166987.67052946662,-40806.30915250679,-0.5446227862274889
051 14 0 035.00,URBAN SERVICES DISTRICT,SINGLE FAMILY,2016,216352.50346864882,192357.4245741665,23995.078894482314,0.32645678546478857
053 03 0 195.00,GENERAL SERVICES DISTRICT,SINGLE FAMILY,2016,198881.23804722363,152997.09495540694,45884.14309181669,0.6206961102757441
072 10 0 037.00,URBAN SERVICES DISTRICT,SINGLE FAMILY,2013,115000.0,132215.316726852,-17215.316726852005,-0.22750563492458659
072 09 0 125.00,URBAN SERVICES DISTRICT,SINGLE FAMILY,2016,101915.7149583137,341646.4842601991,-239730.76930188542,-3.218624667489497
132 16 0 030.00,URBAN SERVICES DISTRICT,SINGLE FAMILY,2015,186745.38113299888,193109.15206483286,-6363.770931833977,-0.08163592212662689
104 02 0 200.00,URBAN SERVICES DISTRICT,QUADPLEX,2013,515000.0,501042.2611296219,13957.738870378118,0.19153186930733782
042 13 0 022.00,GENERAL SERVICES DISTRICT,SINGLE FAMILY,2015,226551.63342713812,187983.3835948005,38568.249832337606,0.5223536926350535
090 08 0 030.00,URBAN SERVICES DISTRICT,SINGLE FAMILY,2013,128000.0,137641.14708858926,-9641.147088589263,-0.12569138922296055
115 07 0 068.00,URBAN SERVICES DISTRICT,SINGLE FAMILY,2013,323000.0,313922.85324772465,9077.146752275352,0.12592549543215356
092 07 0 117.00,URBAN SERVICES DISTRICT,SINGLE FAMILY,2013,45500.0,77921.16177946766,-32421.161779467657,-0.4319071361092053
145 04 0 038.00,CITY OF OAK HILL,SINGLE FAMILY,2014,895473.7344552582,660952.0846185666,234521.64983669168,3.156417697925588
096 09 0 009.00,URBAN SERVICES DISTRICT,SINGLE FAMILY,2015,157259.26832252537,163445.58902474484,-6186.320702219469,-0.07925058325244695
146 14 0 001.00,CITY OF OAK HILL,SINGLE FAMILY,2014,649464.4667477697,553848.9521770664,95615.51457070338,1.2892000277548845
018 07 0 163.00,CITY OF GOODLETTSVILLE,SINGLE FAMILY,2016,184321.85019603596,198303.41920965532,-13981.569013619359,-0.18403663436921258
148 06 0 122.00,URBAN SERVICES DISTRICT,SINGLE FAMILY,2015,103201.39483665729,107703.11480182676,-4501.719965169468,-0.056605678062484885
060 02 0 113.00,URBAN SERVICES DISTRICT,SINGLE FAMILY,2015,87475.46800440474,110292.28859578405,-22816.820591379306,-0.30280271935751474
146 04 0 078.00,URBAN SERVICES DISTRICT,SINGLE FAMILY,2014,244926.82692957556,224545.91021511058,20380.916714464984,0.27787414026723406
092 09 0 156.00,URBAN SERVICES DISTRICT,SINGLE FAMILY,2015,127773.15551205188,153485.41948207878,-25712.263970026906,-0.3417241322183428
044 15 0 336.00,GENERAL SERVICES DISTRICT,SINGLE FAMILY,2016,160153.2663630644,157321.81459284277,2831.45177022164,0.04196900200113454
119 01 0 380.00,URBAN SERVICES DISTRICT,SINGLE FAMILY,2013,94000.0,102171.88067038785,-8171.880670387851,-0.1059410721257298
083 10 0 149.00,URBAN SERVICES DISTRICT,SINGLE FAMILY,2013,359900.0,393975.61489145574,-34075.61489145574,-0.45414678793781293
075 06 0 007.00,GENERAL SERVICES DISTRICT,SINGLE FAMILY,2014,139930.07147201948,125807.75486674649,14122.316605272994,0.19374417227094654
061 15 0 128.00,URBAN SERVICES DISTRICT,SINGLE FAMILY,2013,92500.0,122452.7166358613,-29952.716635861303,-0.39872556078740307
072 07 0 180.00,URBAN SERVICES DISTRICT,SINGLE FAMILY,2014,142193.35673492835,151417.93845048442,-9224.581715556065,-0.12009179332448269
063 08 0 021.00,GENERAL SERVICES DISTRICT,SINGLE FAMILY,2016,126181.36137695983,144219.53487235392,-18038.17349539409,-0.23856672085357905
116 15 0 057.00,CITY OF BELLE MEADE,SINGLE FAMILY,2014,516619.46218572586,526513.7801218684,-9894.3179361425,-0.12909458721143158
117 15 0 092.00,URBAN SERVICES DISTRICT,SINGLE FAMILY,2014,595342.4278521222,454201.39580344915,141141.03204867308,1.9011676022306556
076 05 0 125.00,GENERAL SERVICES DISTRICT,SINGLE FAMILY,2015,92389.82013948367,122848.16231019271,-30458.342170709046,-0.4055223299247011
072 07 0 168.00,URBAN SERVICES DISTRICT,SINGLE FAMILY,2016,194125.171349169,233909.13155204768,-39783.96020287869,-0.5308800669431993
094 01 0 406.00,URBAN SERVICES DISTRICT,SINGLE FAMILY,2014,121528.57824749933,232153.63553474497,-110625.05728724564,-1.4831472076056067
052 03 0 180.00,GENERAL SERVICES DISTRICT,SINGLE FAMILY,2016,132975.74237418076,138059.79276173608,-5084.050387555326,-0.06443353715938312
084 08 0 072.00,URBAN SERVICES DISTRICT,SINGLE FAMILY,2015,219180.10522451976,193269.38559817197,25910.719626347796,0.35220739912478716
119 12 0 068.00,URBAN SERVICES DISTRICT,SINGLE FAMILY,2014,71342.68763517166,111371.62141351838,-40028.93377834672,-0.5341730747571659
158 03 0 040.00,CITY OF FOREST HILLS,SINGLE FAMILY,2014,285370.75054068665,467991.6427790402,-182620.89223835355,-2.4509366788336524
084 10 0 059.00,URBAN SERVICES DISTRICT,SINGLE FAMILY,2013,240000.0,233647.54247584828,6352.457524151716,0.08929941075465447
092 06 0 296.00,URBAN SERVICES DISTRICT,SINGLE FAMILY,2015,11794.445124189404,146307.94832805498,-134513.50320386558,-1.8042628173878308
133 02 0 198.00,URBAN SERVICES DISTRICT,SINGLE FAMILY,2014,133829.04163287376,122640.00190147539,11189.03973139837,0.1543141902912891
086 07 0 065.00,GENERAL SERVICES DISTRICT,SINGLE FAMILY,2016,102886.34081505956,125405.545959714,-22519.205144654436,-0.29880208382060125
026 07 0 175.00,CITY OF GOODLETTSVILLE,SINGLE FAMILY,2015,165122.23173865167,162259.28857691097,2862.9431617406954,0.04239231867170526
148 02 0 005.00,URBAN SERVICES DISTRICT,SINGLE FAMILY,2014,130778.52671330089,161876.98839405648,-31098.461680755587,-0.41412700716153567
050 04 0 019.00,GENERAL SERVICES DISTRICT,SINGLE FAMILY,2016,134916.99408767244,121604.7676159049,13312.226471767543,0.18285469925511574
053 03 0 096.00,GENERAL SERVICES DISTRICT,SINGLE FAMILY,2013,90000.0,101227.60281707378,-11227.602817073785,-0.14701699995640635
130 16 0 046.00,CITY OF FOREST HILLS,SINGLE FAMILY,2016,499193.84875024477,454064.7469643986,45129.10178584617,0.6105466200065255
133 07 0 301.00,URBAN SERVICES DISTRICT,ZERO LOT LINE,2015,68800.92989110485,78566.49792373893,-9765.56803263408,-0.12736389263553435
052 13 0 047.00,URBAN SERVICES DISTRICT,SINGLE FAMILY,2016,456194.1526705471,349444.7845241746,106749.3681463725,1.4388646058800596
053 03 0 265.00,GENERAL SERVICES DISTRICT,SINGLE FAMILY,2014,95943.61440592053,104308.12432761597,-8364.50992169544,-0.10853045193350098
147 02 0 135.00,URBAN SERVICES DISTRICT,SINGLE FAMILY,2015,270289.3674293405,231027.18156816563,39262.18586117486,0.5316817875570802
052 09 0 180.00,URBAN SERVICES DISTRICT,SINGLE FAMILY,2015,196574.08540315673,222532.39947801302,-25958.314074856287,-0.34503161106083613
082 08 0 244.00,URBAN SERVICES DISTRICT,SINGLE FAMILY,2015,216231.4939434724,145404.02997017524,70827.46397329716,0.9559916637331455
075 08 0 149.00,GENERAL SERVICES DISTRICT,SINGLE FAMILY,2013,137900.0,141320.0232050261,-3420.023205026111,-0.042065187821082095
108 03 0 153.00,GENERAL SERVICES DISTRICT,ZERO LOT LINE,2016,97547.89860295742,90849.85937640042,6698.039226556997,0.09394482299640455
118 02 0 025.00,URBAN SERVICES DISTRICT,SINGLE FAMILY,2015,402976.8750764713,350465.49768617394,52511.37739029736,0.7097813689130882
083 08 0 033.00,URBAN SERVICES DISTRICT,SINGLE FAMILY,2014,176142.63567856178,172645.6977093571,3496.9379692046787,0.050914665831003715
073 01 0 129.00,URBAN SERVICES DISTRICT,SINGLE FAMILY,2016,296429.136650181,277717.0339414739,18712.102708707098,0.2554414450244167
162 06 0 101.00,URBAN SERVICES DISTRICT,SINGLE FAMILY,2013,85000.0,110015.82106602115,-25015.821066021148,-0.33236233913314595
091 06 0 381.00,URBAN SERVICES DISTRICT,SINGLE FAMILY,2015,409856.96806558175,351051.01459477673,58805.95347080502,0.7943949366381675
033 08 0 144.00,CITY OF GOODLETTSVILLE,SINGLE FAMILY,2016,148020.44315374133,149915.5467066323,-1895.1035528909706,-0.021566763366287815
108 16 0 153.00,GENERAL SERVICES DISTRICT,ZERO LOT LINE,2015,118927.32166890982,118970.09428941434,-42.77262050451827,0.003332821100105695
129 08 0 040.00,URBAN SERVICES DISTRICT,SINGLE FAMILY,2013,309750.0,302204.9673740576,7545.032625942375,0.10533036071093321
118 09 0 238.00,URBAN SERVICES DISTRICT,ZERO LOT LINE,2015,222128.7165055671,224628.01671693905,-2499.3002113719413,-0.0296885549258432
091 13 0 054.00,URBAN SERVICES DISTRICT,SINGLE FAMILY,2016,169374.21200214993,150642.912064903,18731.29993724692,0.25569949989203805
061 16 0 284.00,URBAN SERVICES DISTRICT,DUPLEX,2015,206402.78967331458,191768.14570924107,14634.643964073504,0.20063102932324575
133 13 0 120.00,URBAN SERVICES DISTRICT,SINGLE FAMILY,2013,197000.0,171407.9150224021,25592.0849775979,0.34792421720963873
082 12 0 119.00,URBAN SERVICES DISTRICT,VACANT RESIDENTIAL LAND,2015,86001.16236388107,247410.902371843,-161409.74000796193,-2.165810048728887
086 07 0 009.00,GENERAL SERVICES DISTRICT,SINGLE FAMILY,2014,141209.3196640984,133452.95762106564,7756.362043032772,0.10817111372060019
115 09 0 006.00,URBAN SERVICES DISTRICT,SINGLE FAMILY,2013,368000.0,365870.11329614115,2129.8867038588505,0.03253835528291262
136 15 0 075.00,URBAN SERVICES DISTRICT,ZERO LOT LINE,2013,65000.0,82760.94580088445,-17760.945800884452,-0.2348401435583584
104 16 0 225.00,URBAN SERVICES DISTRICT,SINGLE FAMILY,2013,790000.0,588207.6847413856,201792.31525861437,2.7164602277959107
075 01 0 026.00,GENERAL SERVICES DISTRICT,DUPLEX,2015,104184.26526367306,119556.96823878775,-15372.702975114691,-0.20273667169661116
160 04 0 163.00,URBAN SERVICES DISTRICT,SINGLE FAMILY,2014,348349.1230738037,335687.1672689755,12661.955804828205,0.1741135671418525
061 16 0 076.00,URBAN SERVICES DISTRICT,SINGLE FAMILY,2014,108244.07779129494,125024.51348178588,-16780.435690490936,-0.22165983442081028
133 15 0 062.00,URBAN SERVICES DISTRICT,SINGLE FAMILY,2014,86595.26223303596,116338.5873946097,-29743.32516157374,-0.395910858182481
051 03 0 131.00,GENERAL SERVICES DISTRICT,SINGLE FAMILY,2013,99500.0,106021.09503593676,-6521.095035936756,-0.08375071962323835
083 02 0 184.00,URBAN SERVICES DISTRICT,SINGLE FAMILY,2016,11647.510280950139,173894.53605416103,-162247.0257732109,-2.177065093532067
081 07 0 387.00,URBAN SERVICES DISTRICT,SINGLE FAMILY,2016,165006.39564679362,144424.77100343723,20581.624643356394,0.2805721160668758
149 09 0 098.00,URBAN SERVICES DISTRICT,SINGLE FAMILY,2015,132687.50764713078,137957.90247332514,-5270.394826194359,-0.06693843464212258
150 01 0 036.00,URBAN SERVICES DISTRICT,SINGLE FAMILY,2014,125956.74506623411,125378.39869962173,578.3463666123862,0.011682087644757637
072 15 0 008.00,URBAN SERVICES DISTRICT,SINGLE FAMILY,2015,257020.61666462742,230461.4363031627,26559.180361464707,0.36092420159505684
061 06 0 114.00,URBAN SERVICES DISTRICT,SINGLE FAMILY,2014,121036.55971208434,130516.9213914564,-9480.361679372058,-0.1235300638313851
075 11 0 266.00,GENERAL SERVICES DISTRICT,ZERO LOT LINE,2013,74000.0,94149.30011421723,-20149.30011421723,-0.2669451140691557
108 16 0 304.00,GENERAL SERVICES DISTRICT,ZERO LOT LINE,2014,103422.29614422817,109442.17661853004,-6019.88047430187,-0.07701324410252479
072 14 0 178.00,URBAN SERVICES DISTRICT,SINGLE FAMILY,2013,196000.0,263013.7895641305,-67013.78956413048,-0.896911548862283
142 14 0 202.00,GENERAL SERVICES DISTRICT,ZERO LOT LINE,2016,116475.10280950139,119221.60770733841,-2746.504897837018,-0.033011553998797905
148 05 0 160.00,URBAN SERVICES DISTRICT,SINGLE FAMILY,2016,155300.1370793352,161657.40615493085,-6357.269075595657,-0.08154852223724221
144 06 0 022.00,CITY OF FOREST HILLS,SINGLE FAMILY,2016,701762.4944272458,599856.1645104651,101906.3299167807,1.373763042566893
106 14 0 111.00,URBAN SERVICES DISTRICT,SINGLE FAMILY,2014,84627.18809137605,106690.43817395429,-22063.250082578234,-0.2926729999822078
072 13 0 347.00,URBAN SERVICES DISTRICT,SINGLE FAMILY,2016,376602.8324173878,361770.761759553,14832.070657834818,0.20328489778232142
084 14 0 138.00,URBAN SERVICES DISTRICT,SINGLE FAMILY,2013,169000.0,169963.10169161423,-963.1016916142253,-0.00903851657088489
073 05 0 189.00,URBAN SERVICES DISTRICT,SINGLE FAMILY,2014,199759.52537848067,202127.75435700116,-2368.228978520492,-0.027926656349062266
069 06 0 005.00,URBAN SERVICES DISTRICT,SINGLE FAMILY,2013,122500.0,163815.80245653613,-41315.80245653613,-0.5514715470708854
050 00 0 015.00,GENERAL SERVICES DISTRICT,SINGLE FAMILY,2014,66176.49301331441,117170.90212714355,-50994.40911382914,-0.6815742623938876
145 05 0 028.00,CITY OF FOREST HILLS,SINGLE FAMILY,2013,757500.0,688908.4146441062,68591.58535589383,0.9259363169712622
073 01 0 198.00,URBAN SERVICES DISTRICT,SINGLE FAMILY,2014,129400.87481413897,221713.5646441108,-92312.68982997183,-1.2369869063820154
150 03 0 003.00,URBAN SERVICES DISTRICT,SINGLE FAMILY,2015,99761.34834210204,134440.905113474,-34679.556771371965,-0.46226515468796614
033 16 0 164.00,GENERAL SERVICES DISTRICT,SINGLE FAMILY,2014,59042.22424979724,150742.606712147,-91700.38246234978,-1.2287560882528499
146 12 0 108.00,URBAN SERVICES DISTRICT,SINGLE FAMILY,2015,232940.29120274071,252952.311346278,-20012.020143537287,-0.2650997557880167
133 14 0 025.00,URBAN SERVICES DISTRICT,SINGLE FAMILY,2014,150557.67183698298,235062.19432744777,-84504.52249046479,-1.1320271938390145
072 07 0 086.00,URBAN SERVICES DISTRICT,SINGLE FAMILY,2013,235000.0,272957.5667181934,-37957.56671819341,-0.5063291413792654
103 04 0 095.00,URBAN SERVICES DISTRICT,DUPLEX,2013,279000.0,368472.353887891,-89472.35388789099,-1.1988062641078732
118 13 0 094.00,URBAN SERVICES DISTRICT,SINGLE FAMILY,2015,342038.9086014927,330398.5408268096,11640.367774683109,0.16038107636403967
041 12 0 120.00,GENERAL SERVICES DISTRICT,SINGLE FAMILY,2016,198978.3006328982,117654.29680445058,81324.00382844762,1.0970892808805641
081 15 0 256.00,URBAN SERVICES DISTRICT,SINGLE FAMILY,2013,20000.0,83631.4568802977,-63631.4568802977,-0.8514452248474728
044 15 0 089.00,GENERAL SERVICES DISTRICT,SINGLE FAMILY,2014,98403.7070829954,95690.81913914894,2712.8879438464646,0.04037523170994579
043 06 0 300.00,GENERAL SERVICES DISTRICT,SINGLE FAMILY,2013,49000.0,98257.59758897385,-49257.59758897385,-0.6582275242332156
075 09 0 174.00,GENERAL SERVICES DISTRICT,SINGLE FAMILY,2016,174615.5916285775,174787.22499810264,-171.63336952513782,0.001600636505796796
081 02 0 144.00,URBAN SERVICES DISTRICT,SINGLE FAMILY,2015,56023.614339899665,90598.33186399369,-34574.71752409403,-0.4608558742795097
081 06 0 008.00,URBAN SERVICES DISTRICT,SINGLE FAMILY,2013,52500.0,79312.03545040954,-26812.035450409545,-0.35650758823623596
162 03 0 421.00,URBAN SERVICES DISTRICT,ZERO LOT LINE,2016,72796.93925593837,91264.32181982537,-18467.382563887004,-0.24433627707478442
032 15 0 014.00,GENERAL SERVICES DISTRICT,SINGLE FAMILY,2015,184779.64027896733,188442.44185557152,-3662.8015766041935,-0.04532868705009607
103 04 0 008.00,URBAN SERVICES DISTRICT,VACANT RESIDENTIAL LAND,2014,231248.7116450392,393001.0500003999,-161752.33835536067,-2.170415357823473
082 04 0 257.00,URBAN SERVICES DISTRICT,SINGLE FAMILY,2015,103201.39483665729,107388.99910683825,-4187.604270180964,-0.05238324127063715
162 01 0 024.00,URBAN SERVICES DISTRICT,DUPLEX,2015,108115.7469717362,186816.91156804113,-78701.16459630494,-1.0540167273786956
074 12 0 148.00,GENERAL SERVICES DISTRICT,SINGLE FAMILY,2014,103323.89243714517,106240.9194940918,-2917.027056946623,-0.0353037636843918
083 05 0 285.00,URBAN SERVICES DISTRICT,SINGLE FAMILY,2016,441634.7648193594,388043.69452939316,53591.07028996624,0.7242949226647575
119 06 0 176.00,URBAN SERVICES DISTRICT,SINGLE FAMILY,2014,118084.44849959448,115733.70584149996,2350.7426580945175,0.035507166844198815
084 16 0 194.00,URBAN SERVICES DISTRICT,SINGLE FAMILY,2013,223499.0,284525.7320227255,-61026.73202272551,-0.8164317369934015
103 06 0 194.00,URBAN SERVICES DISTRICT,SINGLE FAMILY,2013,292000.0,282999.24741081736,9000.752589182637,0.12489858232315752
103 08 0 023.00,URBAN SERVICES DISTRICT,SINGLE FAMILY,2015,323364.3704881928,292346.9806481478,31017.389840045013,0.4208527821418222
072 12 0 034.00,URBAN SERVICES DISTRICT,SINGLE FAMILY,2015,260460.66315918267,221244.40320149067,39216.259957692004,0.5310644378745947
129 12 0 009.00,URBAN SERVICES DISTRICT,SINGLE FAMILY,2014,263229.9164470127,284555.7113333726,-21325.794886359887,-0.2827599074416851
072 08 0 055.00,URBAN SERVICES DISTRICT,SINGLE FAMILY,2013,147500.0,156007.07172627083,-8507.071726270835,-0.11044681020007338
082 03 0 253.00,URBAN SERVICES DISTRICT,SINGLE FAMILY,2015,162173.6204576043,158216.0105218956,3957.6099357086932,0.05710715570455359
094 02 0 061.00,URBAN SERVICES DISTRICT,SINGLE FAMILY,2013,392000.0,299044.9885951395,92955.01140486047,1.2534367512567346
052 01 0 066.00,GENERAL SERVICES DISTRICT,SINGLE FAMILY,2014,59042.22424979724,83147.90569844103,-24105.681448643787,-0.32012797113611535
073 13 0 107.00,URBAN SERVICES DISTRICT,SINGLE FAMILY,2015,216231.4939434724,345316.1258402108,-129084.63189673843,-1.7312863112433063
150 06 0 109.00,URBAN SERVICES DISTRICT,SINGLE FAMILY,2015,93372.69056649944,132293.0818708291,-38920.39130432966,-0.5192717164287104
105 13 0 149.00,URBAN SERVICES DISTRICT,SINGLE FAMILY,2014,436322.03720600164,386913.0577674852,49408.97943851643,0.6680780109989531
083 01 0 117.00,URBAN SERVICES DISTRICT,SINGLE FAMILY,2015,235888.9024837881,158063.75713899807,77825.14534479001,1.0500565823348735
132 16 0 043.00,URBAN SERVICES DISTRICT,SINGLE FAMILY,2014,251426.39178240742,221138.38484965605,30288.006932751363,0.4110481997149101
092 13 0 387.00,URBAN SERVICES DISTRICT,SINGLE FAMILY,2014,201727.5995201406,206455.71422117247,-4728.114701031882,-0.05964894357718986
091 06 0 068.00,URBAN SERVICES DISTRICT,SINGLE FAMILY,2013,96000.0,108789.574887138,-12789.574887138006,-0.16801349405619684
104 15 0 477.00,URBAN SERVICES DISTRICT,SINGLE FAMILY,2014,649464.4667477697,566305.2172487,83159.24949906976,1.1217592001661885
072 14 0 048.00,URBAN SERVICES DISTRICT,SINGLE FAMILY,2015,676214.8537868592,448347.37169439544,227867.48209246376,3.066970391883199
115 11 0 050.00,URBAN SERVICES DISTRICT,SINGLE FAMILY,2013,345000.0,426665.3485308817,-81665.34853088169,-1.0938621712799272
160 15 0 018.00,URBAN SERVICES DISTRICT,SINGLE FAMILY,2013,323000.0,317304.6617006367,5695.338299363328,0.08046621828562331
083 07 0 118.00,URBAN SERVICES DISTRICT,SINGLE FAMILY,2016,252362.72275391966,250235.7911046519,2126.931649267761,0.03249863255836748
161 03 0 007.00,URBAN SERVICES DISTRICT,SINGLE FAMILY,2014,215012.09997634497,214815.4230248925,196.67695145247853,0.006551573612489437
061 16 0 164.00,URBAN SERVICES DISTRICT,SINGLE FAMILY,2014,204679.71073263045,162225.61249295902,42454.09823967144,0.5745884250742261
053 16 0 268.00,GENERAL SERVICES DISTRICT,SINGLE FAMILY,2014,135797.11577453365,132573.6708797722,3223.4448947614583,0.047238290411791166
117 16 0 115.00,URBAN SERVICES DISTRICT,SINGLE FAMILY,2014,376886.1981278724,330762.5287796823,46123.66934819013,0.6239158936029089
147 15 0 100.00,URBAN SERVICES DISTRICT,SINGLE FAMILY,2015,201095.28936742933,189577.17152433688,11518.117843092448,0.15873775634792853
136 07 0 003.00,URBAN SERVICES DISTRICT,SINGLE FAMILY,2015,162173.6204576043,174250.7021631191,-12077.081705514807,-0.15843594835560224
072 07 0 310.00,URBAN SERVICES DISTRICT,SINGLE FAMILY,2014,137666.78620911058,129164.54516254338,8502.2410465672,0.11819744158971782
146 07 0 003.00,CITY OF OAK HILL,SINGLE FAMILY,2013,273000.0,382438.8983205441,-109438.8983205441,-1.4672025052494766
142 10 0 116.00,GENERAL SERVICES DISTRICT,SINGLE FAMILY,2013,176800.0,179708.89176705256,-2908.891767052555,-0.03519440669297399
083 15 0 158.00,URBAN SERVICES DISTRICT,SINGLE FAMILY,2014,181062.82103271154,184302.10636891058,-3239.285336199042,-0.03963565552075086
096 05 0 135.00,URBAN SERVICES DISTRICT,SINGLE FAMILY,2014,113164.26314544471,113137.7536900616,26.509455383114982,0.004264131413187106
103 08 0 143.00,URBAN SERVICES DISTRICT,SINGLE FAMILY,2015,664420.4086626697,546981.5409402741,117438.86772239557,1.5825560451056366
134 13 0 056.00,URBAN SERVICES DISTRICT,SINGLE FAMILY,2016,145571.5541171716,127190.87152691041,18380.682590261174,0.25098639701500153
104 14 0 148.00,URBAN SERVICES DISTRICT,DUPLEX,2015,407891.2272115502,389719.73447580857,18171.49273574166,0.24817440464309282
173 01 0 211.00,URBAN SERVICES DISTRICT,ZERO LOT LINE,2014,83643.1510205461,87419.82063003129,-3776.669609485194,-0.04685933508559032
147 06 0 189.00,URBAN SERVICES DISTRICT,SINGLE FAMILY,2014,175158.59860773184,233192.55015887276,-58033.951551140926,-0.7762018899187285
149 03 0 045.00,URBAN SERVICES DISTRICT,SINGLE FAMILY,2015,161190.7500305885,148026.8101066211,13163.93992396741,0.1808613872838999
072 09 0 211.00,URBAN SERVICES DISTRICT,SINGLE FAMILY,2016,149961.69486723305,169475.657808698,-19513.96294146494,-0.25840472243557
146 07 0 077.00,URBAN SERVICES DISTRICT,SINGLE FAMILY,2014,301115.34367396595,280826.83237194555,20288.5113020204,0.27663199917241815
081 15 0 099.00,URBAN SERVICES DISTRICT,SINGLE FAMILY,2015,91406.94971246787,109106.07098690509,-17699.121274437217,-0.23400907984752115
053 03 0 310.00,GENERAL SERVICES DISTRICT,SINGLE FAMILY,2016,106768.84424204293,117503.6360023239,-10734.791760280961,-0.14039248685238098
132 01 0 178.00,URBAN SERVICES DISTRICT,SINGLE FAMILY,2014,383282.4390882671,342435.8802786243,40846.5588096428,0.5529794009407861
081 07 0 396.00,URBAN SERVICES DISTRICT,SINGLE FAMILY,2016,82503.19782339681,144971.1658707878,-62467.968047391,-0.8358052611864751
150 11 0 107.00,URBAN SERVICES DISTRICT,SINGLE FAMILY,2014,144653.44941200325,137302.60423619192,7350.845175811322,0.10272003513016763
103 10 0 119.00,URBAN SERVICES DISTRICT,SINGLE FAMILY,2014,312431.7699885104,308463.7735980331,3967.9963904772885,0.05724677352515751
147 15 0 136.00,URBAN SERVICES DISTRICT,DUPLEX,2015,162173.6204576043,223768.42038554882,-61594.79992794452,-0.8240678750837074
058 11 0 225.00,URBAN SERVICES DISTRICT,ZERO LOT LINE,2016,60178.80311824238,96307.13767773767,-36128.33455949529,-0.4817400575132057
161 06 0 071.00,URBAN SERVICES DISTRICT,SINGLE FAMILY,2016,245568.34175669876,217534.13073431363,28034.211022385134,0.3807520033609056
084 05 0 083.00,URBAN SERVICES DISTRICT,SINGLE FAMILY,2015,272255.1082833721,263951.7906510641,8303.317632307997,0.11552345376762325
041 10 0 016.00,GENERAL SERVICES DISTRICT,SINGLE FAMILY,2013,127500.0,128062.51403485189,-562.5140348518908,-0.0036536978965577335
118 09 0 236.00,URBAN SERVICES DISTRICT,SINGLE FAMILY,2015,688009.2989110486,611449.7737291758,76559.52518187277,1.033043738896402
034 09 0 050.00,CITY OF GOODLETTSVILLE,SINGLE FAMILY,2015,127773.15551205188,143679.7438705479,-15906.58835849604,-0.20991331814053252
150 02 0 373.00,URBAN SERVICES DISTRICT,ZERO LOT LINE,2014,50677.909147742634,78075.05282946274,-27397.14368172011,-0.36437278746860513
061 07 0 135.00,URBAN SERVICES DISTRICT,SINGLE FAMILY,2015,230974.55034870916,180275.86056053155,50698.68978817761,0.685414681907535
042 08 0 093.00,GENERAL SERVICES DISTRICT,SINGLE FAMILY,2015,157259.26832252537,153135.9216663485,4123.346656176873,0.05933503809766558
131 08 0 049.00,URBAN SERVICES DISTRICT,SINGLE FAMILY,2014,575661.6864355231,455029.1049430538,120632.5814924693,1.6254868974652537
119 13 0 295.00,URBAN SERVICES DISTRICT,SINGLE FAMILY,2015,172002.32472776214,165523.43683635673,6478.887891405408,0.09099892543289538
149 04 0 073.00,URBAN SERVICES DISTRICT,SINGLE FAMILY,2013,77500.0,146882.25961425493,-69382.25961425493,-0.9287492291806794
094 05 0 010.00,URBAN SERVICES DISTRICT,SINGLE FAMILY,2015,397691.9807904074,290438.83230596164,107253.14848444576,1.4456365713323682
090 12 0 287.00,URBAN SERVICES DISTRICT,SINGLE FAMILY,2015,152344.91618744648,121740.83046937063,30604.085718075847,0.4152970249521383
160 12 0 162.00,URBAN SERVICES DISTRICT,SINGLE FAMILY,2014,349234.7564375507,306395.94862022565,42838.807817325054,0.5797598058768322
076 05 0 145.00,GENERAL SERVICES DISTRICT,SINGLE FAMILY,2015,148413.43447938334,134528.52284223662,13884.911637146724,0.1905529039326342
120 02 0 116.00,URBAN SERVICES DISTRICT,SINGLE FAMILY,2013,63000.0,98826.58008433976,-35826.58008433976,-0.4776837839225211
063 02 0 125.00,GENERAL SERVICES DISTRICT,SINGLE FAMILY,2016,194998.73462024023,224592.16387627696,-29593.429256036732,-0.39389591274490915
072 12 0 022.00,URBAN SERVICES DISTRICT,SINGLE FAMILY,2013,69900.0,193136.0978651488,-123236.0978651488,-1.6526685736792495
147 09 0 076.00,URBAN SERVICES DISTRICT,SINGLE FAMILY,2016,359131.56699596264,331302.3805720806,27829.186423882027,0.3779960016017926
131 01 0 001.00,URBAN SERVICES DISTRICT,SINGLE FAMILY,2016,538697.3504939439,434283.63725388277,104413.71324006113,1.4074680365051047
092 13 0 399.00,URBAN SERVICES DISTRICT,SINGLE FAMILY,2015,599550.9604796281,517709.2734340705,81841.68704555754,1.1040481329765317
103 04 0 105.00,URBAN SERVICES DISTRICT,SINGLE FAMILY,2016,339719.0498610457,396642.94209095597,-56923.89222991024,-0.7612801416779427
090 15 0 072.00,URBAN SERVICES DISTRICT,SINGLE FAMILY,2015,207385.66010033034,207481.79333728168,-96.13323695134022,0.002615531790098496
033 12 0 027.00,CITY OF GOODLETTSVILLE,SINGLE FAMILY,2013,112000.0,110045.7772534165,1954.2227465835022,0.030177028013900663
085 07 0 105.00,URBAN SERVICES DISTRICT,SINGLE FAMILY,2014,136289.13430994863,150920.0480519202,-14630.91374197157,-0.19276531974001868
091 11 0 110.00,URBAN SERVICES DISTRICT,SINGLE FAMILY,2015,287539.7262938945,270634.04340990144,16905.682883993082,0.2311590113508152
072 07 0 381.00,URBAN SERVICES DISTRICT,SINGLE FAMILY,2016,407565.79724758025,386240.4028540557,21325.394393524562,0.29057009072359713
072 07 0 082.00,URBAN SERVICES DISTRICT,SINGLE FAMILY,2014,302000.9770377129,273514.1402747287,28486.836762984167,0.38683633346772384
120 05 0 183.00,URBAN SERVICES DISTRICT,SINGLE FAMILY,2015,127773.15551205188,177723.90235437403,-49950.74684232216,-0.6675450430846274
083 02 0 160.00,URBAN SERVICES DISTRICT,SINGLE FAMILY,2014,324732.23337388487,330874.76977946085,-6142.536405575986,-0.07866202168738608
051 08 0 124.00,GENERAL SERVICES DISTRICT,SINGLE FAMILY,2014,110212.15193295486,145845.61010272146,-35633.4581697666,-0.4750877815882995
071 15 0 194.00,URBAN SERVICES DISTRICT,SINGLE FAMILY,2015,309604.1845099718,268811.4240012303,40792.76050874154,0.5522562281458939
119 06 0 251.00,URBAN SERVICES DISTRICT,SINGLE FAMILY,2013,45000.0,118104.0903093598,-73104.0903093598,-0.978779186647829
095 02 0 052.00,URBAN SERVICES DISTRICT,SINGLE FAMILY,2014,123004.63385374426,133988.58368516635,-10983.949831422084,-0.14374174390434266
034 13 0 195.00,GENERAL SERVICES DISTRICT,SINGLE FAMILY,2013,30000.0,77677.7390342811,-47677.7390342811,-0.6369905946761166
091 13 0 189.00,URBAN SERVICES DISTRICT,SINGLE FAMILY,2014,162366.11668694243,162554.40316918577,-188.286482243333,0.001376780401304252
044 15 0 384.00,GENERAL SERVICES DISTRICT,SINGLE FAMILY,2016,100945.08910156786,133834.49653739712,-32889.40743582926,-0.4382014337791019
105 02 0 504.00,URBAN SERVICES DISTRICT,SINGLE FAMILY,2013,160000.0,143864.86736266947,16135.132637330535,0.2208010452784916
083 05 0 297.00,URBAN SERVICES DISTRICT,SINGLE FAMILY,2014,431008.2370235199,456924.6097932937,-25916.37276977382,-0.3444678235376282
061 07 0 253.00,URBAN SERVICES DISTRICT,SINGLE FAMILY,2013,244500.0,243409.77932889466,1090.220671105344,0.018562854606025306
094 01 0 325.00,URBAN SERVICES DISTRICT,SINGLE FAMILY,2015,125807.41465802031,383125.0982139084,-257317.68355588807,-3.4550332105388657
160 04 0 128.00,URBAN SERVICES DISTRICT,SINGLE FAMILY,2014,383774.4576236821,375863.41050071217,7911.047122969932,0.11025043666783617
103 12 0 164.01,URBAN SERVICES DISTRICT,SINGLE FAMILY,2013,695000.0,578094.5167062625,116905.48329373752,1.5753861326444116
145 05 0 010.00,CITY OF FOREST HILLS,SINGLE FAMILY,2013,554000.0,493475.37837800075,60524.62162199925,0.817497786162592
116 08 0 162.00,URBAN SERVICES DISTRICT,SINGLE FAMILY,2015,591687.9970635017,700500.1162658049,-108812.11920230312,-1.4587771535352954
050 11 0 115.00,GENERAL SERVICES DISTRICT,SINGLE FAMILY,2016,121328.23209323062,126659.13958116199,-5330.90748793137,-0.06775186387653363
071 16 0 204.00,URBAN SERVICES DISTRICT,SINGLE FAMILY,2015,355799.09457971365,317403.5736636778,38395.520916035865,0.5200318190615756
104 05 0 339.00,URBAN SERVICES DISTRICT,SINGLE FAMILY,2014,682921.7271559881,577957.7132100059,104964.01394598221,1.414865342607068
064 01 0 011.00,GENERAL SERVICES DISTRICT,SINGLE FAMILY,2015,255546.31102410375,300151.8468090572,-44605.53578495348,-0.5956931229516623
096 11 0 220.00,URBAN SERVICES DISTRICT,SINGLE FAMILY,2015,137599.89404135567,121201.88261956447,16398.011421791205,0.22433474024824968
096 09 0 008.00,URBAN SERVICES DISTRICT,SINGLE FAMILY,2013,119900.0,124715.22518220372,-4815.2251822037215,-0.06081990862772322
083 01 0 443.00,URBAN SERVICES DISTRICT,ZERO LOT LINE,2015,100252.78355560993,128467.45566942259,-28214.67211381266,-0.3753622483109724
142 10 0 117.00,GENERAL SERVICES DISTRICT,SINGLE FAMILY,2014,201727.5995201406,164608.92787521638,37118.67164492421,0.5028680306040039
146 11 0 105.00,URBAN SERVICES DISTRICT,SINGLE FAMILY,2013,269900.0,259417.05678399737,10482.943216002634,0.14482263048460212
083 04 0 111.00,URBAN SERVICES DISTRICT,SINGLE FAMILY,2013,129000.0,153838.3917441321,-24838.391744132095,-0.32997728130684295
095 12 0 022.00,URBAN SERVICES DISTRICT,SINGLE FAMILY,2015,114995.83996084669,203393.60636841058,-88397.76640756389,-1.1843613389246277
114 14 0 031.00,GENERAL SERVICES DISTRICT,DUPLEX,2016,273716.49160232826,204296.22417735672,69420.26742497153,0.9370757083262413
083 14 0 008.00,URBAN SERVICES DISTRICT,SINGLE FAMILY,2013,270000.0,394648.19897316245,-124648.19897316245,-1.671650457639247
103 04 0 476.00,URBAN SERVICES DISTRICT,SINGLE FAMILY,2015,677197.7242138749,593180.765553396,84016.95866047894,1.133288782347593
116 08 0 184.00,URBAN SERVICES DISTRICT,VACANT RESIDENTIAL LAND,2014,246009.26770748853,413816.00840622507,-167806.74069873654,-2.2518004385920567
150 11 0 136.00,URBAN SERVICES DISTRICT,SINGLE FAMILY,2015,132687.50764713078,125900.93154235621,6786.576104774576,0.09513496210115362
131 12 0 127.00,URBAN SERVICES DISTRICT,ZERO LOT LINE,2015,259477.79273216688,240990.75703285213,18487.035699314758,0.2524160272046413
168 07 0 005.00,GENERAL SERVICES DISTRICT,SINGLE FAMILY,2016,270319.3011037178,313422.36464665324,-43103.063542935415,-0.5754964432739429
043 09 0 114.00,GENERAL SERVICES DISTRICT,DUPLEX,2015,146447.69362535176,129066.84759071298,17380.846034638787,0.23754629604058577
150 03 0 330.00,URBAN SERVICES DISTRICT,ZERO LOT LINE,2014,73753.57845870506,79656.49715370231,-5902.91869499725,-0.07544100900553648
094 01 0 463.00,URBAN SERVICES DISTRICT,SINGLE FAMILY,2015,132687.50764713078,349694.01554566796,-217006.50789853718,-2.9131583729110795
073 01 0 127.00,URBAN SERVICES DISTRICT,SINGLE FAMILY,2016,250906.7839688009,212644.82316669723,38261.960802103684,0.5182364642035152
094 02 0 075.00,URBAN SERVICES DISTRICT,SINGLE FAMILY,2014,256735.27177953502,200422.87359223,56312.39818730502,0.7608758233320273
052 06 0 124.00,GENERAL SERVICES DISTRICT,SINGLE FAMILY,2015,181732.7419552184,202267.12148195156,-20534.37952673316,-0.2721214663022075
092 06 0 563.00,URBAN SERVICES DISTRICT,SINGLE FAMILY,2014,45757.723793592864,96513.74068196895,-50756.016888376085,-0.6783697230483441
142 11 0 120.00,GENERAL SERVICES DISTRICT,SINGLE FAMILY,2016,225767.57427908352,177902.12060823553,47865.453670847986,0.6473294775937479
071 15 0 531.00,URBAN SERVICES DISTRICT,SINGLE FAMILY,2015,297809.73938578245,250670.68902586697,47139.050359915476,0.6375649477891685
148 14 0 171.00,URBAN SERVICES DISTRICT,SINGLE FAMILY,2015,87033.17631224764,120268.66836853676,-33235.49205628912,-0.4428536063952326
080 08 0 147.00,URBAN SERVICES DISTRICT,SINGLE FAMILY,2014,29521.11212489862,87263.38596025045,-57742.273835351836,-0.7722810711307497
052 09 0 078.00,GENERAL SERVICES DISTRICT,SINGLE FAMILY,2013,70000.0,91788.5964141508,-21788.5964141508,-0.2889810235127532
136 16 0 015.00,URBAN SERVICES DISTRICT,ZERO LOT LINE,2014,47036.97198567181,84699.7021144535,-37662.73012878169,-0.5023658600705727
060 03 0 183.00,URBAN SERVICES DISTRICT,ZERO LOT LINE,2015,44229.169215710266,77442.52040904401,-33213.35119333374,-0.4425559823164693
147 02 0 086.00,URBAN SERVICES DISTRICT,SINGLE FAMILY,2013,229000.0,221320.81468872912,7679.185311270878,0.10713368109031436
133 12 0 294.00,URBAN SERVICES DISTRICT,SINGLE FAMILY,2015,129738.89636608344,151523.34300413833,-21784.446638054884,-0.2889252409856624
052 02 0 245.00,GENERAL SERVICES DISTRICT,SINGLE FAMILY,2016,107836.53268446337,155732.01767823755,-47895.48499377418,-0.6399176007611626
118 01 0 011.00,URBAN SERVICES DISTRICT,SINGLE FAMILY,2015,460966.2302704025,585327.2341068565,-124361.00383645401,-1.6677898950152692
073 05 0 193.00,URBAN SERVICES DISTRICT,SINGLE FAMILY,2015,239328.9489783433,224215.39254115417,15113.556437189138,0.20706871352311434
083 13 0 099.00,URBAN SERVICES DISTRICT,SINGLE FAMILY,2013,296000.0,279729.8258029943,16270.17419700569,0.22261631417176272
147 09 0 056.00,URBAN SERVICES DISTRICT,SINGLE FAMILY,2016,297011.51216422854,265406.3404801557,31605.17168407282,0.4287539208731866
130 01 0 184.00,URBAN SERVICES DISTRICT,SINGLE FAMILY,2016,878416.4003549897,663625.5621880282,214790.83816696145,2.891190246841565
119 16 0 093.00,URBAN SERVICES DISTRICT,SINGLE FAMILY,2015,257806.91300624004,214982.22213295582,42824.69087328421,0.5795700417075866
148 14 0 293.00,URBAN SERVICES DISTRICT,ZERO LOT LINE,2016,38825.0342698338,81309.1959136779,-42484.161643844105,-0.5671769794873174
150 11 0 273.00,URBAN SERVICES DISTRICT,SINGLE FAMILY,2016,185389.53863845638,170976.69004535125,14412.848593105125,0.19764958984225237
162 06 0 262.00,URBAN SERVICES DISTRICT,SINGLE FAMILY,2016,130063.86480394322,144434.27678668857,-14370.411982745354,-0.18926357745191658
082 12 0 112.00,URBAN SERVICES DISTRICT,SINGLE FAMILY,2016,284393.37602653255,199216.3181940096,85177.05783252296,1.1488831811770117
071 14 0 012.00,URBAN SERVICES DISTRICT,SINGLE FAMILY,2014,49103.44983441471,80638.40864299555,-31534.958808580843,-0.4199945316484375
071 12 0 224.00,URBAN SERVICES DISTRICT,SINGLE FAMILY,2013,12000.0,177520.0834321601,-165520.0834321601,-2.221062510093796
115 03 0 093.00,URBAN SERVICES DISTRICT,SINGLE FAMILY,2015,368576.41013091884,326935.0274248453,41641.38270607352,0.5636636606478717
075 08 0 255.00,GENERAL SERVICES DISTRICT,DUPLEX,2013,250000.0,122754.89526420983,127245.10473579017,1.7143744057146209
090 15 0 089.00,URBAN SERVICES DISTRICT,SINGLE FAMILY,2015,208368.53052734613,196209.35904871626,12159.171478629869,0.16735499037802057
043 15 0 186.00,GENERAL SERVICES DISTRICT,SINGLE FAMILY,2014,55106.07596647743,133255.79797969878,-78149.72201322136,-1.0466040718235858
090 16 0 089.00,URBAN SERVICES DISTRICT,SINGLE FAMILY,2016,201404.86527476282,199207.50621640106,2197.3590583617624,0.03344533878176681
061 02 0 132.00,URBAN SERVICES DISTRICT,SINGLE FAMILY,2014,168270.33911192213,153821.19791936866,14449.141192553478,0.1981374457807725
082 07 0 052.00,URBAN SERVICES DISTRICT,TRIPLEX,2015,353833.35372568213,203470.11568794565,150363.23803773648,2.0251352437445407
082 09 0 272.00,URBAN SERVICES DISTRICT,SINGLE FAMILY,2016,594508.33725683,298862.4980289614,295645.83922786854,3.97806726932513
081 07 0 469.00,URBAN SERVICES DISTRICT,SINGLE FAMILY,2016,123269.4838067223,158779.3945924444,-35509.91078572211,-0.4734270208296081
103 07 0 067.00,URBAN SERVICES DISTRICT,SINGLE FAMILY,2014,200251.54391389564,168477.62042866496,31773.923485230684,0.43102233287955133
162 06 0 324.00,URBAN SERVICES DISTRICT,SINGLE FAMILY,2014,55106.07596647743,103989.43542959057,-48883.359463113135,-0.6531969038065468
061 10 0 162.00,URBAN SERVICES DISTRICT,SINGLE FAMILY,2016,131034.49066068906,155902.51603195458,-24868.025371265525,-0.33037562535484943
042 08 0 152.00,GENERAL SERVICES DISTRICT,SINGLE FAMILY,2015,98287.04270157836,130303.0406350451,-32015.99793346673,-0.4264608029352343
147 02 0 123.00,URBAN SERVICES DISTRICT,SINGLE FAMILY,2015,230974.55034870916,230610.4023163555,364.1480323536671,0.008802769795454968
092 13 0 458.00,URBAN SERVICES DISTRICT,SINGLE FAMILY,2014,108244.07779129494,207265.4771226036,-99021.39933130865,-1.327167378979221
081 07 0 097.00,URBAN SERVICES DISTRICT,SINGLE FAMILY,2015,72240.97638566009,104855.97846029696,-32615.00207463687,-0.4345127951295069
082 07 0 461.00,URBAN SERVICES DISTRICT,SINGLE FAMILY,2016,286819.9406683972,243734.76267246614,43085.17799593104,0.5830715872464262
104 05 0 035.00,URBAN SERVICES DISTRICT,SINGLE FAMILY,2013,633305.0,465285.9171937767,168019.0828062233,2.262470371313825
150 11 0 204.00,URBAN SERVICES DISTRICT,SINGLE FAMILY,2015,123841.67380398874,129293.49542001993,-5451.821616031186,-0.06937722762399469
133 01 0 068.00,URBAN SERVICES DISTRICT,SINGLE FAMILY,2014,59042.22424979724,110715.35173669252,-51673.12748689528,-0.6906977970515316
081 16 0 666.00,URBAN SERVICES DISTRICT,SINGLE FAMILY,2014,200251.54391389564,204809.8656427905,-4558.321728894865,-0.057366535840210175
149 06 0 028.00,URBAN SERVICES DISTRICT,SINGLE FAMILY,2016,139770.12337140166,172766.15405882278,-32996.030687421124,-0.4396346953052553
132 01 0 119.00,CITY OF OAK HILL,SINGLE FAMILY,2015,475709.2866756393,414466.8102547197,61242.476420919586,0.8271474043208843
091 12 0 053.00,URBAN SERVICES DISTRICT,SINGLE FAMILY,2016,274201.8045307012,214048.068474552,60153.73605614918,0.8125122318467916
118 01 0 400.00,URBAN SERVICES DISTRICT,SINGLE FAMILY,2014,403455.1990402812,362933.9967160362,40521.20232424495,0.5486058620940233
091 15 0 287.00,URBAN SERVICES DISTRICT,SINGLE FAMILY,2016,291187.7570237535,334725.4267673918,-43537.66974363831,-0.5813385493548894
082 04 0 122.00,URBAN SERVICES DISTRICT,SINGLE FAMILY,2014,64454.42813936199,118907.08911333121,-54452.66097396922,-0.728061114603758
083 02 0 119.00,URBAN SERVICES DISTRICT,SINGLE FAMILY,2015,491336.92646519025,382548.37585552497,108788.55060966528,1.4662759043145848
075 04 0 093.00,GENERAL SERVICES DISTRICT,SINGLE FAMILY,2014,125956.74506623411,181708.105782153,-55751.36071591888,-0.7455186236027022
091 11 0 120.00,URBAN SERVICES DISTRICT,SINGLE FAMILY,2016,404317.11250505195,338060.7979663478,66256.31453870417,0.8945449106367561
129 05 0 002.00,URBAN SERVICES DISTRICT,SINGLE FAMILY,2015,421651.4131897712,414941.6837385515,6709.729451219668,0.09410196648050341
061 15 0 380.00,URBAN SERVICES DISTRICT,SINGLE FAMILY,2015,304689.83237489295,250291.93941974977,54397.89295514318,0.7351404733974721
082 12 0 063.00,URBAN SERVICES DISTRICT,SINGLE FAMILY,2015,172002.32472776214,249344.24354433498,-77341.91881657284,-1.0357453404945902
075 09 0 193.00,GENERAL SERVICES DISTRICT,SINGLE FAMILY,2013,139500.0,129425.17933643068,10074.82066356932,0.13933652549694686
042 11 0 079.00,GENERAL SERVICES DISTRICT,SINGLE FAMILY,2015,250533.67184632324,199642.51028026093,50891.16156606231,0.6880019449106219
091 07 0 414.00,URBAN SERVICES DISTRICT,SINGLE FAMILY,2016,393006.4093963926,329787.33566879405,63219.07372759853,0.8537174144271725
129 07 0 024.00,URBAN SERVICES DISTRICT,SINGLE FAMILY,2013,240000.0,482194.07100907766,-242194.07100907766,-3.2517371032060587
091 06 0 236.00,URBAN SERVICES DISTRICT,SINGLE FAMILY,2014,236070.49329210597,237290.06073922434,-1219.5674471183738,-0.01248600569405453
103 08 0 300.00,URBAN SERVICES DISTRICT,SINGLE FAMILY,2015,733600.7265386027,547886.0707178586,185714.6558207441,2.5003395378070015
118 10 0 161.00,URBAN SERVICES DISTRICT,SINGLE FAMILY,2013,345000.0,344413.5655998635,586.4344001365243,0.011790809401966454
082 05 0 040.00,URBAN SERVICES DISTRICT,SINGLE FAMILY,2014,344412.97479048395,268953.2832999092,75459.69149057474,1.0182594466208428
115 10 0 043.00,URBAN SERVICES DISTRICT,SINGLE FAMILY,2016,407662.8598332548,402960.6832843282,4702.176548926625,0.06711584203188885
061 14 0 163.00,URBAN SERVICES DISTRICT,SINGLE FAMILY,2015,191659.7332680778,171684.53723057837,19975.196037499438,0.2724203220054774
094 02 0 191.00,URBAN SERVICES DISTRICT,VACANT RESIDENTIAL LAND,2015,137601.8597822097,234878.45981614673,-97276.60003393702,-1.3037132667996891
133 12 0 327.00,URBAN SERVICES DISTRICT,SINGLE FAMILY,2014,98403.7070829954,174525.2049410781,-76121.49785808269,-1.0193400782333095
082 08 0 294.00,URBAN SERVICES DISTRICT,SINGLE FAMILY,2014,216488.15558258988,238014.29923166672,-21526.14364907684,-0.2854530552225631
032 09 0 021.00,GENERAL SERVICES DISTRICT,SINGLE FAMILY,2015,155293.52746849382,137360.08436493526,17933.44310355856,0.24497447053839128
083 06 0 338.00,URBAN SERVICES DISTRICT,SINGLE FAMILY,2014,362125.6420654231,357270.8306707647,4854.811394658347,0.06916760511987848
051 04 0 046.00,GENERAL SERVICES DISTRICT,SINGLE FAMILY,2014,54122.03889564747,105678.86320709831,-51556.824311450844,-0.6891344151039237
090 15 0 057.00,URBAN SERVICES DISTRICT,SINGLE FAMILY,2014,170238.41325358205,182818.4522205685,-12580.038966986438,-0.16519684976691984
082 07 0 219.00,URBAN SERVICES DISTRICT,VACANT RESIDENTIAL LAND,2013,21000.0,201369.56671621423,-180369.56671621423,-2.4206736901744748
103 12 0 007.00,URBAN SERVICES DISTRICT,SINGLE FAMILY,2014,565821.3157272236,545353.1044069864,20468.211320237257,0.27904758037552335
156 00 0 017.00,GENERAL SERVICES DISTRICT,SINGLE FAMILY,2014,248469.3603845634,250666.30488230247,-2196.9444977390813,-0.025624199308351733
108 15 0 003.00,GENERAL SERVICES DISTRICT,ZERO LOT LINE,2014,108244.07779129494,115554.69744898326,-7310.619657688323,-0.09436374490067787
103 03 0 158.00,URBAN SERVICES DISTRICT,SINGLE FAMILY,2013,235000.0,524532.2888927091,-289532.28889270907,-3.888071536796409
116 07 0 028.00,CITY OF BELLE MEADE,SINGLE FAMILY,2016,684291.2290058207,549143.1447657446,135148.08424007613,1.82060861163463
142 11 0 166.00,GENERAL SERVICES DISTRICT,SINGLE FAMILY,2016,461047.2819542763,388030.7309018622,73016.55105241411,0.9854180246915184
061 15 0 109.00,URBAN SERVICES DISTRICT,SINGLE FAMILY,2013,175000.0,186332.9547059728,-11332.954705972807,-0.1484331714463224
071 15 0 075.00,URBAN SERVICES DISTRICT,SINGLE FAMILY,2015,174950.93600880948,167132.8602603741,7818.075748435396,0.10900068774192641
081 01 0 042.00,URBAN SERVICES DISTRICT,SINGLE FAMILY,2016,109971.90956930423,161295.93354826843,-51324.02397896419,-0.6860050436502559
173 01 0 061.00,URBAN SERVICES DISTRICT,SINGLE FAMILY,2014,124480.68945998918,153973.65384588213,-29492.96438589295,-0.3925454340176401
072 01 0 038.00,URBAN SERVICES DISTRICT,SINGLE FAMILY,2016,152873.57243747058,133537.45561264633,19336.116824824247,0.2638296287559613
127 13 0 008.00,GENERAL SERVICES DISTRICT,SINGLE FAMILY,2013,239900.0,186301.05143968662,53598.94856031338,0.7244008247228227
043 01 0 174.00,GENERAL SERVICES DISTRICT,DUPLEX,2014,50973.12026899162,97211.38292547644,-46238.262656484825,-0.6176407241807085
103 12 0 006.00,URBAN SERVICES DISTRICT,SINGLE FAMILY,2014,392630.79126115167,394511.52719238546,-1880.735931233794,-0.021373629513810846
104 10 0 172.00,URBAN SERVICES DISTRICT,TRIPLEX,2014,378854.2722695323,342848.3555722347,36005.916697297595,0.48791004694979273
128 14 0 098.00,GENERAL SERVICES DISTRICT,SINGLE FAMILY,2013,139000.0,133939.06117009846,5060.938829901541,0.07193843153914392
135 09 0 002.00,URBAN SERVICES DISTRICT,SINGLE FAMILY,2015,157259.26832252537,210329.45576051195,-53070.18743798658,-0.7094774932972755
072 08 0 227.00,URBAN SERVICES DISTRICT,SINGLE FAMILY,2013,221000.0,199632.3160281384,21367.68397186161,0.2911385598396934
105 10 0 030.00,URBAN SERVICES DISTRICT,SINGLE FAMILY,2015,584807.9040743912,550336.0707536153,34471.833320775884,0.4672884409806153
071 12 0 141.00,URBAN SERVICES DISTRICT,SINGLE FAMILY,2013,75400.0,88156.41957912497,-12756.419579124966,-0.16756781052419623
147 07 0 126.00,URBAN SERVICES DISTRICT,SINGLE FAMILY,2015,132687.50764713078,166156.1939156566,-33468.68626852581,-0.4459882724978932
072 12 0 166.00,URBAN SERVICES DISTRICT,SINGLE FAMILY,2014,108244.07779129494,159835.84098112598,-51591.763189831036,-0.6896040739203793
081 08 0 297.00,URBAN SERVICES DISTRICT,VACANT RESIDENTIAL LAND,2013,70000.0,191044.50584373533,-121044.50584373533,-1.6232085405399477
133 07 0 066.00,URBAN SERVICES DISTRICT,SINGLE FAMILY,2015,125807.41465802031,118828.2890570837,6979.125600936604,0.09772326981648775
116 04 0 137.00,URBAN SERVICES DISTRICT,SINGLE FAMILY,2016,436781.6355356302,313319.36473927513,123462.2707963551,1.663524424455628
104 06 0 095.00,URBAN SERVICES DISTRICT,SINGLE FAMILY,2014,442816.68187347933,408954.78142288513,33861.9004505942,0.4590895415537443
119 05 0 225.00,URBAN SERVICES DISTRICT,SINGLE FAMILY,2016,209237.8159387018,177621.80155563308,31616.014383068716,0.428899671664674
103 08 0 077.00,URBAN SERVICES DISTRICT,SINGLE FAMILY,2013,260000.0,369351.1734710918,-109351.17347109178,-1.4660232816774093
061 05 0 013.00,URBAN SERVICES DISTRICT,SINGLE FAMILY,2016,266922.11060510733,225919.3906786013,41002.71992650602,0.5550785652163038
087 00 0 030.00,GENERAL SERVICES DISTRICT,SINGLE FAMILY,2015,300758.3506668298,226506.89728302797,74251.45338380183,1.0020179498833521
094 01 0 216.00,URBAN SERVICES DISTRICT,SINGLE FAMILY,2013,289000.0,242017.85085306055,46982.14914693945,0.6354558349211223
076 05 0 129.00,GENERAL SERVICES DISTRICT,SINGLE FAMILY,2015,134653.24850116236,138818.08615162736,-4164.837650464993,-0.05207720558299588
098 00 0 025.00,GENERAL SERVICES DISTRICT,SINGLE FAMILY,2015,255546.31102410375,295738.32376956183,-40192.01274545808,-0.5363652308375322
083 12 0 134.00,URBAN SERVICES DISTRICT,SINGLE FAMILY,2016,274201.8045307012,238234.03014179532,35967.77438890588,0.48739732667236413
083 12 0 084.00,URBAN SERVICES DISTRICT,SINGLE FAMILY,2015,247191.91239446957,288792.562801868,-41600.65040739844,-0.5553005581231586
130 07 0 062.00,CITY OF BELLE MEADE,SINGLE FAMILY,2015,565150.4955340755,548518.6895425578,16631.80599151773,0.22747747653522069
091 07 0 215.00,URBAN SERVICES DISTRICT,SINGLE FAMILY,2014,314793.4589585023,242903.45714512467,71890.0018133776,0.9702746140608911
115 13 0 019.00,URBAN SERVICES DISTRICT,SINGLE FAMILY,2013,329000.0,335087.93553590367,-6087.935535903671,-0.07792806052387369
118 02 0 111.00,URBAN SERVICES DISTRICT,SINGLE FAMILY,2015,417719.9314817081,343166.6325716947,74553.2989100134,1.006075447409469
146 15 0 114.00,URBAN SERVICES DISTRICT,SINGLE FAMILY,2013,308500.0,295086.9100200309,13413.089979969081,0.18421053659396822
119 02 0 152.00,URBAN SERVICES DISTRICT,SINGLE FAMILY,2013,49000.0,84364.836027119,-35364.836027119,-0.4714768826860282
133 01 0 239.00,URBAN SERVICES DISTRICT,SINGLE FAMILY,2013,40000.0,136664.86424464735,-96664.86424464735,-1.2954901319968222
053 07 0 045.00,GENERAL SERVICES DISTRICT,SINGLE FAMILY,2013,99000.0,93465.10844307803,5534.891556921968,0.07830944535378585
069 04 0 048.00,URBAN SERVICES DISTRICT,SINGLE FAMILY,2015,63886.57775602594,123112.38164767109,-59225.803891645155,-0.7922231243023815
142 07 0 018.00,GENERAL SERVICES DISTRICT,SINGLE FAMILY,2015,255448.02398140216,209222.87388063414,46225.15010076802,0.6252800281246333
072 04 0 269.00,URBAN SERVICES DISTRICT,SINGLE FAMILY,2013,188000.0,203994.06094642117,-15994.060946421174,-0.21108915073796686
026 07 0 064.00,CITY OF GOODLETTSVILLE,SINGLE FAMILY,2013,129900.0,126050.50218310113,3849.4978168988746,0.05565388038151092
090 08 0 097.00,URBAN SERVICES DISTRICT,SINGLE FAMILY,2015,147430.56405236755,123829.837569587,23600.72648278055,0.32115578281293333
098 01 0 047.00,GENERAL SERVICES DISTRICT,SINGLE FAMILY,2015,128264.59072555977,160214.4691177369,-31949.87839217714,-0.42557200435478937
107 13 0 051.00,URBAN SERVICES DISTRICT,SINGLE FAMILY,2013,120000.0,157782.1117644844,-37782.111764484405,-0.5039706235984842
082 03 0 276.00,URBAN SERVICES DISTRICT,SINGLE FAMILY,2016,194125.171349169,176659.38094858688,17465.790400582104,0.23868814352462303
119 11 0 146.00,URBAN SERVICES DISTRICT,SINGLE FAMILY,2014,129892.89334955394,143915.13404365332,-14022.240694099382,-0.1845833552201125
043 01 0 177.00,GENERAL SERVICES DISTRICT,DUPLEX,2015,191659.7332680778,117399.14512750742,74260.58814057038,1.0021407420063804
075 08 0 226.00,GENERAL SERVICES DISTRICT,SINGLE FAMILY,2013,192000.0,208778.50357470286,-16778.50357470286,-0.22163386234453442
061 12 0 158.00,URBAN SERVICES DISTRICT,SINGLE FAMILY,2014,178110.70982022167,194477.8511098589,-16367.14128963722,-0.21610420790525758
086 08 0 041.00,GENERAL SERVICES DISTRICT,SINGLE FAMILY,2013,108000.0,108637.38088150123,-637.3808815012308,-0.004660080362716784
119 01 0 102.00,URBAN SERVICES DISTRICT,SINGLE FAMILY,2016,126181.36137695983,139769.52435005456,-13588.162973094732,-0.17874835312077922
012 03 0 013.00,GENERAL SERVICES DISTRICT,SINGLE FAMILY,2016,221302.69533805264,230367.18513516695,-9064.489797114307,-0.11793979004260051
162 02 0 227.00,URBAN SERVICES DISTRICT,DUPLEX,2015,93372.69056649944,141122.81577644183,-47750.12520994239,-0.6379636312235091
083 02 0 178.00,URBAN SERVICES DISTRICT,TRIPLEX,2014,108244.07779129494,204414.73392495268,-96170.65613365774,-1.288846839273902
012 03 0 025.00,GENERAL SERVICES DISTRICT,SINGLE FAMILY,2015,226060.19821363024,190578.47991640522,35481.718297225016,0.48086361582264014
081 03 0 262.00,URBAN SERVICES DISTRICT,SINGLE FAMILY,2014,50677.909147742634,86975.26229934578,-36297.35315160314,-0.48401205580303525
091 11 0 393.00,URBAN SERVICES DISTRICT,SINGLE FAMILY,2013,229900.0,251747.20935713628,-21847.20935713628,-0.2897689161615093
052 01 0 182.00,GENERAL SERVICES DISTRICT,SINGLE FAMILY,2015,108115.7469717362,102549.77121201661,5565.975759719586,0.07872728847220349
061 07 0 168.00,URBAN SERVICES DISTRICT,VACANT RESIDENTIAL LAND,2014,31095.571438226547,104446.7252534973,-73351.15381527075,-0.9821002879296974
105 01 0 522.00,URBAN SERVICES DISTRICT,DORMITORY/BOARDING HOUSE,2016,339719.0498610457,213977.78579999588,125741.26406104985,1.6941593311563978
156 02 0 158.00,GENERAL SERVICES DISTRICT,SINGLE FAMILY,2015,191561.44622537622,178561.1912848026,13000.25494057362,0.17866108495204663
087 09 0 104.00,GENERAL SERVICES DISTRICT,SINGLE FAMILY,2014,206647.78487429034,215186.8013557779,-8539.016481487546,-0.11087622112058962
108 08 0 096.00,GENERAL SERVICES DISTRICT,SINGLE FAMILY,2016,145593.87851187674,124698.46430540152,20895.414206475223,0.28479016889693026
072 08 0 130.00,URBAN SERVICES DISTRICT,SINGLE FAMILY,2014,201727.5995201406,177825.0526019767,23902.54691816389,0.3252129430606591
136 14 0 080.00,URBAN SERVICES DISTRICT,SINGLE FAMILY,2014,157347.52762570966,148597.6278352242,8749.899790485448,0.12152654423828643
096 05 0 161.00,URBAN SERVICES DISTRICT,SINGLE FAMILY,2014,196807.4141659908,192508.43967019458,4298.974495796225,0.06169587986238104
082 04 0 022.00,URBAN SERVICES DISTRICT,SINGLE FAMILY,2014,297671.2139260611,248075.78666417146,49595.42726188965,0.6705842982101026
114 00 0 071.00,GENERAL SERVICES DISTRICT,SINGLE FAMILY,2015,253089.1349565643,217906.63527532312,35182.49968124117,0.476841430006735
162 10 0 217.00,URBAN SERVICES DISTRICT,SINGLE FAMILY,2013,132000.0,125992.25316263278,6007.746837367216,0.08466570696447857
061 07 0 004.00,URBAN SERVICES DISTRICT,SINGLE FAMILY,2014,68882.59495809679,140449.87557442847,-71567.28061633169,-0.9581209327196144
120 05 0 163.00,URBAN SERVICES DISTRICT,SINGLE FAMILY,2013,114057.0,114897.99891396555,-840.9989139655518,-0.007397174641920054
083 14 0 140.00,URBAN SERVICES DISTRICT,SINGLE FAMILY,2015,352850.4832986663,334648.1073166744,18202.375981991936,0.2485895464437075
090 08 0 191.00,URBAN SERVICES DISTRICT,SINGLE FAMILY,2015,166105.10216566743,131391.19795988148,34713.90420578595,0.47054242996432094
086 08 0 069.00,GENERAL SERVICES DISTRICT,SINGLE FAMILY,2015,117944.45124189404,204140.3269840883,-86195.87574219424,-1.1547628683438338
091 07 0 384.00,URBAN SERVICES DISTRICT,SINGLE FAMILY,2015,387250.9482442188,323634.944718793,63616.0035254258,0.8590530630714973
084 12 0 061.00,URBAN SERVICES DISTRICT,SINGLE FAMILY,2016,267892.7364618532,283285.2057079469,-15392.469246093708,-0.203002375802299
092 02 0 283.00,URBAN SERVICES DISTRICT,SINGLE FAMILY,2016,184418.91278171053,128892.66321453845,55526.24956717208,0.7503081792745371
083 04 0 121.00,URBAN SERVICES DISTRICT,SINGLE FAMILY,2015,277660.8956319589,214443.91868288486,63216.976949074044,0.8536892289053174
072 11 0 493.00,URBAN SERVICES DISTRICT,DUPLEX,2016,123754.79673509522,184564.2601348295,-60809.463399734275,-0.81351114740788
119 02 0 040.00,URBAN SERVICES DISTRICT,SINGLE FAMILY,2015,54057.8734858681,114582.13317460542,-60524.25968873732,-0.8096773541218453
044 11 0 052.00,GENERAL SERVICES DISTRICT,SINGLE FAMILY,2015,49143.52135078918,106383.31577870899,-57239.794427919805,-0.7655265931758531
172 02 0 102.00,URBAN SERVICES DISTRICT,SINGLE FAMILY,2015,306655.5732289245,364899.55773729755,-58243.984508373076,-0.779025215528581
074 08 0 210.00,GENERAL SERVICES DISTRICT,SINGLE FAMILY,2014,136682.74913828063,125801.75530142144,10880.993836859197,0.15017334556613948
105 05 0 524.00,URBAN SERVICES DISTRICT,SINGLE FAMILY,2015,289946.7759696562,420312.42261513305,-130365.64664547687,-1.7485060932926264
103 06 0 119.00,URBAN SERVICES DISTRICT,SINGLE FAMILY,2016,341174.9886461645,325229.00036630884,15945.988279855635,0.21825851045226574
104 05 0 035.00,URBAN SERVICES DISTRICT,SINGLE FAMILY,2013,210000.0,465285.9171937767,-255285.9171937767,-3.4277216015467338
148 07 0 005.00,URBAN SERVICES DISTRICT,SINGLE FAMILY,2016,131034.49066068906,144956.9139361585,-13922.423275469439,-0.1832415797290605
083 07 0 144.00,URBAN SERVICES DISTRICT,SINGLE FAMILY,2016,266922.11060510733,238546.06793034007,28376.04267476726,0.38534700631257035
133 12 0 136.00,URBAN SERVICES DISTRICT,SINGLE FAMILY,2013,105000.0,118803.64046732645,-13803.640467326448,-0.1816448658196829
072 04 0 131.00,URBAN SERVICES DISTRICT,SINGLE FAMILY,2013,167500.0,165742.2457458246,1757.7542541754083,0.027536039982999656
090 15 0 117.00,URBAN SERVICES DISTRICT,SINGLE FAMILY,2014,172206.48739524197,186712.9713533016,-14506.48395805963,-0.19109269749931637
091 11 0 396.00,URBAN SERVICES DISTRICT,SINGLE FAMILY,2014,332309.3188192755,242681.72600794936,89627.59281132612,1.208708598810446
086 07 0 020.00,GENERAL SERVICES DISTRICT,SINGLE FAMILY,2013,150000.0,141677.9701791626,8322.0298208374,0.11577498858286207
133 14 0 036.00,URBAN SERVICES DISTRICT,SINGLE FAMILY,2015,207385.66010033034,213308.52733962823,-5922.8672392978915,-0.07570916328353877
052 03 0 105.00,GENERAL SERVICES DISTRICT,DUPLEX,2015,29486.11281047351,138693.05989247997,-109206.94708200646,-1.4640845475697375
060 02 0 151.00,URBAN SERVICES DISTRICT,SINGLE FAMILY,2016,103856.9666718054,134203.98871135956,-30347.022039554155,-0.4040259315435921
103 10 0 057.00,URBAN SERVICES DISTRICT,SINGLE FAMILY,2013,345000.0,302374.9501601015,42625.04983989848,0.5768864074353123
109 01 0 005.00,GENERAL SERVICES DISTRICT,SINGLE FAMILY,2015,157160.9812798238,138330.68587241447,18830.295407409343,0.2570302265068141
148 14 0 327.00,URBAN SERVICES DISTRICT,SINGLE FAMILY,2014,132746.6008549608,145557.5294818972,-12810.928626936395,-0.1683005373908878
091 10 0 162.00,URBAN SERVICES DISTRICT,SINGLE FAMILY,2016,97062.5856745845,132175.5620736413,-35112.97639905682,-0.4680913105007549
103 08 0 150.01,URBAN SERVICES DISTRICT,SINGLE FAMILY,2016,572572.1928943739,588904.6679118813,-16332.475017507444,-0.21563821354326837
124 00 0 120.00,GENERAL SERVICES DISTRICT,SINGLE FAMILY,2015,516006.9741832864,442609.9765642334,73396.997619053,0.9905321008295063
043 13 0 074.00,GENERAL SERVICES DISTRICT,SINGLE FAMILY,2015,52092.13263183653,106994.47741777606,-54902.344785939524,-0.7341058984291292
115 07 0 004.00,URBAN SERVICES DISTRICT,SINGLE FAMILY,2016,459591.34316915757,371836.67620160617,87754.6669675514,1.1835321714070135
117 07 0 022.00,URBAN SERVICES DISTRICT,SINGLE FAMILY,2014,300131.306603136,524074.1219144057,-223942.81531126972,-3.006398284467106
086 01 0 038.00,GENERAL SERVICES DISTRICT,SINGLE FAMILY,2015,75681.02288021534,106546.38576023496,-30865.362880019617,-0.4109936236087044
104 06 0 340.00,URBAN SERVICES DISTRICT,ZERO LOT LINE,2014,332112.5114051095,262529.5531572881,69582.95824782137,0.9392626468557608
081 16 0 252.00,URBAN SERVICES DISTRICT,SINGLE FAMILY,2014,175158.59860773184,231890.65560511372,-56732.05699738188,-0.7587014353072531
053 02 0 068.00,GENERAL SERVICES DISTRICT,SINGLE FAMILY,2014,123004.63385374426,132682.0246385732,-9677.390784828938,-0.1261785877899744
083 13 0 502.00,URBAN SERVICES DISTRICT,SINGLE FAMILY,2014,270610.19447823736,320568.7498074054,-49958.55532916804,-0.6676500070920702
104 11 0 228.00,URBAN SERVICES DISTRICT,SINGLE FAMILY,2013,489000.0,395114.75900878495,93885.24099121505,1.2659411746044205
071 15 0 516.00,URBAN SERVICES DISTRICT,SINGLE FAMILY,2014,234200.82285752907,201312.8640924686,32887.958765060466,0.44599752714083085
146 12 0 106.00,URBAN SERVICES DISTRICT,SINGLE FAMILY,2015,334175.94518536644,297143.873071331,37032.07211403543,0.5017039338994602
061 15 0 212.00,URBAN SERVICES DISTRICT,SINGLE FAMILY,2015,285032.42383457726,276698.8932505335,8333.530584043765,0.1159295852695977
061 08 0 174.00,URBAN SERVICES DISTRICT,SINGLE FAMILY,2013,143100.0,239170.5443093478,-96070.54430934781,-1.2875011062939543
104 13 0 058.00,URBAN SERVICES DISTRICT,SINGLE FAMILY,2014,891537.5861719383,692836.2932151124,198701.29295682593,2.6749097847594014
160 03 0 034.00,URBAN SERVICES DISTRICT,SINGLE FAMILY,2014,303083.41781562584,315687.5524096641,-12604.134594038245,-0.16552075036727004
083 06 0 053.00,URBAN SERVICES DISTRICT,SINGLE FAMILY,2014,362125.6420654231,313770.95183611393,48354.69022930914,0.6539059412258467
075 07 0 028.00,GENERAL SERVICES DISTRICT,SINGLE FAMILY,2013,146000.0,147776.72976998484,-1776.7297699848423,-0.019975547696051015
150 03 0 070.00,URBAN SERVICES DISTRICT,SINGLE FAMILY,2014,113164.26314544471,139158.48203247963,-25994.21888703492,-0.34551425424729965
106 14 0 032.00,URBAN SERVICES DISTRICT,SINGLE FAMILY,2013,71411.0,109338.4026293639,-37927.4026293639,-0.5059236667070403
104 16 0 110.00,URBAN SERVICES DISTRICT,VACANT RESIDENTIAL LAND,2014,369013.90156123275,464244.9482031615,-95231.04664192873,-1.276216328442563
073 09 0 179.00,URBAN SERVICES DISTRICT,SINGLE FAMILY,2013,125000.0,151016.3186065311,-26016.318606531102,-0.3458113252634219
173 01 0 263.00,URBAN SERVICES DISTRICT,ZERO LOT LINE,2013,62001.0,85227.89375737836,-23226.893757378362,-0.30831504507408636
109 01 0 009.00,GENERAL SERVICES DISTRICT,SINGLE FAMILY,2013,156000.0,142227.53408322542,13772.465916774585,0.18904137504579355
061 07 0 056.00,URBAN SERVICES DISTRICT,DUPLEX,2014,118084.44849959448,141130.81046260303,-23046.361963008545,-0.30588828288802844
164 13 0 209.00,URBAN SERVICES DISTRICT,SINGLE FAMILY,2013,146500.0,148286.35476409993,-1786.3547640999313,-0.0201049297356029
061 11 0 016.00,URBAN SERVICES DISTRICT,SINGLE FAMILY,2014,102339.85536631523,212709.4421162702,-110369.58674995496,-1.4797130965022798
042 14 0 094.00,GENERAL SERVICES DISTRICT,SINGLE FAMILY,2016,232853.1430333282,181129.23632682356,51723.90670650464,0.6991959532818521
061 16 0 144.00,URBAN SERVICES DISTRICT,SINGLE FAMILY,2015,491336.92646519025,349574.6877291359,141762.23873605434,1.9095180476683993
160 05 0 020.00,CITY OF OAK HILL,SINGLE FAMILY,2014,501858.90612327657,551608.2614330391,-49749.355309762526,-0.6648378780807344
149 10 0 071.00,URBAN SERVICES DISTRICT,SINGLE FAMILY,2016,189272.04206543975,175210.60934905917,14061.432716380572,0.192925752890471
103 12 0 060.00,URBAN SERVICES DISTRICT,DUPLEX,2014,482178.1647066775,449407.53430956375,32770.63039711374,0.4444203642500563
162 06 0 047.00,URBAN SERVICES DISTRICT,SINGLE FAMILY,2013,110000.0,110623.16268224579,-623.1626822457911,-0.004468955090698181
150 05 0 366.00,URBAN SERVICES DISTRICT,ZERO LOT LINE,2014,66245.3756082725,83636.96174216298,-17391.58613389048,-0.22987510082976423
091 06 0 380.00,URBAN SERVICES DISTRICT,SINGLE FAMILY,2015,392165.3003792977,317301.2016553623,74864.09872393537,1.0102533111397471
026 07 0 191.00,CITY OF GOODLETTSVILLE,SINGLE FAMILY,2014,157445.93133279265,156081.45371782331,1364.4776149693353,0.02224949818565737
082 11 0 007.00,URBAN SERVICES DISTRICT,SINGLE FAMILY,2015,240803.25461886698,246500.8971626,-5697.642543733033,-0.0726816257992352
062 13 0 061.00,URBAN SERVICES DISTRICT,SINGLE FAMILY,2014,264705.97205325763,245887.30597875357,18818.666074504057,0.2568739015478664
105 14 0 131.00,URBAN SERVICES DISTRICT,SINGLE FAMILY,2016,276628.3691725658,260247.19274353833,16381.176429027488,0.22410843925797727
073 12 0 081.00,URBAN SERVICES DISTRICT,SINGLE FAMILY,2014,119068.48557042444,133056.94320810662,-13988.457637682179,-0.18412923330696743
161 07 0 022.00,URBAN SERVICES DISTRICT,SINGLE FAMILY,2014,150065.653301568,187973.60447780814,-37907.95117624014,-0.5056621944767917
103 03 0 060.00,URBAN SERVICES DISTRICT,SINGLE FAMILY,2014,639624.0960394702,560139.3962226965,79484.69981677365,1.0723648081649633
091 01 0 069.00,URBAN SERVICES DISTRICT,SINGLE FAMILY,2014,127924.81920789403,151449.841294976,-23525.022087081976,-0.312322574936861
103 03 0 158.00,URBAN SERVICES DISTRICT,SINGLE FAMILY,2016,740102.2157687068,648870.8341042576,91231.38166444912,1.2302672065712892
133 01 0 110.00,URBAN SERVICES DISTRICT,SINGLE FAMILY,2014,152525.74597864287,117914.12873640872,34611.61724223415,0.46916745811440014
081 08 0 469.00,URBAN SERVICES DISTRICT,SINGLE FAMILY,2015,226060.19821363024,187137.72967950488,38922.468534125364,0.5271152059966953
148 02 0 060.00,URBAN SERVICES DISTRICT,SINGLE FAMILY,2014,103225.48873006218,103515.06681546,-289.57808539782127,1.5188482503750343e-05
160 07 0 019.00,URBAN SERVICES DISTRICT,DUPLEX,2016,473665.4180919723,408488.70614731265,65176.71194465965,0.8800325708002044
060 04 0 023.00,URBAN SERVICES DISTRICT,SINGLE FAMILY,2016,179565.78349798132,225737.08761266887,-46171.30411468755,-0.6167406475053815
169 00 0 088.00,GENERAL SERVICES DISTRICT,SINGLE FAMILY,2014,9840.37070829954,111119.81341042714,-101279.4427021276,-1.3575206709625547
072 06 0 134.00,URBAN SERVICES DISTRICT,SINGLE FAMILY,2014,240990.67864625575,234160.85828772758,6829.8203585281735,0.09571626424873293
147 06 0 093.00,URBAN SERVICES DISTRICT,SINGLE FAMILY,2014,215504.11851175994,238908.10471089318,-23403.986199133244,-0.3106955744572212
042 03 0 008.00,GENERAL SERVICES DISTRICT,SINGLE FAMILY,2016,126181.36137695983,144073.26123361965,-17891.899856659817,-0.23660046700595885
091 16 0 350.00,URBAN SERVICES DISTRICT,VACANT RESIDENTIAL LAND,2013,92000.0,170065.71212158105,-78065.71212158105,-1.0454747858216427
082 04 0 033.00,URBAN SERVICES DISTRICT,SINGLE FAMILY,2014,137765.18991619357,192351.50977984298,-54586.319863649405,-0.7298577972348624
119 13 0 060.00,URBAN SERVICES DISTRICT,SINGLE FAMILY,2015,142024.77670378075,112781.08071773984,29243.69598604091,0.397010260720232
060 16 0 021.00,URBAN SERVICES DISTRICT,SINGLE FAMILY,2013,66980.0,92138.25429716634,-25158.254297166335,-0.33427696907734916
131 04 0 130.00,URBAN SERVICES DISTRICT,SINGLE FAMILY,2014,511699.27683157614,525562.8933665149,-13863.616534938803,-0.18245108199594248
104 02 0 170.00,URBAN SERVICES DISTRICT,SINGLE FAMILY,2014,378854.2722695323,382727.3879852854,-3873.1157157530542,-0.048155792391076986
071 08 0 032.00,URBAN SERVICES DISTRICT,SINGLE FAMILY,2013,200000.0,94128.86604356779,105871.13395643221,1.42705912014781
091 07 0 179.00,URBAN SERVICES DISTRICT,SINGLE FAMILY,2016,344086.86621640204,271333.9074714784,72752.95874492364,0.9818747383325336
090 11 0 016.00,URBAN SERVICES DISTRICT,SINGLE FAMILY,2016,135887.6199444183,233927.09488146,-98039.47493704173,-1.3139680586163298
148 07 0 008.00,URBAN SERVICES DISTRICT,SINGLE FAMILY,2013,114000.0,140889.06868280226,-26889.06868280226,-0.35754309190523237
145 07 0 047.00,CITY OF OAK HILL,SINGLE FAMILY,2016,761941.2975454882,627275.194217223,134666.10332826525,1.8141296805672948
083 10 0 471.00,URBAN SERVICES DISTRICT,SINGLE FAMILY,2016,460950.21936860174,363139.53294648963,97810.6864221121,1.3187081820359239
158 07 0 037.00,CITY OF FOREST HILLS,SINGLE FAMILY,2016,592081.7726149653,558606.6362677066,33475.136347258696,0.4538905432045864
053 02 0 020.00,GENERAL SERVICES DISTRICT,DUPLEX,2015,129738.89636608344,112092.51318617284,17646.383179910597,0.24111572548867158
105 09 0 433.00,URBAN SERVICES DISTRICT,SINGLE FAMILY,2015,541561.6052856968,474732.1741570573,66829.4311286395,0.9022489146517411
052 16 0 031.00,GENERAL SERVICES DISTRICT,DUPLEX,2014,51169.92768315761,128128.92124811496,-76958.99356495735,-1.0305979451343936
164 13 0 037.00,URBAN SERVICES DISTRICT,SINGLE FAMILY,2013,152900.0,153631.56574307263,-731.5657430726278,-0.00592614134304668
062 13 0 072.00,URBAN SERVICES DISTRICT,SINGLE FAMILY,2016,309217.13231280755,327591.5871439628,-18374.45483115525,-0.24308711479499476
059 05 0 240.00,URBAN SERVICES DISTRICT,SINGLE FAMILY,2015,112047.22867979933,128041.57634840411,-15994.34766860478,-0.21109300494301425
091 08 0 173.00,URBAN SERVICES DISTRICT,SINGLE FAMILY,2014,301016.9399668829,258685.37993350174,42331.56003338119,0.572941229983685
083 15 0 194.00,URBAN SERVICES DISTRICT,SINGLE FAMILY,2016,291090.6944380789,308420.6887550605,-17329.99431698158,-0.22904716526989863
032 09 0 057.00,GENERAL SERVICES DISTRICT,SINGLE FAMILY,2014,141701.33819951338,154687.9238201209,-12986.585620607511,-0.17066177105305622
053 03 0 029.00,GENERAL SERVICES DISTRICT,SINGLE FAMILY,2015,72732.41159916799,104586.10211581642,-31853.690516648436,-0.42427901826386216
136 11 0 005.00,URBAN SERVICES DISTRICT,SINGLE FAMILY,2015,201488.43753823565,189919.17694462152,11569.260593614134,0.15942523244315182
132 16 0 051.00,URBAN SERVICES DISTRICT,SINGLE FAMILY,2016,254740.756102947,232207.25423969736,22533.501863249636,0.30680983139895535
059 08 0 218.00,URBAN SERVICES DISTRICT,SINGLE FAMILY,2014,143669.4123411733,147948.40572370985,-4278.993382536544,-0.05361172095675608
084 14 0 218.00,URBAN SERVICES DISTRICT,SINGLE FAMILY,2013,145000.0,167567.73160257668,-22567.731602576678,-0.29945439093093656
061 16 0 123.00,URBAN SERVICES DISTRICT,DUPLEX,2013,166000.0,164504.13019536494,1495.8698046350619,0.02401571115959458
076 01 0 133.00,GENERAL SERVICES DISTRICT,ZERO LOT LINE,2014,100371.78122465531,99476.05777525635,895.7234493989527,0.015948364983418936
119 02 0 173.00,URBAN SERVICES DISTRICT,SINGLE FAMILY,2014,78722.96566639633,129034.77234517169,-50311.80667877536,-0.6723985170173906
083 04 0 224.00,URBAN SERVICES DISTRICT,SINGLE FAMILY,2016,300894.0155912119,225795.68201564526,75098.33357556665,1.0134019658273046
145 03 0 070.00,CITY OF FOREST HILLS,SINGLE FAMILY,2014,718248.6579987835,511263.86370504845,206984.79429373506,2.7862590785651915
072 09 0 411.00,URBAN SERVICES DISTRICT,SINGLE FAMILY,2016,198978.3006328982,191106.15397311866,7872.146659779537,0.1097275250476414
147 11 0 076.00,URBAN SERVICES DISTRICT,SINGLE FAMILY,2016,198978.3006328982,195589.8798833589,3388.4207495393057,0.04945594502152344
091 10 0 277.00,URBAN SERVICES DISTRICT,SINGLE FAMILY,2014,88563.33637469586,134332.58595337547,-45769.249578679606,-0.6113361106030426
032 09 0 008.00,GENERAL SERVICES DISTRICT,SINGLE FAMILY,2016,114533.8510960097,141301.88231256715,-26768.031216557443,-0.3559160702096662
081 07 0 435.00,URBAN SERVICES DISTRICT,SINGLE FAMILY,2016,116475.10280950139,162137.54244392327,-45662.439634421884,-0.6099003394984325
108 07 0 005.00,GENERAL SERVICES DISTRICT,SINGLE FAMILY,2015,119910.19209592561,115310.91727735611,4599.2748185694945,0.06573260630334415
104 06 0 192.00,URBAN SERVICES DISTRICT,SINGLE FAMILY,2013,420000.0,374431.14595250564,45568.85404749436,0.6164579009724432
083 13 0 311.00,URBAN SERVICES DISTRICT,SINGLE FAMILY,2015,192642.6036950936,507989.857844571,-315347.2541494774,-4.235083993733458
072 06 0 353.00,URBAN SERVICES DISTRICT,SINGLE FAMILY,2016,251392.09689717382,169994.72275872127,81397.37413845255,1.0980755464551177
071 14 0 396.00,URBAN SERVICES DISTRICT,ZERO LOT LINE,2013,150000.0,82434.1881026284,67565.8118973716,0.9121475644177687
083 15 0 061.00,URBAN SERVICES DISTRICT,SINGLE FAMILY,2013,221000.0,193670.61603065985,27329.383969340153,0.37127750804549114
150 05 0 380.00,URBAN SERVICES DISTRICT,ZERO LOT LINE,2016,82503.19782339681,104855.54815414707,-22352.350330750254,-0.2965591716822832
117 12 0 162.00,URBAN SERVICES DISTRICT,SINGLE FAMILY,2013,485000.0,498515.77166846045,-13515.771668460453,-0.17777524762820324
061 10 0 081.00,URBAN SERVICES DISTRICT,SINGLE FAMILY,2016,225427.85522922248,161428.28046138515,63999.57476783733,0.8642091420325071
171 04 0 001.00,URBAN SERVICES DISTRICT,SINGLE FAMILY,2016,359131.56699596264,420045.08692668524,-60913.5199307226,-0.8149099063106888
103 05 0 044.00,URBAN SERVICES DISTRICT,SINGLE FAMILY,2014,428056.12581103004,449867.83597450383,-21811.710163473792,-0.28929172542003134
118 14 0 094.00,CITY OF OAK HILL,SINGLE FAMILY,2013,550000.0,482798.888670776,67201.11132922402,0.907245150684477
081 10 0 145.00,URBAN SERVICES DISTRICT,SINGLE FAMILY,2014,57074.150108137335,125541.5300331824,-68467.37992504507,-0.9164511437253337
091 05 0 185.00,URBAN SERVICES DISTRICT,SINGLE FAMILY,2016,176168.59299937086,131877.35228268,44291.24071669087,0.5992838417967716
129 04 0 010.00,URBAN SERVICES DISTRICT,SINGLE FAMILY,2014,617286.4545316302,644066.0221627386,-26779.567631108453,-0.3560711461324022
133 07 0 107.00,URBAN SERVICES DISTRICT,SINGLE FAMILY,2014,137765.18991619357,168630.03403886798,-30864.844122674403,-0.41098665031785836
095 14 0 102.00,URBAN SERVICES DISTRICT,DUPLEX,2016,194125.171349169,209713.16886865336,-15587.997519484372,-0.20563072512894254
148 01 0 022.00,URBAN SERVICES DISTRICT,SINGLE FAMILY,2013,92510.0,153527.73950200988,-61017.73950200988,-0.8163108568497891
072 07 0 117.00,URBAN SERVICES DISTRICT,SINGLE FAMILY,2014,143669.4123411733,279079.68574623304,-135410.27340505974,-1.8163174697078732
161 00 0 040.00,URBAN SERVICES DISTRICT,SINGLE FAMILY,2016,706130.3107826022,469851.692455804,236278.6183267982,3.180035392020798
072 09 0 400.00,URBAN SERVICES DISTRICT,SINGLE FAMILY,2015,127773.15551205188,312469.5082038232,-184696.3526917713,-2.4788356368238182
176 02 0 023.00,URBAN SERVICES DISTRICT,SINGLE FAMILY,2013,75000.0,135454.09927440732,-60454.099274407316,-0.8087342369216394
156 02 0 153.00,GENERAL SERVICES DISTRICT,SINGLE FAMILY,2013,174000.0,177818.51774197447,-3818.5177419744723,-0.04742187015503126
091 15 0 231.00,URBAN SERVICES DISTRICT,SINGLE FAMILY,2015,324347.2409152086,461298.8790622885,-136951.6381470799,-1.837036953962237
118 09 0 252.00,URBAN SERVICES DISTRICT,ZERO LOT LINE,2013,201000.0,258683.69217086956,-57683.69217086956,-0.771493598936956
053 03 0 384.00,GENERAL SERVICES DISTRICT,SINGLE FAMILY,2016,196066.42306266067,128216.34654786382,67850.07651479685,0.9159687341281227
119 15 0 052.00,URBAN SERVICES DISTRICT,SINGLE FAMILY,2016,169859.52493052286,173597.37259728485,-3737.8476667619834,-0.04633747896091788
083 08 0 046.00,URBAN SERVICES DISTRICT,SINGLE FAMILY,2016,286334.62774002424,228822.16400266634,57512.4637373579,0.7770074621263183
072 12 0 239.00,URBAN SERVICES DISTRICT,SINGLE FAMILY,2015,162173.6204576043,179097.3708815137,-16923.750423909398,-0.22358631378129593
071 08 0 394.00,URBAN SERVICES DISTRICT,SINGLE FAMILY,2013,89000.0,118118.11479031526,-29118.11479031526,-0.3875065940327918
082 07 0 038.00,URBAN SERVICES DISTRICT,TRIPLEX,2014,161185.27220194647,147128.48920282655,14056.782999119925,0.19286325000524027
102 04 0 040.00,URBAN SERVICES DISTRICT,DUPLEX,2015,147430.56405236755,152388.69331236702,-4958.129259999463,-0.06274086783293546
072 09 0 274.00,URBAN SERVICES DISTRICT,DUPLEX,2013,66000.0,150610.22673821967,-84610.22673821967,-1.133448101841689
061 06 0 076.00,URBAN SERVICES DISTRICT,SINGLE FAMILY,2013,135000.0,149738.83528810256,-14738.835288102564,-0.19421603332831383
146 04 0 083.00,URBAN SERVICES DISTRICT,SINGLE FAMILY,2014,271594.2315490673,235650.93121910747,35943.300329959835,0.48706833907770286
096 06 0 121.00,URBAN SERVICES DISTRICT,SINGLE FAMILY,2013,70000.0,136053.9525826173,-66053.95258261729,-0.8840091340846142
147 05 0 065.00,URBAN SERVICES DISTRICT,SINGLE FAMILY,2013,284500.0,214980.64564329307,69519.35435670693,0.9384076643947407
156 10 0 030.00,GENERAL SERVICES DISTRICT,SINGLE FAMILY,2015,491435.2135078918,395805.89239396394,95629.32111392787,1.2893856194238442
061 06 0 030.00,URBAN SERVICES DISTRICT,SINGLE FAMILY,2015,131704.63722011502,224269.40124469847,-92564.76402458345,-1.240375362834796
081 08 0 264.00,URBAN SERVICES DISTRICT,SINGLE FAMILY,2016,179565.78349798132,191507.34811955792,-11941.564621576603,-0.15661428732346078
051 03 0 073.00,GENERAL SERVICES DISTRICT,SINGLE FAMILY,2016,53384.42212102147,113346.37626290783,-59961.95414188636,-0.8021186753701501
091 01 0 080.00,URBAN SERVICES DISTRICT,SINGLE FAMILY,2015,132687.50764713078,128143.31777215558,4544.1898749752,0.06499213807389795
105 13 0 060.00,URBAN SERVICES DISTRICT,SINGLE FAMILY,2014,399519.05075696134,629413.3856938976,-229894.33493693627,-3.086400385080824
104 01 0 286.00,URBAN SERVICES DISTRICT,SINGLE FAMILY,2015,457034.7485623394,391911.0393243772,65123.709237962204,0.8793200926197207
130 09 0 095.00,URBAN SERVICES DISTRICT,SINGLE FAMILY,2013,547500.0,481276.753544446,66223.24645555398,0.8941003996073587
149 02 0 075.00,URBAN SERVICES DISTRICT,SINGLE FAMILY,2016,132005.11651743492,173343.51147857757,-41338.39496114265,-0.5517752422513318
053 02 0 101.00,GENERAL SERVICES DISTRICT,SINGLE FAMILY,2016,160153.2663630644,187485.16739762944,-27331.90103456503,-0.3634957763604679
130 09 0 064.00,URBAN SERVICES DISTRICT,SINGLE FAMILY,2015,771553.2852073902,676581.1393363631,94972.14587102714,1.280551673942651
161 09 0 154.00,URBAN SERVICES DISTRICT,SINGLE FAMILY,2015,327689.0003670623,300770.026541813,26918.973825249297,0.3657606525689758
160 15 0 032.00,URBAN SERVICES DISTRICT,SINGLE FAMILY,2016,363984.6962796918,341835.33330967213,22149.36297001969,0.3016461219064604
102 08 0 007.00,URBAN SERVICES DISTRICT,SINGLE FAMILY,2014,199267.5068430657,263021.3538916291,-63753.84704856339,-0.8530904299667661
131 03 0 114.00,URBAN SERVICES DISTRICT,SINGLE FAMILY,2014,282418.6393281968,546755.1377388958,-264336.498410699,-3.54938221172203
147 03 0 002.00,URBAN SERVICES DISTRICT,SINGLE FAMILY,2013,143900.0,177469.53386318023,-33569.53386318023,-0.44734389592210244
156 00 0 056.00,GENERAL SERVICES DISTRICT,SINGLE FAMILY,2016,232950.20561900278,266647.5526570332,-33697.34703803042,-0.4490619987121908
147 09 0 011.00,URBAN SERVICES DISTRICT,SINGLE FAMILY,2014,246009.26770748853,290705.6863648312,-44696.4186573427,-0.5969147976092725
104 02 0 136.00,URBAN SERVICES DISTRICT,DUPLEX,2016,737675.6511268421,613769.1677120548,123906.48341478733,1.6694956628668125
052 12 0 069.00,GENERAL SERVICES DISTRICT,SINGLE FAMILY,2015,111359.21938088829,117243.88284459629,-5884.663463707999,-0.07519561674571244
117 16 0 031.00,URBAN SERVICES DISTRICT,DUPLEX,2015,270289.3674293405,362081.20418815396,-91791.83675881347,-1.2299854441631777
052 12 0 058.00,GENERAL SERVICES DISTRICT,SINGLE FAMILY,2014,137765.18991619357,146398.10639292418,-8632.916476730607,-0.11213845284283175
044 14 0 024.00,GENERAL SERVICES DISTRICT,SINGLE FAMILY,2014,80691.03980805623,152876.25616436749,-72185.21635631126,-0.9664274091075036
090 12 0 138.00,URBAN SERVICES DISTRICT,SINGLE FAMILY,2016,211445.9897627986,193999.8974626353,17446.09230016329,0.23842335578792317
105 09 0 141.00,URBAN SERVICES DISTRICT,DUPLEX,2015,220162.97565153553,234611.21401070355,-14448.238359168026,-0.19030974279935425
162 07 0 180.00,URBAN SERVICES DISTRICT,SINGLE FAMILY,2016,105312.90545692417,134045.717094681,-28732.811637756822,-0.38232723421940457
107 14 0 080.00,URBAN SERVICES DISTRICT,SINGLE FAMILY,2016,87826.11002179103,138066.1231231524,-50240.013101361386,-0.671433446352258
073 05 0 151.00,URBAN SERVICES DISTRICT,SINGLE FAMILY,2016,334865.9205773165,254586.79808595116,80279.12249136533,1.0830436745285072
083 14 0 162.00,URBAN SERVICES DISTRICT,DUPLEX,2015,294861.1281047351,292648.2090447501,2212.9190599850263,0.03365450096112777
129 14 0 009.00,URBAN SERVICES DISTRICT,SINGLE FAMILY,2015,362187.75235531625,400633.67010811804,-38445.91775280179,-0.5128937015358116
081 15 0 219.00,URBAN SERVICES DISTRICT,SINGLE FAMILY,2015,39314.81708063134,87421.5296970989,-48106.71261646756,-0.6427569854202058
094 08 0 021.00,URBAN SERVICES DISTRICT,SINGLE FAMILY,2015,99791.81732533954,129178.00314874813,-29386.185823408596,-0.39111008475618075
061 15 0 209.00,URBAN SERVICES DISTRICT,SINGLE FAMILY,2013,196000.0,181586.35649169487,14413.643508305133,0.19766027532928934
075 11 0 072.00,GENERAL SERVICES DISTRICT,SINGLE FAMILY,2015,147430.56405236755,128410.82584078568,19019.738211581876,0.2595767731424994
052 02 0 149.00,GENERAL SERVICES DISTRICT,SINGLE FAMILY,2016,92209.45639085527,104165.59557585744,-11956.139185002176,-0.15681020294886597
075 13 0 038.00,GENERAL SERVICES DISTRICT,SINGLE FAMILY,2014,76754.89152473642,118441.25955096021,-41686.36802622379,-0.5564527999028983
083 01 0 246.00,URBAN SERVICES DISTRICT,SINGLE FAMILY,2014,108244.07779129494,147699.5045072726,-39455.42671597765,-0.5264638218953491
150 06 0 269.00,URBAN SERVICES DISTRICT,ZERO LOT LINE,2014,91515.44758718573,102405.70180812867,-10890.254220942938,-0.1424822595830124
083 06 0 431.00,URBAN SERVICES DISTRICT,SINGLE FAMILY,2014,467417.6086442282,354795.73901021294,112621.86963401525,1.5178045211317022
104 01 0 311.00,URBAN SERVICES DISTRICT,SINGLE FAMILY,2014,423135.94045688026,335919.05546869244,87216.88498818781,1.1763031457585478
071 16 0 361.00,URBAN SERVICES DISTRICT,SINGLE FAMILY,2013,51294.0,97382.22106405869,-46088.221064058685,-0.6156238203765521
102 14 0 043.00,URBAN SERVICES DISTRICT,SINGLE FAMILY,2015,329261.5930502875,323922.57558824227,5339.017462045245,0.07567644739165724
118 09 0 071.00,URBAN SERVICES DISTRICT,SINGLE FAMILY,2016,446487.89410308865,419236.4393741598,27251.45472892886,0.37022995996966057
146 14 0 016.00,CITY OF OAK HILL,SINGLE FAMILY,2013,375000.0,501066.45853075606,-126066.45853075606,-1.6907151253139778
115 07 0 039.00,URBAN SERVICES DISTRICT,SINGLE FAMILY,2014,308003.6031697756,288675.05565258994,19328.54751718568,0.26372787986670865
072 04 0 033.00,URBAN SERVICES DISTRICT,SINGLE FAMILY,2013,560000.0,454942.67937274504,105057.32062725496,1.4161195988260886
083 15 0 060.00,URBAN SERVICES DISTRICT,SINGLE FAMILY,2015,196574.08540315673,180031.89100187703,16542.194401279703,0.22627289083118296
159 12 0 005.00,CITY OF OAK HILL,VACANT RESIDENTIAL LAND,2013,566906.0,355944.0758501335,210961.9241498665,2.839720843444849
082 08 0 387.00,URBAN SERVICES DISTRICT,DUPLEX,2014,137765.18991619357,165432.01819628658,-27666.828280093003,-0.3679979682173928
148 06 0 018.00,URBAN SERVICES DISTRICT,SINGLE FAMILY,2016,125210.73552021399,153545.1211842869,-28334.385664072906,-0.37697147353329086
147 01 0 107.00,URBAN SERVICES DISTRICT,SINGLE FAMILY,2013,227000.0,207796.68375926427,19203.31624073573,0.26204448372443157
120 01 0 064.00,URBAN SERVICES DISTRICT,SINGLE FAMILY,2015,157259.26832252537,136294.1714539883,20965.096868537075,0.2857268640087572
148 10 0 009.00,URBAN SERVICES DISTRICT,SINGLE FAMILY,2013,79000.0,135208.42087983654,-56208.42087983654,-0.7516625625494158
083 14 0 208.00,URBAN SERVICES DISTRICT,SINGLE FAMILY,2016,393103.47198206716,382410.7186327189,10692.753349348262,0.14764296082936085
080 11 0 004.00,URBAN SERVICES DISTRICT,SINGLE FAMILY,2015,91800.0978832742,94691.38422128504,-2891.2863380108465,-0.03495774926863008
106 15 0 046.00,URBAN SERVICES DISTRICT,SINGLE FAMILY,2016,165006.39564679362,222723.1791880885,-57716.78354129489,-0.7719384230008465
095 08 0 102.00,URBAN SERVICES DISTRICT,SINGLE FAMILY,2016,203734.36733095284,226458.44074690033,-22724.073415947496,-0.3015559841827647
133 14 0 057.00,URBAN SERVICES DISTRICT,SINGLE FAMILY,2015,275203.7195644194,261922.3630470734,13281.356517346023,0.18243973612722472
108 08 0 319.00,GENERAL SERVICES DISTRICT,SINGLE FAMILY,2014,157445.93133279265,192855.14179470332,-35409.21046191067,-0.4720733770639632
083 07 0 016.00,URBAN SERVICES DISTRICT,SINGLE FAMILY,2013,365000.0,280182.13523464487,84817.86476535513,1.144054800913359
071 04 0 034.00,URBAN SERVICES DISTRICT,SINGLE FAMILY,2016,212567.06262734003,126604.44515502045,85962.61747231957,1.15944290798528
051 03 0 136.00,GENERAL SERVICES DISTRICT,SINGLE FAMILY,2014,97419.67001216546,118073.1027074046,-20653.432695239142,-0.27372181447616334
128 10 0 120.00,GENERAL SERVICES DISTRICT,SINGLE FAMILY,2016,203734.36733095284,176767.67648121808,26966.69084973476,0.36640207903380845
108 16 0 315.00,GENERAL SERVICES DISTRICT,ZERO LOT LINE,2015,122760.51633427138,119765.1801363229,2995.336197948476,0.04417198532315552
083 08 0 056.00,URBAN SERVICES DISTRICT,SINGLE FAMILY,2015,260362.3761164811,222619.053348283,37743.32276819809,0.5112647771756045
072 09 0 128.00,URBAN SERVICES DISTRICT,SINGLE FAMILY,2015,122858.80337697295,139069.0831987995,-16210.279821826538,-0.21399562930356975
052 13 0 099.00,URBAN SERVICES DISTRICT,SINGLE FAMILY,2013,334900.0,292540.67957203987,42359.320427960134,0.5733143934813912
133 01 0 334.00,URBAN SERVICES DISTRICT,SINGLE FAMILY,2016,259681.24171378335,225756.77701386312,33924.46469992024,0.45993054883998724
119 02 0 172.00,URBAN SERVICES DISTRICT,SINGLE FAMILY,2015,123350.23859048085,159404.5858998469,-36054.34730936604,-0.48074549884562684
072 09 0 048.00,URBAN SERVICES DISTRICT,SINGLE FAMILY,2016,291090.6944380789,179502.72246279783,111587.97197528108,1.503906560657603
087 02 0 068.00,GENERAL SERVICES DISTRICT,SINGLE FAMILY,2013,169000.0,174408.79725802987,-5408.7972580298665,-0.06879888138065576
084 09 0 010.00,URBAN SERVICES DISTRICT,DUPLEX,2016,210625.81091384834,205818.71075178438,4807.100162063958,0.06852625651137191
095 04 0 114.00,URBAN SERVICES DISTRICT,SINGLE FAMILY,2014,127826.41550081104,131423.77747210304,-3597.3619712920045,-0.04444902837170914
061 11 0 265.00,URBAN SERVICES DISTRICT,DUPLEX,2014,182046.8581035415,241365.38433496153,-59318.52623142002,-0.7934695256288289
072 11 0 152.00,URBAN SERVICES DISTRICT,SINGLE FAMILY,2013,348500.0,292813.522252185,55686.47774781502,0.7524620142335395
156 00 0 021.00,GENERAL SERVICES DISTRICT,SINGLE FAMILY,2016,272745.86574558244,271495.92628562695,1249.9394599554944,0.02070984216872864
171 02 0 013.00,URBAN SERVICES DISTRICT,SINGLE FAMILY,2014,246009.26770748853,276348.31281443965,-30339.04510695112,-0.40391870323807755
085 14 0 024.00,URBAN SERVICES DISTRICT,SINGLE FAMILY,2013,318000.0,252397.95883498434,65602.04116501566,0.8857499729463939
061 07 0 226.00,URBAN SERVICES DISTRICT,SINGLE FAMILY,2015,227043.06864064603,183794.1309153701,43248.93772527593,0.5852728943356317
072 10 0 035.00,URBAN SERVICES DISTRICT,SINGLE FAMILY,2013,146000.0,149080.18736565916,-3080.1873656591633,-0.037497013182804406
172 05 0 011.00,GENERAL SERVICES DISTRICT,SINGLE FAMILY,2014,308987.6402406056,291884.488949129,17103.151291476563,0.2338134405381767
136 10 0 068.00,URBAN SERVICES DISTRICT,SINGLE FAMILY,2014,186967.04345769127,184046.35133585698,2920.6921218342904,0.04316859740492509
050 15 0 096.00,URBAN SERVICES DISTRICT,SINGLE FAMILY,2015,73715.28202618378,114263.21545599225,-40547.93342980847,-0.541149622756044
128 09 0 003.00,GENERAL SERVICES DISTRICT,SINGLE FAMILY,2015,221145.84607855132,198116.3841356955,23029.46194285582,0.3134766746061804
104 06 0 123.00,URBAN SERVICES DISTRICT,SINGLE FAMILY,2013,394500.0,377514.2540865332,16985.745913466788,0.23223524245518248
075 04 0 091.00,GENERAL SERVICES DISTRICT,SINGLE FAMILY,2016,114533.8510960097,160882.5394915468,-46348.6883955371,-0.6191250998766074
043 15 0 080.00,GENERAL SERVICES DISTRICT,SINGLE FAMILY,2014,117986.04479251149,150688.146042749,-32702.10125023751,-0.43568360820718266
059 15 0 032.00,URBAN SERVICES DISTRICT,SINGLE FAMILY,2016,556251.1191131925,342591.2707387303,213659.84837446222,2.875987144967818
083 08 0 090.00,URBAN SERVICES DISTRICT,SINGLE FAMILY,2015,299775.48023981403,279081.40521415643,20694.0750256576,0.2820837076207564
076 01 0 048.00,GENERAL SERVICES DISTRICT,DUPLEX,2015,89441.20885843631,128047.06700782443,-38605.85814938812,-0.5150436680157532
127 10 0 014.00,GENERAL SERVICES DISTRICT,SINGLE FAMILY,2013,240000.0,199762.13438151867,40237.86561848133,0.5447971656487819
070 13 0 115.00,URBAN SERVICES DISTRICT,SINGLE FAMILY,2014,102339.85536631523,125879.91417588662,-23540.05880957139,-0.31252470304214536
082 08 0 306.00,URBAN SERVICES DISTRICT,SINGLE FAMILY,2014,201629.1958130576,173469.559012014,28159.636801043584,0.38243801405983924
119 04 0 148.00,URBAN SERVICES DISTRICT,SINGLE FAMILY,2015,73715.28202618378,188883.5633605985,-115168.28133441471,-1.5442185793212928
073 07 0 242.00,URBAN SERVICES DISTRICT,ZERO LOT LINE,2015,83543.98629634161,93804.09008272462,-10260.103786383013,-0.13401158963007664
084 15 0 076.00,URBAN SERVICES DISTRICT,SINGLE FAMILY,2013,144000.0,172966.79259570924,-28966.792595709238,-0.3854724759924596
052 02 0 263.00,GENERAL SERVICES DISTRICT,SINGLE FAMILY,2014,127924.81920789403,127768.23760067692,156.58160721711465,0.006012600045162927
144 03 0 035.00,CITY OF FOREST HILLS,SINGLE FAMILY,2014,868904.7335428494,691372.5902037653,177532.1433390841,2.3903477662924364
094 01 0 059.00,URBAN SERVICES DISTRICT,SINGLE FAMILY,2015,192642.6036950936,203936.01560745717,-11293.411912363576,-0.1479016254291959
091 07 0 310.00,URBAN SERVICES DISTRICT,SINGLE FAMILY,2016,213537.68848408587,207494.09346065318,6043.595023432688,0.08514758896585196
044 11 0 100.00,GENERAL SERVICES DISTRICT,SINGLE FAMILY,2016,152388.25950909764,156021.49936909977,-3633.239860002126,-0.04493130964488455
136 13 0 148.00,URBAN SERVICES DISTRICT,SINGLE FAMILY,2015,101727.0891961336,120529.05742568983,-18801.968229556223,-0.2488338773134426
041 11 0 050.00,GENERAL SERVICES DISTRICT,PARSONAGE,2015,142024.77670378075,140506.44882637617,1518.3278774045757,0.024317599267221483
102 15 0 025.00,URBAN SERVICES DISTRICT,SINGLE FAMILY,2013,265000.0,376995.8999176306,-111995.8999176306,-1.5015744828125415
081 12 0 390.00,URBAN SERVICES DISTRICT,SINGLE FAMILY,2016,322247.7844396205,275957.7520338342,46290.03240578633,0.6261521954063708
115 03 0 043.00,URBAN SERVICES DISTRICT,SINGLE FAMILY,2015,324347.2409152086,368967.0713557275,-44619.83044051891,-0.5958852759721871
172 06 0 051.00,URBAN SERVICES DISTRICT,VACANT RESIDENTIAL LAND,2013,85000.0,201435.35411476344,-116435.35411476344,-1.56125094927622
135 16 0 014.00,URBAN SERVICES DISTRICT,SINGLE FAMILY,2015,120401.62730943349,155359.98302686322,-34958.35571742973,-0.4660128532147964
144 07 0 006.00,CITY OF FOREST HILLS,SINGLE FAMILY,2013,535000.0,677713.9870332059,-142713.98703320592,-1.91449616511414
158 10 0 027.00,GENERAL SERVICES DISTRICT,SINGLE FAMILY,2013,579500.0,532585.4318380833,46914.568161916686,0.6345473911784438
051 03 0 103.00,GENERAL SERVICES DISTRICT,SINGLE FAMILY,2016,136858.24580116413,136802.3345516662,55.91124949793448,0.00465935909266135
104 05 0 361.00,URBAN SERVICES DISTRICT,SINGLE FAMILY,2013,270000.0,612126.9693225895,-342126.96932258946,-4.59506490658243
106 16 0 008.00,URBAN SERVICES DISTRICT,SINGLE FAMILY,2013,130000.0,141013.14860342708,-11013.148603427078,-0.14413424250010742
128 10 0 166.00,GENERAL SERVICES DISTRICT,SINGLE FAMILY,2013,142000.0,136217.19457717834,5782.805422821664,0.0816419774280663
116 08 0 155.00,URBAN SERVICES DISTRICT,SINGLE FAMILY,2015,560236.1433989967,631763.1984447942,-71527.05504579749,-0.957580208611566
117 04 0 319.00,URBAN SERVICES DISTRICT,SINGLE FAMILY,2014,551060.7596647743,423768.31038300187,127292.44928177242,1.7150108252123988
091 16 0 354.00,URBAN SERVICES DISTRICT,SINGLE FAMILY,2013,100000.0,362245.4207750933,-262245.4207750933,-3.5212733229143107
093 04 0 133.00,URBAN SERVICES DISTRICT,SINGLE FAMILY,2014,353269.3084279535,362053.7199652566,-8784.411537303065,-0.11417489459900622
093 13 0 225.00,URBAN SERVICES DISTRICT,SINGLE FAMILY,2016,495019.1869403809,247114.57299747458,247904.61394290632,3.3363154901327756
102 08 0 028.00,URBAN SERVICES DISTRICT,SINGLE FAMILY,2016,228097.07633527354,293335.3070017131,-65238.230666439544,-0.8730439569675921
091 16 0 079.00,URBAN SERVICES DISTRICT,SINGLE FAMILY,2013,331000.0,353593.6975517269,-22593.697551726887,-0.29980343295836887
103 14 0 053.00,URBAN SERVICES DISTRICT,SINGLE FAMILY,2014,324732.23337388487,368110.9476829653,-43378.714309080446,-0.579201823028095
104 14 0 314.00,URBAN SERVICES DISTRICT,SINGLE FAMILY,2015,590705.1266364859,596260.9009815664,-5555.774345080485,-0.07077459119020173
150 05 0 128.00,URBAN SERVICES DISTRICT,SINGLE FAMILY,2016,153358.88536584348,145482.05194522074,7876.833420622745,0.10979052588374949
071 12 0 270.00,URBAN SERVICES DISTRICT,SINGLE FAMILY,2013,33686.0,85201.13859259944,-51515.13859259944,-0.6885740632470092
133 16 0 152.00,URBAN SERVICES DISTRICT,SINGLE FAMILY,2015,137601.8597822097,126208.27027537607,11393.58950683364,0.15706380933720682
075 09 0 193.00,GENERAL SERVICES DISTRICT,SINGLE FAMILY,2016,145496.81592620214,156364.0177929397,-10867.201866737567,-0.1421723829672036
097 04 0 012.00,GENERAL SERVICES DISTRICT,SINGLE FAMILY,2014,179586.76542646662,190516.66459396126,-10929.899167494645,-0.14301517877043757
106 14 0 087.00,URBAN SERVICES DISTRICT,SINGLE FAMILY,2013,85000.0,97147.68848581299,-12147.688485812992,-0.15938506574018843
043 06 0 117.00,GENERAL SERVICES DISTRICT,SINGLE FAMILY,2015,124824.54423100452,160268.31072102583,-35443.76649002131,-0.4725378894929898
071 15 0 404.00,URBAN SERVICES DISTRICT,SINGLE FAMILY,2016,303805.89316144946,287046.3459715553,16759.54718989419,0.22919461179609718
156 06 0 025.00,GENERAL SERVICES DISTRICT,SINGLE FAMILY,2016,223243.94705154432,199609.57158860573,23634.375462938595,0.3216081024330424
086 07 0 053.00,GENERAL SERVICES DISTRICT,SINGLE FAMILY,2015,112538.66389330722,131726.6647878967,-19188.00089458948,-0.25402304345094207
104 05 0 211.00,URBAN SERVICES DISTRICT,SINGLE FAMILY,2016,718263.1339919253,570073.0685290302,148190.0654628951,1.9959228102958377
044 15 0 332.00,GENERAL SERVICES DISTRICT,SINGLE FAMILY,2014,160398.04254528251,134152.23963076595,26245.802914516564,0.3567116885533969
106 13 0 078.00,URBAN SERVICES DISTRICT,SINGLE FAMILY,2015,201127.72409152085,176173.7452425951,24953.978848925763,0.339346604445312
114 14 0 017.00,GENERAL SERVICES DISTRICT,SINGLE FAMILY,2015,132687.50764713078,219980.39314037416,-87292.88549324338,-1.1695092003729135
145 09 0 015.00,CITY OF FOREST HILLS,SINGLE FAMILY,2015,860011.6236388107,658636.0721084009,201375.55153040984,2.7108579655481013
092 06 0 428.00,URBAN SERVICES DISTRICT,SINGLE FAMILY,2016,168888.89907377702,143676.84102917957,25212.05804459745,0.34281578191208734
064 01 0 007.00,GENERAL SERVICES DISTRICT,SINGLE FAMILY,2015,285032.42383457726,305879.61176737683,-20847.18793279957,-0.2763263301267369
071 08 0 292.00,URBAN SERVICES DISTRICT,SINGLE FAMILY,2015,245619.31971124434,182593.37657287388,63025.943138370465,0.8511212954856543
160 06 0 013.00,CITY OF OAK HILL,SINGLE FAMILY,2013,372000.0,426256.3802856794,-54256.38028567942,-0.7254226510917887
158 03 0 050.00,CITY OF FOREST HILLS,SINGLE FAMILY,2013,439000.0,432618.96747874253,6381.032521257468,0.08968352438231222
118 04 0 109.00,CITY OF BERRY HILL,SINGLE FAMILY,2015,150870.61054692278,188121.71992227426,-37251.10937535149,-0.49683273122250493
043 01 0 082.00,GENERAL SERVICES DISTRICT,SINGLE FAMILY,2015,511092.6220482075,102406.24905648665,408686.37299172085,5.497591815056802
104 05 0 204.00,URBAN SERVICES DISTRICT,SINGLE FAMILY,2016,499872.31622411014,476494.03779885016,23378.27842525998,0.31816556972477716
084 11 0 043.00,URBAN SERVICES DISTRICT,SINGLE FAMILY,2014,107260.040720465,107385.68582038273,-125.6450999177323,0.002218824532316223
092 03 0 353.00,URBAN SERVICES DISTRICT,TRIPLEX,2016,315453.4034423996,190959.84623055914,124493.55721184044,1.677387283819715
084 05 0 077.00,URBAN SERVICES DISTRICT,SINGLE FAMILY,2014,228788.6189679643,238609.32090901837,-9820.701941054052,-0.1281050190647609
072 01 0 081.00,URBAN SERVICES DISTRICT,SINGLE FAMILY,2015,93372.69056649944,112480.784382127,-19108.093815627566,-0.25294890867983416
105 04 0 033.00,URBAN SERVICES DISTRICT,TRIPLEX,2014,39361.48283319816,124112.09346120397,-84750.61062800582,-1.1353351839285533
120 09 0 144.00,URBAN SERVICES DISTRICT,SINGLE FAMILY,2015,193625.4741221094,194573.52633072258,-948.0522086131969,-0.008836216935000236
156 02 0 183.00,GENERAL SERVICES DISTRICT,SINGLE FAMILY,2014,168516.34837962964,184121.54487790025,-15605.196498270612,-0.205861918927813
083 07 0 132.00,URBAN SERVICES DISTRICT,SINGLE FAMILY,2014,186967.04345769127,214670.40802238224,-27703.36456469097,-0.36848909984432254
061 02 0 068.00,URBAN SERVICES DISTRICT,SINGLE FAMILY,2014,98403.7070829954,202215.06160618365,-103811.35452318825,-1.3915553842784616
084 06 0 021.00,URBAN SERVICES DISTRICT,SINGLE FAMILY,2015,211317.14180839347,256832.43187642575,-45515.29006803228,-0.6079223111702057
081 16 0 199.00,URBAN SERVICES DISTRICT,DUPLEX,2015,137601.8597822097,169013.75875760417,-31411.898975394462,-0.4183403246936916
116 16 0 124.00,URBAN SERVICES DISTRICT,VACANT RESIDENTIAL LAND,2014,403455.1990402812,406471.0171326278,-3015.818092346599,-0.0366317422261608
026 05 0 050.00,CITY OF GOODLETTSVILLE,SINGLE FAMILY,2013,75000.0,195966.28797895162,-120966.28797895162,-1.6221571126892806
061 07 0 205.00,URBAN SERVICES DISTRICT,SINGLE FAMILY,2013,77500.0,159663.75909039917,-82163.75909039917,-1.1005619545684668
150 02 0 273.00,URBAN SERVICES DISTRICT,SINGLE FAMILY,2014,147113.54208907814,154838.4479042235,-7724.90581514535,-0.09993270290407782
148 13 0 089.00,URBAN SERVICES DISTRICT,SINGLE FAMILY,2013,93000.0,109938.70121574783,-16938.70121574783,-0.22378728678115883
072 12 0 309.00,URBAN SERVICES DISTRICT,SINGLE FAMILY,2015,162173.6204576043,196976.68443488193,-34803.063977277634,-0.4639253753601408
104 05 0 040.00,URBAN SERVICES DISTRICT,SINGLE FAMILY,2015,266357.8857212774,268024.8107477,-1666.9250264225993,-0.018499519606612225
094 05 0 127.00,URBAN SERVICES DISTRICT,SINGLE FAMILY,2014,423135.94045688026,279387.90073650586,143748.0397203744,1.936211776352626
071 12 0 162.00,URBAN SERVICES DISTRICT,SINGLE FAMILY,2016,359131.56699596264,310365.84735038533,48765.71964557731,0.6594311211435389
118 01 0 458.00,URBAN SERVICES DISTRICT,ZERO LOT LINE,2016,296040.88630748267,230813.06952635973,65227.816781122936,0.8807195372433547
061 16 0 280.00,URBAN SERVICES DISTRICT,SINGLE FAMILY,2016,203831.4299166274,170238.00142291203,33593.428493715386,0.4554806614933387
132 05 0 126.00,URBAN SERVICES DISTRICT,SINGLE FAMILY,2015,594636.6083445491,467468.42178426293,127168.18656028615,1.713340448674614
071 09 0 040.00,URBAN SERVICES DISTRICT,SINGLE FAMILY,2013,55000.0,77046.39475153705,-22046.394751537053,-0.292446425598748
108 16 0 175.00,GENERAL SERVICES DISTRICT,ZERO LOT LINE,2013,69100.0,103326.54912171637,-34226.549121716365,-0.45617569084578447
094 02 0 059.00,URBAN SERVICES DISTRICT,SINGLE FAMILY,2013,400900.0,252947.44450042347,147952.55549957653,1.9927301305808576
142 03 0 023.00,GENERAL SERVICES DISTRICT,SINGLE FAMILY,2014,206647.78487429034,236612.88317287157,-29965.09829858123,-0.39889199878794546
033 11 0 038.00,GENERAL SERVICES DISTRICT,SINGLE FAMILY,2014,117100.41142876454,125803.82861033434,-8703.417181569806,-0.11308614432948329
103 05 0 041.00,URBAN SERVICES DISTRICT,SINGLE FAMILY,2013,430000.0,423164.8966153473,6835.103384652699,0.09578728026046487
060 15 0 065.00,URBAN SERVICES DISTRICT,SINGLE FAMILY,2016,115298.70427112542,148264.41804026865,-32965.71376914323,-0.43922716625403513
082 03 0 097.00,URBAN SERVICES DISTRICT,SINGLE FAMILY,2016,276628.3691725658,285178.189044964,-8549.819872398162,-0.11102144352107925
103 09 0 100.00,URBAN SERVICES DISTRICT,SINGLE FAMILY,2013,320000.0,362600.8356582841,-42600.83565828408,-0.5687453463632289
098 01 0 098.00,GENERAL SERVICES DISTRICT,SINGLE FAMILY,2016,180439.34676905256,177220.9226639918,3218.4241050607525,0.0471707994602258
075 08 0 004.00,GENERAL SERVICES DISTRICT,SINGLE FAMILY,2015,147430.56405236755,156466.1268933499,-9035.56284098234,-0.11755094527681365
146 08 0 112.00,URBAN SERVICES DISTRICT,SINGLE FAMILY,2015,321423.20139483665,272314.7283961055,49108.47299873113,0.6640385138716827
071 10 0 198.00,URBAN SERVICES DISTRICT,ZERO LOT LINE,2013,31500.0,66782.34585015057,-35282.34585015057,-0.4703680251416438
091 08 0 278.03,URBAN SERVICES DISTRICT,DUPLEX,2014,369013.90156123275,123254.37596413739,245759.52559709537,3.3074805732609924
164 13 0 102.00,URBAN SERVICES DISTRICT,SINGLE FAMILY,2014,157445.93133279265,141701.8276960893,15744.103636703338,0.21554471690881827
034 03 0 122.00,GENERAL SERVICES DISTRICT,ZERO LOT LINE,2014,119068.48557042444,124002.9775005941,-4934.491930169665,-0.06242312780043555
064 08 0 072.00,GENERAL SERVICES DISTRICT,ZERO LOT LINE,2014,78722.96566639633,83754.36708817913,-5031.401421782808,-0.06372581406984203
061 03 0 161.00,URBAN SERVICES DISTRICT,SINGLE FAMILY,2014,344314.5710834009,273399.5696110822,70915.00147231872,0.9571683688848842
018 07 0 109.00,CITY OF GOODLETTSVILLE,SINGLE FAMILY,2015,78629.63416126269,157352.20721398602,-78722.57305272334,-1.0543045062305005
051 03 0 115.00,GENERAL SERVICES DISTRICT,SINGLE FAMILY,2015,98287.04270157836,134015.41535627496,-35728.37265469659,-0.4763636503832744
094 02 0 137.00,URBAN SERVICES DISTRICT,SINGLE FAMILY,2014,437896.49651932955,281035.6755855337,156860.82093379583,2.112477689588915
150 06 0 143.00,URBAN SERVICES DISTRICT,ZERO LOT LINE,2016,90365.26726303816,97910.80488303934,-7545.5376200011815,-0.09752158216561305
084 15 0 062.00,URBAN SERVICES DISTRICT,SINGLE FAMILY,2014,54122.03889564747,119997.30103761179,-65875.26214196431,-0.8816071239240196
103 06 0 020.00,URBAN SERVICES DISTRICT,DUPLEX,2016,873563.2710712604,353200.4266834273,520362.84438783315,6.998780227892818
116 12 0 039.00,URBAN SERVICES DISTRICT,SINGLE FAMILY,2014,565821.3157272236,467004.5688740629,98816.74685316073,1.3322319461987984
043 05 0 085.00,GENERAL SERVICES DISTRICT,SINGLE FAMILY,2015,164630.79652514376,163315.3768916912,1315.4196334525477,0.021590046176747563
150 11 0 350.00,URBAN SERVICES DISTRICT,SINGLE FAMILY,2016,157241.38879282688,172066.8934412989,-14825.504648472008,-0.19538106870154867
083 01 0 434.00,URBAN SERVICES DISTRICT,SINGLE FAMILY,2013,200000.0,292811.1065710489,-92811.1065710489,-1.2436867727649215
104 11 0 232.00,URBAN SERVICES DISTRICT,SINGLE FAMILY,2013,431500.0,399052.0499530885,32447.950046911486,0.4400827988101945
095 07 0 098.00,URBAN SERVICES DISTRICT,SINGLE FAMILY,2015,58972.22562094702,154005.48534757615,-95033.25972662913,-1.2735576177782082
091 13 0 376.00,URBAN SERVICES DISTRICT,VACANT RESIDENTIAL LAND,2013,25000.0,71784.68367082522,-46784.68367082522,-0.6249858783121316
132 09 0 018.00,URBAN SERVICES DISTRICT,SINGLE FAMILY,2016,409604.1115467466,348309.992524353,61294.1190223936,0.8278415995615857
105 01 0 051.00,URBAN SERVICES DISTRICT,SINGLE FAMILY,2014,285370.75054068665,275313.480362907,10057.270177779661,0.13910060663617244
104 05 0 245.00,URBAN SERVICES DISTRICT,SINGLE FAMILY,2016,427075.37696817174,376931.82416321407,50143.55280495767,0.6779523651247044
120 09 0 002.00,URBAN SERVICES DISTRICT,SINGLE FAMILY,2016,203831.4299166274,233573.7766507338,-29742.346734106395,-0.39589770586885203
142 03 0 057.00,GENERAL SERVICES DISTRICT,SINGLE FAMILY,2013,260000.0,260577.46108120587,-577.4610812058672,-0.0038546205485022454
072 07 0 283.00,URBAN SERVICES DISTRICT,SINGLE FAMILY,2015,280118.07169949834,383438.8641003515,-103320.79240085318,-1.3849611020216954
075 07 0 212.00,GENERAL SERVICES DISTRICT,ZERO LOT LINE,2016,124240.10966346815,103999.97924593504,20240.130417533102,0.2759816489035824
069 03 0 002.00,URBAN SERVICES DISTRICT,SINGLE FAMILY,2015,45212.03964272605,100653.38504098947,-55441.34539826342,-0.7413513053050517
131 05 0 024.00,URBAN SERVICES DISTRICT,VACANT RESIDENTIAL LAND,2015,466863.45283249725,442229.82046660664,24633.632365890604,0.3350404115435018
147 14 0 126.00,URBAN SERVICES DISTRICT,SINGLE FAMILY,2014,225246.08551297648,201716.13067170983,23529.954841266648,0.32020444931474984
075 10 0 048.00,GENERAL SERVICES DISTRICT,SINGLE FAMILY,2014,152427.34227155987,129983.97728885309,22443.364982706786,0.30559818458608135
115 08 0 089.00,URBAN SERVICES DISTRICT,SINGLE FAMILY,2013,433500.0,488523.0207121555,-55023.0207121555,-0.7357280601958734
083 01 0 323.00,URBAN SERVICES DISTRICT,SINGLE FAMILY,2015,211317.14180839347,215603.43624398045,-4286.294435586984,-0.05370986388788385
033 15 0 023.00,GENERAL SERVICES DISTRICT,SINGLE FAMILY,2013,130000.0,140779.72714245718,-10779.72714245718,-0.14099652165224527
108 03 0 086.00,GENERAL SERVICES DISTRICT,ZERO LOT LINE,2016,111524.91094009757,90442.81964092563,21082.091299171938,0.28729953801465813
033 11 0 009.00,GENERAL SERVICES DISTRICT,SINGLE FAMILY,2016,155785.4500077081,156918.0341299133,-1132.5841222052113,-0.011316749915848273
081 12 0 352.00,URBAN SERVICES DISTRICT,SINGLE FAMILY,2015,437377.3400220237,384372.41132455016,53004.928697473544,0.7164158326833926
073 16 0 052.00,URBAN SERVICES DISTRICT,SINGLE FAMILY,2013,131500.0,149317.7674972945,-17817.767497294495,-0.23560395773677997
091 06 0 292.00,URBAN SERVICES DISTRICT,SINGLE FAMILY,2014,73606.9569351514,183583.73675646476,-109976.77982131336,-1.4744328686943389
072 16 0 158.00,URBAN SERVICES DISTRICT,SINGLE FAMILY,2013,154400.0,157703.20695734525,-3303.2069573452463,-0.0404949090035549
119 14 0 335.00,URBAN SERVICES DISTRICT,SINGLE FAMILY,2016,264980.85889161564,200027.82755583158,64953.031335784064,0.8770257893893814
084 11 0 040.00,URBAN SERVICES DISTRICT,SINGLE FAMILY,2014,171222.450324412,169116.2336197099,2106.216704702092,0.032220176099582866
026 07 0 141.00,CITY OF GOODLETTSVILLE,SINGLE FAMILY,2013,115000.0,128658.66764346868,-13658.667643468681,-0.17969609791333077
052 12 0 038.00,GENERAL SERVICES DISTRICT,SINGLE FAMILY,2015,162173.6204576043,161036.56854491637,1137.0519126879226,0.019192374113076446
059 15 0 060.00,URBAN SERVICES DISTRICT,SINGLE FAMILY,2016,125210.73552021399,149893.92559713722,-24683.19007692323,-0.3278910142395358
150 11 0 205.00,URBAN SERVICES DISTRICT,SINGLE FAMILY,2014,131368.94895579887,134376.67599034082,-3007.727034541953,-0.036522979815672034
075 08 0 107.00,GENERAL SERVICES DISTRICT,SINGLE FAMILY,2016,174615.5916285775,159103.73896028742,15511.852668290085,0.212422730170759
061 15 0 351.00,URBAN SERVICES DISTRICT,SINGLE FAMILY,2015,260362.3761164811,215723.389020107,44638.9870963741,0.6039583522756576
072 11 0 232.00,URBAN SERVICES DISTRICT,SINGLE FAMILY,2015,245717.6067539459,187175.3254861156,58542.281267830316,0.7908505763002714
061 11 0 170.00,URBAN SERVICES DISTRICT,SINGLE FAMILY,2015,125315.97944451241,240599.81636185545,-115283.83691734304,-1.5457719119074849
083 13 0 294.00,URBAN SERVICES DISTRICT,SINGLE FAMILY,2013,429000.0,407862.9609548682,21137.039045131824,0.2880381619926119
092 06 0 563.00,URBAN SERVICES DISTRICT,SINGLE FAMILY,2014,51169.92768315761,96513.74068196895,-45343.812998811336,-0.6056172652982914
150 02 0 403.00,URBAN SERVICES DISTRICT,SINGLE FAMILY,2015,166989.68554998163,166583.01044069114,406.67510929048876,0.009374431438514054
083 08 0 084.00,URBAN SERVICES DISTRICT,SINGLE FAMILY,2013,115000.0,172347.1004082252,-57347.100408225204,-0.7669690321448559
082 05 0 014.00,URBAN SERVICES DISTRICT,VACANT RESIDENTIAL LAND,2013,42500.0,120000.11997672282,-77500.11997672282,-1.0378719276399881
069 04 0 002.00,URBAN SERVICES DISTRICT,SINGLE FAMILY,2013,30000.0,101871.43078306517,-71871.43078306517,-0.9622094099105076
092 03 0 196.00,URBAN SERVICES DISTRICT,RESIDENTIAL COMBO/MISC,2016,163065.14393330194,147468.05895931262,15597.084973989316,0.21356844822681353
105 10 0 335.00,URBAN SERVICES DISTRICT,SINGLE FAMILY,2014,316859.9368072452,388619.0465942984,-71759.1097870532,-0.9606995576056896
115 10 0 016.00,URBAN SERVICES DISTRICT,SINGLE FAMILY,2016,485215.86578724784,386698.99067934003,98516.8751079078,1.328200980824598
119 01 0 462.00,URBAN SERVICES DISTRICT,SINGLE FAMILY,2015,137601.8597822097,204461.3661629,-66859.50638069029,-0.8948376283275415
073 13 0 050.00,URBAN SERVICES DISTRICT,SINGLE FAMILY,2014,240105.0452825088,162599.76777719118,77505.27750531762,1.04575682350249
071 15 0 164.00,URBAN SERVICES DISTRICT,SINGLE FAMILY,2016,174712.65421425208,188078.70811651892,-13366.053902266838,-0.17576269679277837
149 04 0 044.00,URBAN SERVICES DISTRICT,SINGLE FAMILY,2015,148020.28630857702,141988.87154253243,6031.414766044589,0.08498385831580733
160 04 0 141.00,URBAN SERVICES DISTRICT,SINGLE FAMILY,2015,427548.63575186586,351790.2248912592,75758.41086060664,1.0222749214238653
051 03 0 097.00,GENERAL SERVICES DISTRICT,SINGLE FAMILY,2013,130000.0,130533.49995565087,-533.4999556508701,-0.003263681996510278
052 16 0 014.00,GENERAL SERVICES DISTRICT,SINGLE FAMILY,2013,169900.0,150992.16918809805,18907.83081190195,0.25807248052284587
176 05 0 069.00,URBAN SERVICES DISTRICT,SINGLE FAMILY,2016,194125.171349169,177796.1926482959,16328.978700873093,0.22340678183898693
148 10 0 098.00,URBAN SERVICES DISTRICT,SINGLE FAMILY,2014,136781.15284536363,126860.79936848482,9920.353476878809,0.1372601315356738
073 13 0 176.00,URBAN SERVICES DISTRICT,SINGLE FAMILY,2015,140550.47106325705,186975.97283201249,-46425.501768755435,-0.6201576481330544
072 12 0 310.00,URBAN SERVICES DISTRICT,SINGLE FAMILY,2014,229772.6560387943,185566.52719958875,44206.12883920554,0.5981397425726611
147 01 0 063.00,URBAN SERVICES DISTRICT,SINGLE FAMILY,2016,271775.2398888366,274920.61978654977,-3145.3798977131955,-0.03837335062881688
074 16 0 098.00,GENERAL SERVICES DISTRICT,SINGLE FAMILY,2016,112689.6619681926,127016.52049763572,-14326.858529443125,-0.18867811895184994
160 14 0 017.00,URBAN SERVICES DISTRICT,SINGLE FAMILY,2015,260362.3761164811,245363.0863025248,14999.289813956275,0.2055327075173135
150 06 0 246.00,URBAN SERVICES DISTRICT,SINGLE FAMILY,2014,165613.43902068128,149478.6289222203,16134.810098460992,0.22079670961487693
072 13 0 078.00,URBAN SERVICES DISTRICT,SINGLE FAMILY,2013,62000.0,242528.95918138474,-180528.95918138474,-2.4228162911970177
158 03 0 082.00,CITY OF FOREST HILLS,SINGLE FAMILY,2013,850000.0,540776.6228147794,309223.3771852206,4.160580581230575
007 14 0 002.00,GENERAL SERVICES DISTRICT,SINGLE FAMILY,2014,168270.33911192213,194662.0548467212,-26391.715734799072,-0.35085752534588094
095 08 0 073.00,URBAN SERVICES DISTRICT,SINGLE FAMILY,2013,55000.0,108751.78554629348,-53751.78554629348,-0.718639738214309
096 09 0 016.00,URBAN SERVICES DISTRICT,SINGLE FAMILY,2014,142685.37527034333,133025.06237108543,9660.3128992579,0.1337645885881619
107 13 0 005.00,URBAN SERVICES DISTRICT,SINGLE FAMILY,2015,117944.45124189404,194268.45045564626,-76323.99921375222,-1.0220621618102201
072 14 0 142.00,URBAN SERVICES DISTRICT,SINGLE FAMILY,2016,191213.29377893143,178931.04534380735,12282.248435124086,0.16900942750937384
085 07 0 110.00,URBAN SERVICES DISTRICT,SINGLE FAMILY,2013,131900.0,148096.5510001236,-16196.55100012361,-0.2138110823904673
060 03 0 033.00,URBAN SERVICES DISTRICT,SINGLE FAMILY,2015,139567.6006362413,210341.7041387158,-70774.10350247452,-0.9474588095546937
061 07 0 227.00,URBAN SERVICES DISTRICT,SINGLE FAMILY,2015,393148.17080631346,288367.4929284335,104780.67787787993,1.4124008845377058
092 13 0 447.00,URBAN SERVICES DISTRICT,SINGLE FAMILY,2014,219440.26679507975,205930.31099137812,13509.955803701625,0.1855126358667088
158 07 0 010.00,CITY OF FOREST HILLS,SINGLE FAMILY,2015,515908.6871405848,531767.9205673271,-15859.233426742256,-0.20927675903411813
129 15 0 109.00,URBAN SERVICES DISTRICT,SINGLE FAMILY,2013,255000.0,331880.09363608924,-76880.09363608924,-1.0295373487750201
118 01 0 332.00,URBAN SERVICES DISTRICT,SINGLE FAMILY,2016,446487.89410308865,306454.57261707686,140033.3214860118,1.8862774267025892
116 12 0 039.00,URBAN SERVICES DISTRICT,SINGLE FAMILY,2015,615276.8873118806,484825.7688934023,130451.11841847829,1.7574705971654967
119 02 0 233.00,URBAN SERVICES DISTRICT,SINGLE FAMILY,2015,196574.08540315673,156315.24239403626,40258.843009120465,0.5450791499859061
160 08 0 028.00,URBAN SERVICES DISTRICT,SINGLE FAMILY,2015,344004.6494555243,313918.90326809726,30085.746187427023,0.4083293504939716
133 08 0 106.00,URBAN SERVICES DISTRICT,SINGLE FAMILY,2016,192183.9196356773,146771.86586201654,45412.053773660766,0.6143501449584338
083 10 0 273.00,URBAN SERVICES DISTRICT,SINGLE FAMILY,2016,564904.2486260817,473269.20000652166,91635.04861956008,1.2356934180917802
081 12 0 155.00,URBAN SERVICES DISTRICT,SINGLE FAMILY,2015,63886.57775602594,158481.74680243642,-94595.16904641048,-1.2676686722850883
073 01 0 159.00,URBAN SERVICES DISTRICT,SINGLE FAMILY,2014,171468.4595921195,188741.31566459133,-17272.856072471826,-0.22827909595757595
091 07 0 389.00,URBAN SERVICES DISTRICT,SINGLE FAMILY,2015,319334.6017374281,320249.4876321104,-914.8858946823166,-0.008390385458171782
108 16 0 129.00,GENERAL SERVICES DISTRICT,ZERO LOT LINE,2013,78000.0,90907.82958850205,-12907.829588502049,-0.1696031089968536
072 04 0 444.00,URBAN SERVICES DISTRICT,SINGLE FAMILY,2015,432462.9878869448,356728.3713939752,75734.61649296957,1.0219550704423561
061 03 0 196.00,URBAN SERVICES DISTRICT,SINGLE FAMILY,2013,211900.0,196293.48125879298,15606.518741207023,0.21369525973741707
090 16 0 118.00,URBAN SERVICES DISTRICT,SINGLE FAMILY,2015,108115.7469717362,140409.45694186984,-32293.70997013364,-0.4301938909020876
026 06 0 057.00,CITY OF GOODLETTSVILLE,ZERO LOT LINE,2013,112000.0,100710.26880606475,11289.731193935251,0.15566771494104034
116 08 0 101.00,URBAN SERVICES DISTRICT,SINGLE FAMILY,2016,460076.6560975305,403383.7255774749,56692.93052005558,0.7659910523636502
051 07 0 039.00,GENERAL SERVICES DISTRICT,SINGLE FAMILY,2016,194125.171349169,242834.76799199113,-48709.59664282214,-0.6508611321874982
119 14 0 296.00,URBAN SERVICES DISTRICT,SINGLE FAMILY,2013,58000.0,115765.55981955183,-57765.559819551825,-0.7725940882705779
104 15 0 210.00,URBAN SERVICES DISTRICT,DUPLEX,2013,342000.0,388573.71427122265,-46573.71427122265,-0.6221499647648364
061 11 0 016.00,URBAN SERVICES DISTRICT,SINGLE FAMILY,2014,232380.35427649366,212709.4421162702,19670.912160223466,0.26833004743762057
086 03 0 016.00,GENERAL SERVICES DISTRICT,SINGLE FAMILY,2016,242656.46418646123,257952.5743329664,-15296.110146505176,-0.20170708806652754
075 06 0 033.00,GENERAL SERVICES DISTRICT,SINGLE FAMILY,2013,112000.0,134998.23784663473,-22998.23784663473,-0.3052413841727019
072 05 0 068.00,URBAN SERVICES DISTRICT,SINGLE FAMILY,2015,206402.78967331458,117140.95389261185,89261.83578070272,1.2037919837936837
026 05 0 117.00,CITY OF GOODLETTSVILLE,SINGLE FAMILY,2015,125807.41465802031,118723.78176437874,7083.632893641567,0.09912808799263773
102 15 0 122.00,URBAN SERVICES DISTRICT,SINGLE FAMILY,2014,379346.2908049473,366542.68061334145,12803.610191605869,0.17601772762793874
075 11 0 107.00,GENERAL SERVICES DISTRICT,DUPLEX,2013,95000.0,127539.53346522026,-32539.53346522026,-0.43349832358887935
108 12 0 299.00,GENERAL SERVICES DISTRICT,SINGLE FAMILY,2014,174174.56153690186,165363.1731204584,8811.388416443457,0.1223530926746349
091 06 0 345.00,URBAN SERVICES DISTRICT,DUPLEX,2016,208684.55920035666,244065.5780130125,-35381.01881265585,-0.4716944165123716
119 16 0 002.00,URBAN SERVICES DISTRICT,SINGLE FAMILY,2015,163156.49088462009,139499.31307665858,23657.177807961503,0.3219146183509072
176 02 0 078.00,URBAN SERVICES DISTRICT,SINGLE FAMILY,2016,143652.62679838506,150759.13845230333,-7106.511653918278,-0.0916200642811508
150 10 0 051.00,URBAN SERVICES DISTRICT,SINGLE FAMILY,2014,100371.78122465531,116463.20308728213,-16091.421862626827,-0.2123979051912895
148 03 0 115.00,URBAN SERVICES DISTRICT,SINGLE FAMILY,2013,86000.0,131934.11994671018,-45934.11994671018,-0.6135523472284785
128 09 0 011.00,GENERAL SERVICES DISTRICT,SINGLE FAMILY,2016,318365.28101263713,290048.70173865976,28316.579273977375,0.38454768155653485
115 02 0 024.00,URBAN SERVICES DISTRICT,SINGLE FAMILY,2015,375456.50312002935,379949.0682685326,-4492.565148503229,-0.05648261628833327
053 16 0 226.00,GENERAL SERVICES DISTRICT,SINGLE FAMILY,2013,142750.0,134376.62779132844,8373.372208671557,0.11646514826234002
075 15 0 031.00,GENERAL SERVICES DISTRICT,ZERO LOT LINE,2015,69488.93919001591,97760.2568125042,-28271.31762248829,-0.37612369412135666
150 03 0 118.00,URBAN SERVICES DISTRICT,ZERO LOT LINE,2016,117445.72866624723,104790.50351393825,12655.22515230898,0.17402309170466887
150 02 0 224.00,URBAN SERVICES DISTRICT,SINGLE FAMILY,2016,169859.52493052286,167348.83795480864,2510.6869757142267,0.03765718603183971
147 02 0 055.00,URBAN SERVICES DISTRICT,SINGLE FAMILY,2015,159716.44439006483,205100.23238173695,-45383.787991672114,-0.6061546210665709
095 05 0 112.00,URBAN SERVICES DISTRICT,SINGLE FAMILY,2016,134431.6811592995,191213.2865462417,-56781.60538694219,-0.7593674795272464
071 15 0 339.00,URBAN SERVICES DISTRICT,SINGLE FAMILY,2016,286334.62774002424,249014.58719102462,37320.04054899962,0.5055748914290676
042 07 0 082.00,GENERAL SERVICES DISTRICT,SINGLE FAMILY,2015,186745.38113299888,216349.74825515138,-29604.3671221525,-0.39404294280118574
103 04 0 399.00,URBAN SERVICES DISTRICT,SINGLE FAMILY,2016,407662.8598332548,387690.7882936571,19972.071539597702,0.2723783215734492
091 08 0 126.00,URBAN SERVICES DISTRICT,SINGLE FAMILY,2013,78000.0,132415.57107883983,-54415.57107883983,-0.7275625411790654
150 11 0 073.00,URBAN SERVICES DISTRICT,SINGLE FAMILY,2014,93483.52172884563,107948.88333562962,-14465.36160678399,-0.19053991859726277
094 02 0 147.00,URBAN SERVICES DISTRICT,SINGLE FAMILY,2016,824934.9156482936,381331.43615399697,443603.4794942966,5.966957967444499
136 13 0 002.00,URBAN SERVICES DISTRICT,SINGLE FAMILY,2014,142685.37527034333,154111.8621729485,-11426.48690260516,-0.1496904591100198
095 08 0 067.00,URBAN SERVICES DISTRICT,SINGLE FAMILY,2016,121328.23209323062,154155.1070670484,-32826.87497381779,-0.4373608537874154
042 04 0 098.00,GENERAL SERVICES DISTRICT,SINGLE FAMILY,2014,78722.96566639633,132333.21650477764,-53610.25083838131,-0.7167371864872021
083 01 0 246.00,URBAN SERVICES DISTRICT,SINGLE FAMILY,2015,195591.21497614094,162941.05719074508,32650.15778539586,0.4428009354973919
053 03 0 267.00,GENERAL SERVICES DISTRICT,SINGLE FAMILY,2016,198978.3006328982,163461.49970803288,35516.800924865325,0.48133520695949356
116 12 0 103.00,URBAN SERVICES DISTRICT,SINGLE FAMILY,2015,650660.2226844488,639536.9220755291,11123.3006089197,0.15343050541388148
091 09 0 220.00,URBAN SERVICES DISTRICT,SINGLE FAMILY,2014,122512.61531832928,122885.28275444312,-372.667436113843,-0.0011017233339749176
163 01 0 073.00,URBAN SERVICES DISTRICT,SINGLE FAMILY,2015,119320.46983971614,132340.93548351026,-13020.465643794116,-0.17111719642241577
083 09 0 257.00,URBAN SERVICES DISTRICT,SINGLE FAMILY,2016,665364.0247992767,580491.2247935608,84872.80000571592,1.1447932567873225
149 05 0 145.00,URBAN SERVICES DISTRICT,SINGLE FAMILY,2016,208587.49661468208,185008.691345288,23578.80526939407,0.3208611113291401
051 08 0 116.00,GENERAL SERVICES DISTRICT,SINGLE FAMILY,2015,127674.8684693503,126710.73879984263,964.1296695076744,0.016867901782078015
090 16 0 251.00,URBAN SERVICES DISTRICT,SINGLE FAMILY,2015,181831.02899792,215362.92290803062,-33531.89391011064,-0.446837928454637
091 07 0 410.00,URBAN SERVICES DISTRICT,SINGLE FAMILY,2015,356162.7566377095,320835.7477609963,35327.008876713226,0.47878396568214543
104 01 0 213.00,URBAN SERVICES DISTRICT,SINGLE FAMILY,2015,707666.7074513643,534471.0128466382,173195.69460472604,2.332055929959377
104 05 0 034.00,URBAN SERVICES DISTRICT,SINGLE FAMILY,2016,786347.6847133625,661678.3621787392,124669.32253462332,1.6797499736740904
091 07 0 312.00,URBAN SERVICES DISTRICT,SINGLE FAMILY,2014,206647.78487429034,291351.58169766056,-84703.79682337021,-1.1347058988141403
072 14 0 412.00,URBAN SERVICES DISTRICT,SINGLE FAMILY,2016,257215.8520376489,196803.72348618438,60412.12855146453,0.8159856207807537
072 02 0 177.00,URBAN SERVICES DISTRICT,SINGLE FAMILY,2015,142516.21191728863,313926.8313156911,-171410.6193984025,-2.3002448501818145
071 08 0 020.00,URBAN SERVICES DISTRICT,SINGLE FAMILY,2016,157241.38879282688,137478.48836414152,19762.90042868536,0.26956658115869453
075 08 0 134.00,GENERAL SERVICES DISTRICT,SINGLE FAMILY,2013,160800.0,138635.41434054507,22164.585659454926,0.3018507498348565
148 15 0 223.00,URBAN SERVICES DISTRICT,SINGLE FAMILY,2013,68000.0,97063.52274331388,-29063.52274331388,-0.3867727514662517
091 09 0 286.00,URBAN SERVICES DISTRICT,ZERO LOT LINE,2014,103323.89243714517,86767.24912435167,16556.6433127935,0.22646711740614048
133 02 0 001.00,URBAN SERVICES DISTRICT,SINGLE FAMILY,2016,266825.04801943275,200537.82239048523,66287.22562894752,0.8949604267246244
176 02 0 060.00,URBAN SERVICES DISTRICT,SINGLE FAMILY,2015,142417.92487458704,132775.41581892516,9642.509055661882,0.133525264016243
083 05 0 435.00,URBAN SERVICES DISTRICT,SINGLE FAMILY,2014,212254.82810387944,272156.95601185877,-59902.12790797933,-0.8013144733032144
105 02 0 514.00,URBAN SERVICES DISTRICT,SINGLE FAMILY,2013,179900.0,163247.25758837746,16652.742411622545,0.22775891013421162
147 10 0 213.00,URBAN SERVICES DISTRICT,SINGLE FAMILY,2015,283558.1181940536,246892.34722123982,36665.77097281377,0.49678000478586803
103 10 0 115.00,URBAN SERVICES DISTRICT,SINGLE FAMILY,2015,285032.42383457726,288490.337260372,-3457.9134257947444,-0.04257451946154841
075 07 0 222.00,GENERAL SERVICES DISTRICT,DUPLEX,2014,119560.50410583941,125593.52813257146,-6033.024026732048,-0.07718992365162784
149 10 0 055.00,URBAN SERVICES DISTRICT,SINGLE FAMILY,2013,163000.0,151276.78374717003,11723.216252829967,0.16149475029965338
148 10 0 034.00,URBAN SERVICES DISTRICT,SINGLE FAMILY,2016,160997.7108584333,160185.10267272248,812.608185710822,0.014831104837046015
072 04 0 236.00,URBAN SERVICES DISTRICT,SINGLE FAMILY,2013,124900.0,317595.5531841195,-192695.55318411952,-2.5863632739433
094 01 0 266.00,URBAN SERVICES DISTRICT,SINGLE FAMILY,2016,407565.79724758025,353209.07082851126,54356.72641906899,0.7345871005501875
060 02 0 236.00,URBAN SERVICES DISTRICT,SINGLE FAMILY,2015,84428.56968065581,113246.57144668838,-28818.00176603257,-0.38347238531396194
161 09 0 009.00,URBAN SERVICES DISTRICT,SINGLE FAMILY,2016,470753.5405217348,387489.2397124251,83264.3008093097,1.123171331188184
096 05 0 121.00,URBAN SERVICES DISTRICT,SINGLE FAMILY,2016,158212.01464957272,180729.945524728,-22517.93087515529,-0.29878495471020733
060 01 0 082.00,URBAN SERVICES DISTRICT,SINGLE FAMILY,2014,41329.55697485807,157779.20892814136,-116449.65195328329,-1.5614431450829667
083 05 0 080.00,URBAN SERVICES DISTRICT,SINGLE FAMILY,2015,441308.8217300869,327433.7577237963,113875.06400629057,1.5346503333889516
146 04 0 150.00,URBAN SERVICES DISTRICT,SINGLE FAMILY,2013,248400.0,222524.5984838675,25875.401516132493,0.35173264256097686
103 04 0 030.00,URBAN SERVICES DISTRICT,VACANT RESIDENTIAL LAND,2015,245717.6067539459,438310.4877039213,-192592.88094997537,-2.5849831231712495
081 03 0 216.00,URBAN SERVICES DISTRICT,SINGLE FAMILY,2014,9840.37070829954,74237.49936964238,-64397.12866134284,-0.8617376131309773
097 08 0 001.00,GENERAL SERVICES DISTRICT,SINGLE FAMILY,2016,307203.0836600599,246768.98527206058,60434.098387999315,0.8162809458713982
158 08 0 010.00,CITY OF FOREST HILLS,SINGLE FAMILY,2015,510109.75162119174,425378.7983376458,84730.95328354591,1.1428865108715682
083 16 0 013.00,URBAN SERVICES DISTRICT,SINGLE FAMILY,2015,206402.78967331458,177164.10065756866,29238.689015745913,0.3969429555332369
091 07 0 141.00,URBAN SERVICES DISTRICT,SINGLE FAMILY,2016,412515.98911698407,342743.85535237804,69772.13376460603,0.9418056005347152
072 03 0 212.00,URBAN SERVICES DISTRICT,SINGLE FAMILY,2014,349333.1601446337,222695.4400038029,126637.72014083076,1.7062097609627818
103 08 0 112.00,URBAN SERVICES DISTRICT,SINGLE FAMILY,2016,339719.0498610457,332351.56261529046,7367.48724575527,0.10294374279439752
095 08 0 129.00,URBAN SERVICES DISTRICT,SINGLE FAMILY,2014,132845.0045620438,112489.41021201434,20355.594350029452,0.277533749497352
081 07 0 187.00,URBAN SERVICES DISTRICT,SINGLE FAMILY,2015,58357.931604062156,122751.71871600067,-64393.787111938516,-0.8616926950279609
092 13 0 301.00,URBAN SERVICES DISTRICT,SINGLE FAMILY,2014,412311.53267775074,354228.17490573897,58083.357772011776,0.7846815898907942
115 15 0 062.00,URBAN SERVICES DISTRICT,SINGLE FAMILY,2013,258900.0,312761.41507329606,-53861.415073296055,-0.7201134109905308
142 11 0 052.00,GENERAL SERVICES DISTRICT,SINGLE FAMILY,2015,265375.01529426157,288454.2425002025,-23079.22720594093,-0.30633006727876316
090 08 0 049.00,URBAN SERVICES DISTRICT,SINGLE FAMILY,2016,179565.78349798132,139686.5092927321,39879.27420524921,0.5399768729966513
081 07 0 103.00,URBAN SERVICES DISTRICT,SINGLE FAMILY,2014,38082.23464111922,108367.20462939232,-70284.96998827311,-0.9408837310742459
130 16 0 004.00,CITY OF FOREST HILLS,SINGLE FAMILY,2014,413295.5697485807,401887.6278581451,11407.941890435584,0.15725673835520376
160 04 0 036.00,URBAN SERVICES DISTRICT,SINGLE FAMILY,2015,367102.10449039517,339817.05663553294,27285.047854862234,0.37068152878063465
103 04 0 404.00,URBAN SERVICES DISTRICT,SINGLE FAMILY,2013,569500.0,526958.6034936683,42541.396506331745,0.5757619143932635
160 16 0 066.00,URBAN SERVICES DISTRICT,SINGLE FAMILY,2013,370500.0,336054.7397625836,34445.26023741643,0.46693123767419054
119 06 0 062.00,URBAN SERVICES DISTRICT,SINGLE FAMILY,2015,194116.90933561727,118430.49468067504,75686.41465494223,1.0213071269693985
072 14 0 073.01,URBAN SERVICES DISTRICT,SINGLE FAMILY,2014,364093.716207083,240076.331132718,124017.38507436501,1.6709864360282582
094 01 0 139.00,URBAN SERVICES DISTRICT,SINGLE FAMILY,2015,137601.8597822097,317762.7010107982,-180160.8412285885,-2.4178679399607534
102 16 0 070.00,URBAN SERVICES DISTRICT,SINGLE FAMILY,2016,669731.841154633,633501.851135428,36229.990019205026,0.4909221073262349
071 14 0 305.00,URBAN SERVICES DISTRICT,SINGLE FAMILY,2015,791210.6937477058,329303.39052407036,461907.3032236354,6.213003421330794
050 10 0 043.00,URBAN SERVICES DISTRICT,SINGLE FAMILY,2013,89000.0,121092.00371289295,-32092.003712892954,-0.4274824952752306
147 09 0 103.00,URBAN SERVICES DISTRICT,SINGLE FAMILY,2015,270289.3674293405,292644.84173198347,-22355.47430264298,-0.29660116504354145
104 01 0 104.00,URBAN SERVICES DISTRICT,SINGLE FAMILY,2014,239121.00821167883,231913.7448218012,7207.263389877626,0.1007899659701792
131 03 0 002.00,URBAN SERVICES DISTRICT,DUPLEX,2015,383319.4665361556,390058.7400237808,-6739.273487625178,-0.08668353939727504
147 06 0 021.00,URBAN SERVICES DISTRICT,SINGLE FAMILY,2014,213339.23695593403,220158.00086378868,-6818.763907854649,-0.08775207331751943
118 09 0 255.00,URBAN SERVICES DISTRICT,ZERO LOT LINE,2013,295000.0,301969.4202944607,-6969.420294460724,-0.0897772413682773
108 12 0 228.00,GENERAL SERVICES DISTRICT,SINGLE FAMILY,2016,208587.49661468208,175550.1452649165,33037.35134976558,0.4480057067897694
073 07 0 028.00,URBAN SERVICES DISTRICT,SINGLE FAMILY,2015,201390.15049553406,192903.6679073197,8486.482588214363,0.1179856116958494
053 16 0 156.00,GENERAL SERVICES DISTRICT,SINGLE FAMILY,2013,127000.0,130899.6871050443,-3899.6871050443006,-0.048512972925331965
160 11 0 028.00,URBAN SERVICES DISTRICT,SINGLE FAMILY,2013,324000.0,333028.8602804937,-9028.860280493682,-0.11746084746107753
061 16 0 140.00,URBAN SERVICES DISTRICT,SINGLE FAMILY,2014,393516.42462489865,297482.23861588264,96034.186009016,1.2948279340105453
176 02 0 038.00,URBAN SERVICES DISTRICT,SINGLE FAMILY,2016,153358.88536584348,176357.33969644125,-22998.45433059777,-0.30524429421465454
061 00 0 024.00,URBAN SERVICES DISTRICT,SINGLE FAMILY,2015,114995.83996084669,117161.92455428962,-2166.084593442938,-0.0252093712772414
075 00 0 048.00,GENERAL SERVICES DISTRICT,SINGLE FAMILY,2016,145593.87851187674,203720.69190423132,-58126.81339235458,-0.7774501664650935
091 07 0 199.00,URBAN SERVICES DISTRICT,CHURCH,2014,108244.07779129494,227931.73454069605,-119687.65674940111,-1.6049693706152746
108 16 0 020.00,GENERAL SERVICES DISTRICT,ZERO LOT LINE,2014,81183.05834347122,115114.26008722815,-33931.20174375693,-0.45220554336519675
117 01 0 082.00,URBAN SERVICES DISTRICT,SINGLE FAMILY,2016,787177.5698208802,567420.905412165,219756.6644087152,2.957942363210253
043 16 0 028.00,GENERAL SERVICES DISTRICT,CLUB/UNION HALL/LODGE,2014,147605.5606244931,114962.82906581176,32642.73155868135,0.44270110994456463
034 07 0 046.00,GENERAL SERVICES DISTRICT,SINGLE FAMILY,2016,359034.504410288,273123.5291964252,85910.97521386278,1.1587487173555182
074 08 0 217.00,GENERAL SERVICES DISTRICT,SINGLE FAMILY,2013,131270.0,117607.30646945455,13662.693530545454,0.1875657819132703
106 15 0 024.00,URBAN SERVICES DISTRICT,SINGLE FAMILY,2013,125000.0,177882.12089278453,-52882.12089278453,-0.7069494467448552
076 01 0 111.00,GENERAL SERVICES DISTRICT,ZERO LOT LINE,2013,108000.0,91981.32577710967,16018.674222890331,0.21923557656203488
071 07 0 042.00,URBAN SERVICES DISTRICT,SINGLE FAMILY,2015,58873.93857824544,82144.11323176036,-23270.17465351492,-0.30889683977949844
086 08 0 113.00,GENERAL SERVICES DISTRICT,SINGLE FAMILY,2014,137666.78620911058,132513.1765288746,5153.609680235968,0.07318414072918684
129 05 0 030.00,URBAN SERVICES DISTRICT,SINGLE FAMILY,2014,418215.7551027305,514505.3346326512,-96289.57952992071,-1.2904454430106895
133 11 0 068.00,URBAN SERVICES DISTRICT,SINGLE FAMILY,2015,114012.9695338309,135825.50572043096,-21812.53618660006,-0.2893028290690846
061 07 0 027.00,URBAN SERVICES DISTRICT,SINGLE FAMILY,2015,189104.27015783679,143646.8529265506,45457.41723128618,0.6149599340760707
042 12 0 041.00,GENERAL SERVICES DISTRICT,SINGLE FAMILY,2013,88000.0,119230.37385621898,-31230.373856218983,-0.415900209939543
073 13 0 045.00,URBAN SERVICES DISTRICT,SINGLE FAMILY,2015,212300.01223540926,220296.58251467237,-7996.5702792631055,-0.10358449759829197
150 07 0 290.00,URBAN SERVICES DISTRICT,ZERO LOT LINE,2016,82503.19782339681,103087.32192763589,-20584.124104239076,-0.272790147739038
064 09 0 236.00,GENERAL SERVICES DISTRICT,SINGLE FAMILY,2013,170000.0,175145.02721417995,-5145.0272141799505,-0.0652532058365543
083 13 0 316.00,URBAN SERVICES DISTRICT,SINGLE FAMILY,2016,132005.11651743492,241587.39921393697,-109582.28269650205,-1.4691299207657345
133 01 0 251.00,URBAN SERVICES DISTRICT,SINGLE FAMILY,2013,41000.0,81418.43552924007,-40418.43552924007,-0.5394088733807316
098 09 0 010.00,GENERAL SERVICES DISTRICT,SINGLE FAMILY,2014,240990.67864625575,231149.17371052172,9841.504935734032,0.13620022594539308
160 11 0 016.00,URBAN SERVICES DISTRICT,SINGLE FAMILY,2013,294000.0,337181.5660815349,-43181.5660815349,-0.5765516977948864
072 11 0 007.00,URBAN SERVICES DISTRICT,SINGLE FAMILY,2014,344412.97479048395,268742.11268814397,75670.86210233998,1.021098064921998
083 07 0 329.00,URBAN SERVICES DISTRICT,DUPLEX,2014,120544.54117666937,177128.1255186065,-56583.58434193714,-0.7567056216216105
147 10 0 207.00,URBAN SERVICES DISTRICT,SINGLE FAMILY,2014,152525.74597864287,183075.511598219,-30549.765619576123,-0.4067512711724413
044 15 0 192.00,GENERAL SERVICES DISTRICT,SINGLE FAMILY,2014,180078.7839618816,149728.79838139916,30349.985580482433,0.4118813351699793
071 16 0 192.00,URBAN SERVICES DISTRICT,SINGLE FAMILY,2014,189427.13613476616,170287.97079787884,19139.165336887323,0.26118214815520857
146 12 0 067.00,URBAN SERVICES DISTRICT,SINGLE FAMILY,2014,309971.6773114355,297255.4731231016,12716.20418833394,0.1748427900812579
147 10 0 047.00,URBAN SERVICES DISTRICT,SINGLE FAMILY,2015,211317.14180839347,190787.2862691388,20529.85553925467,0.2798762203401497
148 08 0 095.00,URBAN SERVICES DISTRICT,SINGLE FAMILY,2014,108145.67408421195,116122.70696809019,-7977.032883878244,-0.10332187010655541
082 08 0 097.00,URBAN SERVICES DISTRICT,SINGLE FAMILY,2015,151381.703168971,149009.89743956205,2371.805729408952,0.03579030292649689
145 11 0 026.00,CITY OF OAK HILL,SINGLE FAMILY,2014,392138.7727257367,406739.7827420983,-14601.0100163616,-0.19236334494778976
052 11 0 017.00,GENERAL SERVICES DISTRICT,SINGLE FAMILY,2014,265591.6054170046,257050.16489698272,8541.44052002189,0.11872437259500297
081 07 0 111.00,URBAN SERVICES DISTRICT,SINGLE FAMILY,2014,101847.83683090024,99044.95360380068,2802.8832270995626,0.041584975129848906
071 07 0 119.00,URBAN SERVICES DISTRICT,SINGLE FAMILY,2016,211984.68711329252,200995.67969131822,10989.007421974296,0.15162529636989053
082 04 0 318.00,URBAN SERVICES DISTRICT,SINGLE FAMILY,2015,382336.59610913985,336398.8550018549,45937.741107284965,0.6214165907741527
083 04 0 014.00,URBAN SERVICES DISTRICT,SINGLE FAMILY,2013,210000.0,172536.78974016162,37463.21025983838,0.507499421352814
148 01 0 109.00,URBAN SERVICES DISTRICT,SINGLE FAMILY,2014,129892.89334955394,135367.32098076853,-5474.427631214596,-0.0696811044176423
092 13 0 361.00,URBAN SERVICES DISTRICT,SINGLE FAMILY,2014,659362.8956432482,452194.7174947588,207168.17814848945,2.788724178996974
118 02 0 010.00,URBAN SERVICES DISTRICT,SINGLE FAMILY,2015,352850.4832986663,456797.26507636753,-103946.78177770122,-1.3933758377966963
072 11 0 059.00,URBAN SERVICES DISTRICT,SINGLE FAMILY,2013,130500.0,146602.90585267017,-16102.90585267017,-0.2125522764081687
119 06 0 074.00,URBAN SERVICES DISTRICT,SINGLE FAMILY,2015,90424.0792854521,266083.2022337018,-175659.12294824974,-2.3573545011332806
092 03 0 123.00,URBAN SERVICES DISTRICT,SINGLE FAMILY,2016,89394.64140629231,117392.71954361851,-27998.0781373262,-0.3724507275248414
148 05 0 065.00,URBAN SERVICES DISTRICT,SINGLE FAMILY,2015,122367.36816346506,129911.63528568554,-7544.267122220481,-0.0975045037557826
094 01 0 053.00,URBAN SERVICES DISTRICT,SINGLE FAMILY,2015,122858.80337697295,320331.038463109,-197472.23508613603,-2.650572855724197
082 16 0 261.01,URBAN SERVICES DISTRICT,SINGLE FAMILY,2014,260769.82376993782,239618.18106014156,21151.64270979626,0.28823446880554326
071 02 0 116.00,URBAN SERVICES DISTRICT,ZERO LOT LINE,2016,61634.74190336115,93165.47034980747,-31530.728446446316,-0.41993766585979764
053 03 0 113.00,GENERAL SERVICES DISTRICT,SINGLE FAMILY,2016,135887.6199444183,114291.23164431873,21596.388300099556,0.2942128715834669
082 07 0 543.00,URBAN SERVICES DISTRICT,ZERO LOT LINE,2014,123004.63385374426,91843.65632353543,31160.97753020884,0.42278293066823175
059 14 0 061.00,URBAN SERVICES DISTRICT,SINGLE FAMILY,2015,44229.169215710266,116334.82811167854,-72105.65889596827,-0.9653579740140725
103 08 0 202.00,URBAN SERVICES DISTRICT,SINGLE FAMILY,2013,325000.0,309582.9347608991,15417.065239100892,0.21114856929691997
161 05 0 023.00,URBAN SERVICES DISTRICT,SINGLE FAMILY,2013,275000.0,321172.4847890322,-46172.4847890322,-0.6167565184818133
073 09 0 193.00,URBAN SERVICES DISTRICT,SINGLE FAMILY,2013,255000.0,262426.4935083503,-7426.493508350279,-0.09592135573660256
083 05 0 187.00,URBAN SERVICES DISTRICT,SINGLE FAMILY,2013,155000.0,201079.716952457,-46079.716952457005,-0.615509505573816
096 13 0 103.00,URBAN SERVICES DISTRICT,SINGLE FAMILY,2013,145000.0,144100.48987668438,899.5101233156165,0.015999266582796316
096 11 0 037.00,URBAN SERVICES DISTRICT,SINGLE FAMILY,2015,142516.21191728863,129623.15188426152,12893.060033027112,0.17722013905617326
103 12 0 223.00,URBAN SERVICES DISTRICT,DUPLEX,2013,350000.0,332259.77721101977,17740.22278898023,0.24237714548197287
082 08 0 029.00,URBAN SERVICES DISTRICT,SINGLE FAMILY,2015,343906.3624128227,285798.6639638329,58107.69844898983,0.7850087845252883
096 05 0 073.00,URBAN SERVICES DISTRICT,SINGLE FAMILY,2016,131034.49066068906,142754.4814526885,-11719.99079199943,-0.15363582586787672
091 14 0 029.00,URBAN SERVICES DISTRICT,SINGLE FAMILY,2015,83543.98629634161,108118.46067340863,-24574.474377067017,-0.3264296254001747
053 03 0 062.00,GENERAL SERVICES DISTRICT,SINGLE FAMILY,2016,162094.5180765561,158017.43177889183,4077.0862976642675,0.058713192570988414
044 15 0 126.00,GENERAL SERVICES DISTRICT,SINGLE FAMILY,2013,139750.0,126037.7323915034,13712.267608496593,0.18823217144426932
150 14 0 009.00,URBAN SERVICES DISTRICT,SINGLE FAMILY,2016,151417.6336523518,159813.34513607665,-8395.711483724852,-0.10894987262969043
087 01 0 010.00,GENERAL SERVICES DISTRICT,SINGLE FAMILY,2013,145000.0,209250.33683629765,-64250.33683629765,-0.8597643936685243
150 11 0 210.00,URBAN SERVICES DISTRICT,SINGLE FAMILY,2014,108244.07779129494,120055.23335160223,-11811.155560307292,-0.1548612898544422
117 05 0 070.00,URBAN SERVICES DISTRICT,SINGLE FAMILY,2016,582375.514047507,654118.1070884044,-71742.5930408974,-0.9604775345811717
083 10 0 046.00,URBAN SERVICES DISTRICT,DUPLEX,2015,343906.3624128227,251783.7339766567,92122.62843616604,1.242247611306082
161 02 0 026.00,URBAN SERVICES DISTRICT,SINGLE FAMILY,2015,132687.50764713078,176052.75110985048,-43365.24346271969,-0.5790207438964297
092 10 0 292.00,URBAN SERVICES DISTRICT,SINGLE FAMILY,2014,127924.81920789403,96439.17826546516,31485.640942428872,0.4271471530187732
164 13 0 028.00,URBAN SERVICES DISTRICT,SINGLE FAMILY,2013,146000.0,152208.94048186744,-6208.9404818674375,-0.07955464507212956
104 05 0 078.00,URBAN SERVICES DISTRICT,DUPLEX,2016,502784.19379434764,415518.0645378058,87266.12925654184,1.1769651018906453
064 01 0 044.00,GENERAL SERVICES DISTRICT,SINGLE FAMILY,2014,324732.23337388487,384814.34568331105,-60082.112309426186,-0.8037338772704555
117 05 0 183.00,URBAN SERVICES DISTRICT,VACANT RESIDENTIAL LAND,2015,786296.3416126269,406943.8485097985,379352.4931028284,5.103277058848792
147 08 0 157.00,URBAN SERVICES DISTRICT,SINGLE FAMILY,2015,160699.31481708062,156398.17209688734,4301.142720193282,0.0617250257809492
083 06 0 394.00,URBAN SERVICES DISTRICT,SINGLE FAMILY,2016,577522.3847637777,403455.14521081775,174067.23955295997,2.343771496910932
150 07 0 251.00,URBAN SERVICES DISTRICT,ZERO LOT LINE,2016,97062.5856745845,105252.76348926933,-8190.177814684837,-0.10618702779269566
052 02 0 149.00,GENERAL SERVICES DISTRICT,SINGLE FAMILY,2016,97062.5856745845,104165.59557585744,-7103.009901272948,-0.09157299267842132
083 02 0 268.00,URBAN SERVICES DISTRICT,SINGLE FAMILY,2016,249936.15811205507,253946.54213842287,-4010.3840263677994,-0.05000099393414441
119 13 0 278.00,URBAN SERVICES DISTRICT,SINGLE FAMILY,2015,73715.28202618378,199233.57635850948,-125518.2943323257,-1.6833465387824746
091 15 0 108.00,URBAN SERVICES DISTRICT,SINGLE FAMILY,2016,228582.38926364647,287056.891017916,-58474.5017542695,-0.782123897051846
083 05 0 324.00,URBAN SERVICES DISTRICT,SINGLE FAMILY,2015,505686.83469962067,498310.7271220442,7376.107577576477,0.10305961986396303
064 04 0 020.00,GENERAL SERVICES DISTRICT,SINGLE FAMILY,2016,199948.92648964404,220406.28170716495,-20457.355217520904,-0.2710860825812624
130 05 0 010.00,URBAN SERVICES DISTRICT,VACANT RESIDENTIAL LAND,2013,300000.0,455996.19618937117,-155996.19618937117,-2.093039579253511
071 11 0 176.00,URBAN SERVICES DISTRICT,SINGLE FAMILY,2015,117846.16419919246,179378.80966290316,-61532.64546371071,-0.8232323762508075
072 11 0 330.00,URBAN SERVICES DISTRICT,SINGLE FAMILY,2014,301115.34367396595,237203.52118114152,63911.82249282443,0.8630295497978804
092 06 0 375.00,URBAN SERVICES DISTRICT,SINGLE FAMILY,2014,92991.50319343066,118550.26935583656,-25558.766162405896,-0.3396607689394381
082 15 0 200.00,URBAN SERVICES DISTRICT,SINGLE FAMILY,2015,366512.3822341857,330731.6925068283,35780.689727357414,0.48488247889265823
075 11 0 269.00,GENERAL SERVICES DISTRICT,ZERO LOT LINE,2015,103103.1077939557,102961.66998123779,141.43781271790795,0.00580903264601093
096 14 0 077.00,URBAN SERVICES DISTRICT,SINGLE FAMILY,2015,107034.58950201883,126919.36314862067,-19884.77364660184,-0.26338927045135235
147 14 0 114.00,URBAN SERVICES DISTRICT,SINGLE FAMILY,2016,266922.11060510733,220527.81065164466,46394.29995346267,0.6275537908583919
147 11 0 018.00,URBAN SERVICES DISTRICT,SINGLE FAMILY,2015,204437.048819283,187359.30791618675,17077.740903096244,0.233471866524194
032 09 0 035.00,GENERAL SERVICES DISTRICT,SINGLE FAMILY,2015,105068.84864798727,118750.5602045956,-13681.711556608338,-0.1800058610618184
082 16 0 213.00,URBAN SERVICES DISTRICT,SINGLE FAMILY,2016,509578.57479156856,404525.57897210115,105052.99581946741,1.416061463470832
072 02 0 173.00,URBAN SERVICES DISTRICT,SINGLE FAMILY,2013,267500.0,295601.42793810245,-28101.427938102453,-0.37383998634950394
071 07 0 053.00,URBAN SERVICES DISTRICT,SINGLE FAMILY,2014,59042.22424979724,83281.08918116496,-24238.864931367723,-0.3219182632052224
084 01 0 134.00,URBAN SERVICES DISTRICT,SINGLE FAMILY,2013,133750.0,166631.0469200495,-32881.0469200495,-0.43808904923420183
054 13 0 048.00,GENERAL SERVICES DISTRICT,SINGLE FAMILY,2016,101430.40202994079,142932.90646109873,-41502.50443115794,-0.5539812506588663
090 08 0 143.00,URBAN SERVICES DISTRICT,SINGLE FAMILY,2016,145593.87851187674,131073.25721007044,14520.621301806299,0.19909830271345602
083 02 0 001.00,URBAN SERVICES DISTRICT,SINGLE FAMILY,2014,452657.05258177884,404415.816355666,48241.23622611287,0.6523808587007731
117 13 0 022.00,URBAN SERVICES DISTRICT,SINGLE FAMILY,2015,559253.2729719809,438911.91361618147,120341.35935579939,1.621572202707577
083 04 0 034.00,URBAN SERVICES DISTRICT,SINGLE FAMILY,2013,282900.0,229887.55143392162,53012.44856607838,0.7165169169984189
104 05 0 015.00,URBAN SERVICES DISTRICT,SINGLE FAMILY,2014,313907.82559475536,396167.8974330158,-82260.07183826045,-1.101856619230506
051 07 0 087.00,GENERAL SERVICES DISTRICT,SINGLE FAMILY,2016,116475.10280950139,179111.78907220875,-62636.68626270736,-0.8380732217219484
052 01 0 245.00,GENERAL SERVICES DISTRICT,SINGLE FAMILY,2013,109900.0,101514.13729992119,8385.862700078811,0.11663304917053302
072 08 0 266.00,URBAN SERVICES DISTRICT,SINGLE FAMILY,2013,200000.0,221208.2599225256,-21208.259922525613,-0.28117996742741586
130 02 0 066.00,URBAN SERVICES DISTRICT,SINGLE FAMILY,2014,669145.2081643688,548028.7569098257,121116.45125454303,1.6319912190207797
058 11 0 148.00,URBAN SERVICES DISTRICT,SINGLE FAMILY,2016,124725.42259184107,142274.2973762002,-17548.87478435914,-0.2319894217480592
050 10 0 190.00,URBAN SERVICES DISTRICT,SINGLE FAMILY,2014,106276.00364963504,124940.7432100065,-18664.73956037147,-0.24698920864229193
091 08 0 032.00,URBAN SERVICES DISTRICT,SINGLE FAMILY,2016,160153.2663630644,136753.48179012467,23399.784572939738,0.31845466177163345
025 16 0 013.00,CITY OF GOODLETTSVILLE,SINGLE FAMILY,2015,230974.55034870916,257831.6309973816,-26857.080648672447,-0.3571130992166673
118 13 0 243.00,CITY OF OAK HILL,DUPLEX,2014,378854.2722695323,453536.4508715733,-74682.17860204098,-0.9999923198153552
161 09 0 045.00,URBAN SERVICES DISTRICT,SINGLE FAMILY,2013,349900.0,335796.8507834535,14103.149216546502,0.1934865185189895
073 11 0 090.00,URBAN SERVICES DISTRICT,SINGLE FAMILY,2015,235888.9024837881,211633.95912391975,24254.94335986834,0.32994996105915025
134 13 0 231.00,URBAN SERVICES DISTRICT,SINGLE FAMILY,2013,182500.0,171238.5432782052,11261.456721794792,0.15528764105953524
087 09 0 024.00,GENERAL SERVICES DISTRICT,DUPLEX,2014,83643.1510205461,96254.89061864343,-12611.739598097338,-0.16562297909844642
082 09 0 275.00,URBAN SERVICES DISTRICT,SINGLE FAMILY,2015,741968.885354215,529698.5844493702,212270.3009048449,2.8573084337370855
051 12 0 023.00,GENERAL SERVICES DISTRICT,SINGLE FAMILY,2015,103201.39483665729,115838.40155185369,-12637.006715196403,-0.16596262721716562
051 01 0 044.00,GENERAL SERVICES DISTRICT,SINGLE FAMILY,2014,68882.59495809679,123407.96719221398,-54525.372234117196,-0.7290385210337095
120 05 0 092.00,URBAN SERVICES DISTRICT,SINGLE FAMILY,2016,169859.52493052286,201582.5764300046,-31723.05149948175,-0.42252292965913446
103 03 0 162.00,URBAN SERVICES DISTRICT,SINGLE FAMILY,2015,707666.7074513643,614375.602711416,93291.10473994829,1.2579546180370669
072 07 0 271.00,URBAN SERVICES DISTRICT,SINGLE FAMILY,2015,245717.6067539459,248440.3882783932,-2722.7815244472877,-0.032692657343120754
105 03 0 314.00,URBAN SERVICES DISTRICT,SINGLE FAMILY,2015,287003.0790407439,120697.59902032494,166305.48002041894,2.2394356119406646
034 04 0 022.00,GENERAL SERVICES DISTRICT,SINGLE FAMILY,2014,323748.19630305486,334264.3301034107,-10516.133800355834,-0.1374532213857127
150 01 0 216.00,URBAN SERVICES DISTRICT,SINGLE FAMILY,2015,135636.11892817816,153321.47939708643,-17685.36046890827,-0.2338241029982968
086 07 0 112.00,GENERAL SERVICES DISTRICT,SINGLE FAMILY,2015,184564.39165545086,157239.8648486372,27324.526806813665,0.3712122166191695
043 05 0 272.00,GENERAL SERVICES DISTRICT,SINGLE FAMILY,2015,113914.68249112932,128386.67685144335,-14471.994360314027,-0.19062907804705567
081 12 0 352.00,URBAN SERVICES DISTRICT,SINGLE FAMILY,2013,320000.0,311016.7913289884,8983.208671011613,0.1246627517462702
096 10 0 244.00,URBAN SERVICES DISTRICT,SINGLE FAMILY,2013,21000.0,122486.8640816089,-101486.8640816089,-1.360308890965919
131 09 0 040.00,CITY OF FOREST HILLS,SINGLE FAMILY,2016,705644.9978542293,630123.2151674358,75521.78268679348,1.0190940949862275
072 06 0 034.00,URBAN SERVICES DISTRICT,SINGLE FAMILY,2014,307019.5660989457,243938.7135986818,63080.85250026389,0.8518594034935467
119 05 0 342.00,URBAN SERVICES DISTRICT,SINGLE FAMILY,2014,58058.18717896729,119833.68927568197,-61775.502096714685,-0.8264969274932336
159 00 0 224.00,GENERAL SERVICES DISTRICT,ZERO LOT LINE,2014,270610.19447823736,283601.66639847594,-12991.471920238575,-0.17072745414902168
042 11 0 099.00,GENERAL SERVICES DISTRICT,SINGLE FAMILY,2013,116500.0,198212.84182182912,-81712.84182182912,-1.0945005902518594
104 06 0 209.00,URBAN SERVICES DISTRICT,SINGLE FAMILY,2016,542579.8539209273,450428.0834218096,92151.77049911767,1.2426393476018498
053 08 0 061.00,GENERAL SERVICES DISTRICT,SINGLE FAMILY,2015,28503.242383457724,107560.760667902,-79057.51828444428,-1.0588069398631919
061 11 0 170.00,URBAN SERVICES DISTRICT,SINGLE FAMILY,2016,320306.5327261288,267984.2691729019,52322.26355322689,0.707239244351235
071 01 0 151.00,URBAN SERVICES DISTRICT,SINGLE FAMILY,2014,110212.15193295486,115227.30897761892,-5015.157044664054,-0.06350745231109774
086 10 0 020.00,GENERAL SERVICES DISTRICT,SINGLE FAMILY,2013,52780.0,112732.89535603493,-59952.89535603493,-0.8019969044708325
061 10 0 022.00,URBAN SERVICES DISTRICT,VACANT RESIDENTIAL LAND,2013,15000.0,126870.26852968974,-111870.26852968974,-1.4998857082523536
119 14 0 237.00,URBAN SERVICES DISTRICT,DUPLEX,2015,115978.71038786248,181121.57420504207,-65142.86381717959,-0.87176200735647
103 06 0 181.00,URBAN SERVICES DISTRICT,SINGLE FAMILY,2013,300000.0,284663.1891552342,15336.810844765801,0.21006976580905112
136 14 0 012.00,URBAN SERVICES DISTRICT,SINGLE FAMILY,2015,186745.38113299888,175086.52308505488,11658.858047943999,0.16062962812809894
115 15 0 047.00,URBAN SERVICES DISTRICT,SINGLE FAMILY,2013,437000.0,434077.38318570174,2922.616814298264,0.04319446969466589
052 12 0 103.00,GENERAL SERVICES DISTRICT,SINGLE FAMILY,2015,180749.8715282026,169177.2216679734,11572.649860229198,0.15947079197513686
168 00 0 082.00,GENERAL SERVICES DISTRICT,SINGLE FAMILY,2016,285364.0018832784,333979.6413590959,-48615.6394758175,-0.6495981319453972
096 06 0 212.00,URBAN SERVICES DISTRICT,SINGLE FAMILY,2014,107752.05925587997,148234.80965688624,-40482.75040100627,-0.540273413055575
165 14 0 114.00,URBAN SERVICES DISTRICT,SINGLE FAMILY,2014,122906.23014666126,119139.21723621806,3767.012910443198,0.05454509368492987
080 04 0 035.00,URBAN SERVICES DISTRICT,SINGLE FAMILY,2015,135144.68371467025,179550.4790794731,-44405.79536480285,-0.5930081526928728
053 16 0 228.00,GENERAL SERVICES DISTRICT,SINGLE FAMILY,2016,188786.72913706684,182099.11737811207,6687.611758954765,0.09380465386906732
130 16 0 059.00,CITY OF FOREST HILLS,SINGLE FAMILY,2013,710000.0,622775.4828033258,87224.51719667425,1.1764057401797448
071 16 0 263.00,URBAN SERVICES DISTRICT,SINGLE FAMILY,2015,330694.6181328765,312175.4616117237,18519.15652115282,0.25284780486515707
084 01 0 107.00,URBAN SERVICES DISTRICT,SINGLE FAMILY,2016,291187.7570237535,243094.0088623897,48093.748161363794,0.6503982801767113
119 12 0 087.00,URBAN SERVICES DISTRICT,SINGLE FAMILY,2013,89000.0,108026.9603997768,-19026.9603997768,-0.25185828912276587
091 15 0 183.00,URBAN SERVICES DISTRICT,SINGLE FAMILY,2016,776403.6228110014,520883.9623161474,255519.66049485398,3.43867921549121
148 12 0 256.00,URBAN SERVICES DISTRICT,DUPLEX,2013,95000.0,139431.76452960263,-44431.76452960263,-0.593357237946025
083 03 0 190.00,URBAN SERVICES DISTRICT,SINGLE FAMILY,2016,368837.82556342107,341533.8672128164,27303.95835060469,0.3709357293005353
072 06 0 088.00,URBAN SERVICES DISTRICT,SINGLE FAMILY,2015,103201.39483665729,130848.90396818623,-27647.509131528946,-0.3677382744644683
081 06 0 263.00,URBAN SERVICES DISTRICT,SINGLE FAMILY,2015,93372.69056649944,113812.35144719784,-20439.6608806984,-0.2708482300320307
043 07 0 093.00,GENERAL SERVICES DISTRICT,SINGLE FAMILY,2015,122858.80337697295,130008.86245828867,-7150.059081315718,-0.09220544177920927
161 09 0 036.00,URBAN SERVICES DISTRICT,SINGLE FAMILY,2014,344390.3419378548,309045.7480842742,35344.59385358065,0.479020348182267
043 09 0 162.00,GENERAL SERVICES DISTRICT,SINGLE FAMILY,2013,115000.0,130991.83222968304,-15991.832229683045,-0.2110591916633207
131 03 0 189.00,URBAN SERVICES DISTRICT,SINGLE FAMILY,2015,810868.1022880215,655594.6088037129,155273.4934843086,2.091140360921941
148 13 0 188.00,URBAN SERVICES DISTRICT,SINGLE FAMILY,2016,61634.74190336115,126450.75447209689,-64816.012568735736,-0.86736837545934
133 03 0 031.00,URBAN SERVICES DISTRICT,SINGLE FAMILY,2016,76097.06716887424,140059.16988179783,-63962.10271292359,-0.855889864676125
118 06 0 005.00,URBAN SERVICES DISTRICT,VACANT RESIDENTIAL LAND,2013,385000.0,298866.9933275609,86133.0066724391,1.1617333303965018
104 11 0 295.00,URBAN SERVICES DISTRICT,SINGLE FAMILY,2014,523999.74021695054,496352.9074940448,27646.832722905732,0.37554474880412486
133 02 0 142.00,URBAN SERVICES DISTRICT,SINGLE FAMILY,2014,157445.93133279265,162791.87518427937,-5345.9438514867215,-0.06795398715691935
060 07 0 126.00,URBAN SERVICES DISTRICT,SINGLE FAMILY,2016,184904.22571008344,158661.48166298558,26242.74404709786,0.35667057034588234
050 14 0 137.00,URBAN SERVICES DISTRICT,SINGLE FAMILY,2016,173256.71542913333,123971.78095276232,49284.93447637101,0.6664105616471296
062 15 0 011.00,URBAN SERVICES DISTRICT,SINGLE FAMILY,2013,195500.0,200853.69918943205,-5353.699189432053,-0.06805823672100043
083 01 0 122.00,URBAN SERVICES DISTRICT,SINGLE FAMILY,2016,313512.1517289079,264252.87944019533,49259.27228871256,0.6660656028722033
071 07 0 056.00,URBAN SERVICES DISTRICT,SINGLE FAMILY,2013,16000.0,84824.19741120115,-68824.19741120115,-0.9212475907210026
071 05 0 203.00,URBAN SERVICES DISTRICT,SINGLE FAMILY,2013,81500.0,115706.2607738059,-34206.2607738059,-0.45590296882638304
147 12 0 049.00,URBAN SERVICES DISTRICT,SINGLE FAMILY,2016,475606.669805464,429211.488240326,46395.18156513799,0.6275656417452892
061 07 0 091.00,URBAN SERVICES DISTRICT,SINGLE FAMILY,2016,214023.0014124588,195077.76240736074,18945.23900509806,0.2585753326050177
105 11 0 087.00,URBAN SERVICES DISTRICT,SINGLE FAMILY,2016,330012.79129358724,214803.31543567416,115209.47585791309,1.552587895209843
071 15 0 180.00,URBAN SERVICES DISTRICT,VACANT RESIDENTIAL LAND,2015,58972.22562094702,106850.88572272351,-47878.66010177649,-0.6396914355483976
119 07 0 120.00,URBAN SERVICES DISTRICT,DUPLEX,2016,181507.035211473,177057.50782025754,4449.527391215466,0.06371965675376073
104 01 0 191.00,URBAN SERVICES DISTRICT,SINGLE FAMILY,2016,456194.1526705471,440391.72467714705,15802.427993400022,0.21632873029466945
096 12 0 011.00,URBAN SERVICES DISTRICT,SINGLE FAMILY,2016,186360.16449520222,240558.68940759738,-54198.524912395165,-0.7246449419207444
131 11 0 031.00,URBAN SERVICES DISTRICT,SINGLE FAMILY,2013,600000.0,324793.3215296,275206.6784704,3.703317978685629
105 07 0 366.00,URBAN SERVICES DISTRICT,SINGLE FAMILY,2015,737152.8202618377,130770.12098889994,606382.6992729377,8.155084754826948
071 16 0 435.00,URBAN SERVICES DISTRICT,SINGLE FAMILY,2014,241089.08235333874,204882.63195259366,36206.45040074509,0.49060568075909083
065 05 0 058.00,GENERAL SERVICES DISTRICT,DUPLEX,2014,142586.97156326033,117066.89807263327,25520.073490627066,0.34695621733929655
053 03 0 383.00,GENERAL SERVICES DISTRICT,DUPLEX,2016,181021.72228310007,163638.9831419666,17382.73914113347,0.23757174374231338
053 13 0 109.00,GENERAL SERVICES DISTRICT,ZERO LOT LINE,2014,92991.50319343066,99216.84217447496,-6225.338981044304,-0.07977507858551391
104 15 0 329.00,URBAN SERVICES DISTRICT,DUPLEX,2014,359173.53085293324,365117.0550924034,-5943.5242394701345,-0.07598684083651706
082 03 0 279.00,URBAN SERVICES DISTRICT,SINGLE FAMILY,2013,135000.0,138441.30308993766,-3441.303089937661,-0.042351238376372245
105 13 0 104.00,URBAN SERVICES DISTRICT,SINGLE FAMILY,2016,451341.0233868179,342747.49792771053,108593.52545910736,1.4636543181150108
135 05 0 055.00,URBAN SERVICES DISTRICT,SINGLE FAMILY,2016,141711.37508489334,153195.6417297189,-11484.266644825548,-0.15046715162576235
150 11 0 176.00,URBAN SERVICES DISTRICT,SINGLE FAMILY,2016,148408.6934964397,152108.24725480023,-3699.553758360533,-0.04582272083097519
118 04 0 258.00,URBAN SERVICES DISTRICT,SINGLE FAMILY,2016,193154.54549242315,147866.58591985746,45287.95957256568,0.6126820337219736
118 01 0 150.00,URBAN SERVICES DISTRICT,SINGLE FAMILY,2013,265000.0,272890.96918129514,-7890.969181295135,-0.10216497616579623
083 02 0 014.00,URBAN SERVICES DISTRICT,SINGLE FAMILY,2013,225000.0,294268.39418632555,-69268.39418632555,-0.9272186161617212
158 02 0 014.00,CITY OF FOREST HILLS,SINGLE FAMILY,2015,617242.6281659121,566870.4818003196,50372.14636559249,0.6810251878973431
091 16 0 219.00,URBAN SERVICES DISTRICT,SINGLE FAMILY,2014,361633.62353000813,317006.0849391914,44627.53859081672,0.6038044580518147
072 08 0 170.00,URBAN SERVICES DISTRICT,SINGLE FAMILY,2015,289946.7759696562,235468.76582810705,54478.01014154914,0.7362174324954638
061 08 0 075.00,URBAN SERVICES DISTRICT,SINGLE FAMILY,2015,402976.8750764713,342389.3972584604,60587.4778180109,0.8183427178831955
061 11 0 050.00,URBAN SERVICES DISTRICT,SINGLE FAMILY,2016,165977.02150353946,226771.39598697543,-60794.37448343597,-0.8133083176978605
083 14 0 080.00,URBAN SERVICES DISTRICT,SINGLE FAMILY,2013,200000.0,233362.27261640917,-33362.27261640917,-0.44455782847035547
087 13 0 069.00,GENERAL SERVICES DISTRICT,DUPLEX,2016,108710.09595553463,144271.0137099522,-35560.917754417576,-0.4741126717050546
052 02 0 192.00,GENERAL SERVICES DISTRICT,DUPLEX,2014,63962.40960394702,112641.60188404548,-48679.19228009846,-0.6504524276819755
136 10 0 082.00,URBAN SERVICES DISTRICT,SINGLE FAMILY,2016,198201.79994750154,186802.71324312137,11399.08670438017,0.15713770430502552
103 02 0 246.00,URBAN SERVICES DISTRICT,SINGLE FAMILY,2015,191463.15918267466,283784.33111593797,-92321.17193326331,-1.2371009253424863
082 08 0 280.00,URBAN SERVICES DISTRICT,SINGLE FAMILY,2015,141533.34149027284,329250.46716282907,-187717.12567255623,-2.5194417675501186
118 01 0 318.00,URBAN SERVICES DISTRICT,SINGLE FAMILY,2014,774437.1747431739,473236.18604631315,301200.98869686073,4.052741244157698
082 07 0 180.00,URBAN SERVICES DISTRICT,SINGLE FAMILY,2013,301500.0,262759.59838129213,38740.40161870787,0.5246678082559832
061 14 0 201.00,URBAN SERVICES DISTRICT,SINGLE FAMILY,2014,19680.74141659908,100258.72290252078,-80577.9814859217,-1.0792454593800336
133 12 0 334.00,URBAN SERVICES DISTRICT,SINGLE FAMILY,2014,130384.91188496891,141841.91687133384,-11457.004986364933,-0.1501006922876032
118 01 0 295.00,URBAN SERVICES DISTRICT,SINGLE FAMILY,2016,412515.98911698407,370168.54455943627,42347.4445575478,0.5731547544917951
091 06 0 295.00,URBAN SERVICES DISTRICT,VACANT RESIDENTIAL LAND,2014,10824.407779129495,122876.04256635999,-112051.63478723049,-1.5023236875410606
091 07 0 175.00,URBAN SERVICES DISTRICT,SINGLE FAMILY,2014,312333.36628142744,239339.93189371945,72993.434387708,0.9851072835947914
083 13 0 458.00,URBAN SERVICES DISTRICT,DUPLEX,2014,127924.81920789403,342297.81118005316,-214372.99197215913,-2.877757866929159
083 03 0 145.00,URBAN SERVICES DISTRICT,SINGLE FAMILY,2014,260769.82376993782,213781.36405033694,46988.45971960088,0.6355406635196559
148 08 0 215.00,URBAN SERVICES DISTRICT,SINGLE FAMILY,2015,92291.53309678208,114106.1705342143,-21814.63743743222,-0.28933107470903247
118 13 0 165.00,URBAN SERVICES DISTRICT,SINGLE FAMILY,2016,383397.21341460873,383356.0001768788,41.21323772991309,0.004461784037844125
104 13 0 111.00,URBAN SERVICES DISTRICT,SINGLE FAMILY,2015,565150.4955340755,482307.5967738848,82842.89876019076,1.1175067192482266
094 01 0 441.00,URBAN SERVICES DISTRICT,SINGLE FAMILY,2014,147605.5606244931,177256.28367957135,-29650.72305507824,-0.39466607306760954
117 08 0 049.00,URBAN SERVICES DISTRICT,SINGLE FAMILY,2015,599550.9604796281,471776.1749751668,127774.78550446127,1.7214945324744533
096 06 0 068.00,URBAN SERVICES DISTRICT,SINGLE FAMILY,2015,146447.69362535176,153938.55495122098,-7490.86132586922,-0.09678660712403439
092 06 0 345.00,URBAN SERVICES DISTRICT,DUPLEX,2014,39361.48283319816,109028.8431729829,-69667.36033978473,-0.9325816381053706
134 01 0 022.00,URBAN SERVICES DISTRICT,SINGLE FAMILY,2015,154310.65704147803,178466.61803762984,-24155.960996151814,-0.32080384379915794
115 13 0 054.00,URBAN SERVICES DISTRICT,SINGLE FAMILY,2015,343906.3624128227,373653.5986628633,-29747.236250040587,-0.39596343219932273
083 06 0 421.00,URBAN SERVICES DISTRICT,SINGLE FAMILY,2013,358500.0,313474.8051418553,45025.19485814468,0.6091498721156864
092 05 0 267.00,URBAN SERVICES DISTRICT,DUPLEX,2016,102886.34081505956,170812.60891864388,-67926.26810358431,-0.9091773573469636
072 09 0 303.00,URBAN SERVICES DISTRICT,SINGLE FAMILY,2013,336806.0,236068.6077286759,100737.39227132409,1.3580498343436218
082 12 0 201.00,URBAN SERVICES DISTRICT,SINGLE FAMILY,2013,50000.0,110278.31522330892,-60278.31522330892,-0.806371295315665
104 16 0 236.00,URBAN SERVICES DISTRICT,SINGLE FAMILY,2013,429900.0,372929.953766779,56970.046233221015,0.7697161243722669
069 06 0 004.00,URBAN SERVICES DISTRICT,SINGLE FAMILY,2016,140740.7492281475,186889.25797404532,-46148.50874589782,-0.6164342253641223
072 09 0 241.00,URBAN SERVICES DISTRICT,SINGLE FAMILY,2013,286000.0,222083.43515203055,63916.56484796945,0.8630932979491629
071 02 0 040.00,URBAN SERVICES DISTRICT,SINGLE FAMILY,2015,151362.0457604307,85081.03446633868,66281.01129409201,0.8948768917833609
127 12 0 039.00,GENERAL SERVICES DISTRICT,SINGLE FAMILY,2015,341056.03817447694,337481.9541049079,3574.084069569013,0.05195168670491409
149 03 0 087.00,URBAN SERVICES DISTRICT,ZERO LOT LINE,2016,80076.6331815322,87973.84451623709,-7897.211334704887,-0.10224888505235684
061 07 0 189.00,URBAN SERVICES DISTRICT,SINGLE FAMILY,2016,150447.00779560595,176099.1833169646,-25652.175521358644,-0.3409164053824354
147 09 0 015.00,URBAN SERVICES DISTRICT,SINGLE FAMILY,2016,276628.3691725658,278114.61296620476,-1486.243793638947,-0.016070748624856544
086 10 0 115.00,GENERAL SERVICES DISTRICT,SINGLE FAMILY,2014,123004.63385374426,116007.49580340505,6997.138050339214,0.09796539852983223
072 13 0 069.00,URBAN SERVICES DISTRICT,SINGLE FAMILY,2013,300000.0,230798.39092176556,69201.60907823444,0.9341364376599313
134 01 0 032.00,URBAN SERVICES DISTRICT,SINGLE FAMILY,2014,134517.86758245472,127495.90196200219,7021.965620452538,0.09829913812696543
061 16 0 346.00,URBAN SERVICES DISTRICT,SINGLE FAMILY,2016,206743.30748686497,172893.7478823608,33849.559604504175,0.45892365222250614
132 15 0 061.00,CITY OF OAK HILL,SINGLE FAMILY,2014,537284.2406731549,611346.5081729973,-74062.26749984233,-0.9916592900197755
146 14 0 034.00,CITY OF OAK HILL,SINGLE FAMILY,2016,504725.4455078393,455148.91591530683,49576.52959253249,0.670330270106296
063 12 0 029.00,GENERAL SERVICES DISTRICT,SINGLE FAMILY,2013,134000.0,160479.17038370622,-26479.170383706223,-0.3520331168016889
073 09 0 165.00,URBAN SERVICES DISTRICT,SINGLE FAMILY,2013,103000.0,197600.00469752922,-94600.00469752922,-1.2677336745486556
053 16 0 041.00,GENERAL SERVICES DISTRICT,SINGLE FAMILY,2015,86492.59757738897,102668.72570615003,-16176.128128761062,-0.21353655206672925
103 08 0 150.01,URBAN SERVICES DISTRICT,SINGLE FAMILY,2014,580483.4680825899,437464.06697829656,143019.40110429336,1.9264171989100243
162 05 0 263.00,URBAN SERVICES DISTRICT,SINGLE FAMILY,2016,142682.0009416392,154176.2220351209,-11494.221093481698,-0.15060096229144662
071 12 0 155.00,URBAN SERVICES DISTRICT,SINGLE FAMILY,2013,136700.0,128113.43480970045,8586.565190299545,0.11933095186194263
150 06 0 235.00,URBAN SERVICES DISTRICT,SINGLE FAMILY,2015,157259.26832252537,149994.78210893943,7264.486213585944,0.10155917222129715
083 01 0 205.00,URBAN SERVICES DISTRICT,DUPLEX,2013,141800.0,146315.5381326171,-4515.538132617105,-0.05679142598771653
119 14 0 114.00,URBAN SERVICES DISTRICT,SINGLE FAMILY,2015,157259.26832252537,134856.28497734148,22402.983345183893,0.3050553625790563
034 03 0 016.00,GENERAL SERVICES DISTRICT,SINGLE FAMILY,2015,172002.32472776214,207446.35766580934,-35444.032938047196,-0.4725414711667666
133 07 0 059.00,URBAN SERVICES DISTRICT,SINGLE FAMILY,2014,118084.44849959448,132036.4239978022,-13951.975498207714,-0.18363882951492533
090 16 0 011.00,URBAN SERVICES DISTRICT,SINGLE FAMILY,2016,169859.52493052286,191308.95384443595,-21449.428913913085,-0.2844218328882441
025 15 0 006.00,CITY OF GOODLETTSVILLE,SINGLE FAMILY,2014,216488.15558258988,226235.018889443,-9746.863306853105,-0.12711245813678412
095 11 0 168.00,URBAN SERVICES DISTRICT,SINGLE FAMILY,2016,212856.3091326503,189618.5208800187,23237.78825263158,0.31627705895227054
072 03 0 111.00,URBAN SERVICES DISTRICT,SINGLE FAMILY,2013,137500.0,307551.409761387,-170051.40976138698,-2.2819739491388775
081 11 0 013.00,URBAN SERVICES DISTRICT,SINGLE FAMILY,2014,11808.44484995945,136795.5956557962,-124987.15080583676,-1.6762067491960908
072 04 0 113.00,URBAN SERVICES DISTRICT,SINGLE FAMILY,2016,189272.04206543975,188399.82338746754,872.2186779722106,0.015632406840480936
083 05 0 426.00,URBAN SERVICES DISTRICT,SINGLE FAMILY,2014,329652.4187280346,537415.6384563717,-207763.21972833714,-2.7889073384349707
082 05 0 075.00,URBAN SERVICES DISTRICT,SINGLE FAMILY,2014,201727.5995201406,231193.82719789585,-29466.22767775526,-0.39218603121817924
156 02 0 214.00,GENERAL SERVICES DISTRICT,SINGLE FAMILY,2016,238191.58524543032,195052.63531657503,43138.94992885529,0.5837944055951129
130 08 0 015.00,URBAN SERVICES DISTRICT,SINGLE FAMILY,2015,769587.5443533586,555611.0787671381,213976.4655862205,2.8802432078936433
094 02 0 130.00,URBAN SERVICES DISTRICT,SINGLE FAMILY,2014,127924.81920789403,140945.33756461894,-13020.518356724904,-0.1711179050053421
032 09 0 049.00,GENERAL SERVICES DISTRICT,SINGLE FAMILY,2015,151362.0457604307,160015.25068460027,-8653.204924169579,-0.11241117620012506
081 07 0 089.00,URBAN SERVICES DISTRICT,SINGLE FAMILY,2016,150447.00779560595,160461.57315115133,-10014.565355545375,-0.13071098886188087
053 03 0 103.00,GENERAL SERVICES DISTRICT,SINGLE FAMILY,2016,164909.33306111905,124267.17843148999,40642.15462962906,0.5502317390319182
147 09 0 072.00,URBAN SERVICES DISTRICT,SINGLE FAMILY,2016,345542.8050015208,306314.52926539944,39228.275736121344,0.5312259575494539
149 05 0 111.00,URBAN SERVICES DISTRICT,SINGLE FAMILY,2013,25000.0,102604.24387794174,-77604.24387794174,-1.0392715921535158
105 10 0 029.00,URBAN SERVICES DISTRICT,SINGLE FAMILY,2014,432976.31116517977,470029.30637369934,-37052.99520851957,-0.4941696215455181
094 05 0 035.00,URBAN SERVICES DISTRICT,SINGLE FAMILY,2014,118084.44849959448,178466.06663149636,-60381.61813190188,-0.8077599238016238
119 02 0 179.00,URBAN SERVICES DISTRICT,SINGLE FAMILY,2014,147113.54208907814,136234.41986870172,10879.12222037642,0.15014818673955682
042 11 0 006.00,GENERAL SERVICES DISTRICT,SINGLE FAMILY,2013,238000.0,240479.32756571547,-2479.3275657154736,-0.029420076670232657
082 08 0 098.00,URBAN SERVICES DISTRICT,SINGLE FAMILY,2015,244734.7363269301,215705.90632998114,29028.829996948974,0.39412196805567173
041 06 0 019.00,GENERAL SERVICES DISTRICT,SINGLE FAMILY,2013,135000.0,123742.61345158862,11257.386548411378,0.15523292857583093
133 02 0 126.00,URBAN SERVICES DISTRICT,SINGLE FAMILY,2014,132845.0045620438,129414.5886901214,3430.4158719223924,0.050020455972926176
147 10 0 065.00,URBAN SERVICES DISTRICT,SINGLE FAMILY,2015,202471.30796525144,196008.66079560504,6462.6471696464,0.09078061281058625
086 02 0 082.00,GENERAL SERVICES DISTRICT,SINGLE FAMILY,2014,108244.07779129494,134324.9558905078,-26080.878099212845,-0.34667915320551945
104 15 0 232.00,URBAN SERVICES DISTRICT,SINGLE FAMILY,2014,787131.2529568803,665691.118320489,121440.1346363913,1.6363422675109733
147 01 0 194.00,URBAN SERVICES DISTRICT,SINGLE FAMILY,2014,154493.8201203028,172414.5342804937,-17920.714160190924,-0.2369877974619097
150 11 0 267.00,URBAN SERVICES DISTRICT,SINGLE FAMILY,2016,165006.39564679362,174071.75387897756,-9065.358232183935,-0.11795146380563695
084 01 0 160.00,URBAN SERVICES DISTRICT,SINGLE FAMILY,2015,153327.78661446224,203170.8974773239,-49843.11086286165,-0.6660981681686278
148 07 0 196.00,URBAN SERVICES DISTRICT,ZERO LOT LINE,2015,77155.32852073901,90747.39003137378,-13592.061510634769,-0.17880075842432208
083 13 0 049.00,URBAN SERVICES DISTRICT,SINGLE FAMILY,2016,334380.60764894355,281869.0405815568,52511.56706738676,0.7097839186090555
082 03 0 349.00,URBAN SERVICES DISTRICT,SINGLE FAMILY,2016,274687.1174590741,276043.2479981639,-1356.1305390897905,-0.01432172747793323
105 16 0 012.00,URBAN SERVICES DISTRICT,SINGLE FAMILY,2013,52000.0,86616.74435868232,-34616.74435868232,-0.4614208115158264
072 15 0 054.00,URBAN SERVICES DISTRICT,SINGLE FAMILY,2013,93700.0,110537.2817270748,-16837.281727074806,-0.22242397578710282
053 03 0 418.00,GENERAL SERVICES DISTRICT,SINGLE FAMILY,2015,201488.43753823565,164450.00866318986,37038.42887504579,0.5017893833755462
104 13 0 206.00,URBAN SERVICES DISTRICT,SINGLE FAMILY,2016,300796.95300553733,309294.92967558943,-8497.9766700521,-0.11032455174366827
044 15 0 038.00,GENERAL SERVICES DISTRICT,SINGLE FAMILY,2013,87000.0,94633.87687993469,-7633.876879934687,-0.09870906482648895
081 06 0 186.00,URBAN SERVICES DISTRICT,SINGLE FAMILY,2014,38377.44576236821,75296.376550432,-36918.93078806379,-0.4923674876488628
116 04 0 086.00,URBAN SERVICES DISTRICT,SINGLE FAMILY,2016,702733.1202839917,638541.1890001013,64191.931283890386,0.8667948556517001
043 15 0 145.00,GENERAL SERVICES DISTRICT,SINGLE FAMILY,2015,58972.22562094702,114252.03293784957,-55279.807316902545,-0.7391798622701928
120 09 0 049.00,URBAN SERVICES DISTRICT,SINGLE FAMILY,2016,185389.53863845638,160966.86696872878,24422.6716697276,0.3322046149904353
091 10 0 136.00,URBAN SERVICES DISTRICT,SINGLE FAMILY,2016,242656.46418646123,212377.70374815073,30278.760438310506,0.41092390558078823
162 06 0 264.00,URBAN SERVICES DISTRICT,SINGLE FAMILY,2013,131000.0,118400.17761321759,12599.822386782413,0.17327835121808463
158 02 0 010.00,CITY OF FOREST HILLS,SINGLE FAMILY,2015,835439.8629634161,674235.3138655055,161204.54909791064,2.1708673781863435
129 12 0 049.00,URBAN SERVICES DISTRICT,SINGLE FAMILY,2013,280000.0,353471.50294642826,-73471.50294642826,-0.9837180568198668
133 07 0 062.00,URBAN SERVICES DISTRICT,SINGLE FAMILY,2015,90965.64089073779,118480.89081431074,-27515.24992357295,-0.365960406772265
094 01 0 275.00,URBAN SERVICES DISTRICT,SINGLE FAMILY,2014,121036.55971208434,113098.49664403983,7938.063068044517,0.11061359305342727
071 14 0 086.00,URBAN SERVICES DISTRICT,SINGLE FAMILY,2015,89441.20885843631,96123.58932263884,-6682.380464202535,-0.08591876641989162
116 13 0 042.00,URBAN SERVICES DISTRICT,SINGLE FAMILY,2014,447736.8672276291,487070.68001549115,-39333.81278786203,-0.5248290512275056
086 07 0 175.00,GENERAL SERVICES DISTRICT,SINGLE FAMILY,2013,162000.0,173574.32531543385,-11574.325315433845,-0.15167774711738619
096 06 0 214.00,URBAN SERVICES DISTRICT,SINGLE FAMILY,2016,174615.5916285775,146109.97700929616,28505.614619281347,0.38708875100866885
073 06 0 039.00,URBAN SERVICES DISTRICT,SINGLE FAMILY,2016,465803.348652331,444480.51109995676,21322.83755237423,0.29053572090280716
083 10 0 066.00,URBAN SERVICES DISTRICT,SINGLE FAMILY,2013,180415.0,211188.50136714155,-30773.50136714155,-0.40975879377396685
050 11 0 055.00,URBAN SERVICES DISTRICT,SINGLE FAMILY,2014,116116.37435793458,120724.94154431006,-4608.567186375483,-0.05804195025494404
059 06 0 015.00,URBAN SERVICES DISTRICT,SINGLE FAMILY,2014,112672.24461002974,106597.0730798629,6075.171530166845,0.08557204978051201
119 01 0 040.00,URBAN SERVICES DISTRICT,SINGLE FAMILY,2014,78722.96566639633,106032.85360150435,-27309.887935108025,-0.3631998697167287
119 13 0 301.00,URBAN SERVICES DISTRICT,SINGLE FAMILY,2016,77650.0685396676,142862.9699355199,-65212.901395852314,-0.8727034733631606
081 10 0 164.00,URBAN SERVICES DISTRICT,SINGLE FAMILY,2013,36500.0,76780.95500198372,-40280.95500198372,-0.5375608191583181
133 06 0 222.00,URBAN SERVICES DISTRICT,SINGLE FAMILY,2015,156276.3978955096,175828.0684335989,-19551.670538089296,-0.2589115991878592
120 09 0 075.00,URBAN SERVICES DISTRICT,SINGLE FAMILY,2013,155000.0,159248.6817784333,-4248.681778433296,-0.05320426334025538
075 11 0 098.00,GENERAL SERVICES DISTRICT,SINGLE FAMILY,2016,160056.20377738983,155216.89931942202,4839.30445796781,0.06895915625515883
071 04 0 036.00,URBAN SERVICES DISTRICT,SINGLE FAMILY,2014,39361.48283319816,101646.28579271237,-62284.80295951421,-0.8333431014842632
104 11 0 414.00,URBAN SERVICES DISTRICT,SINGLE FAMILY,2014,769625.2334668153,655222.2010661236,114403.03240069177,1.541747441903488
147 06 0 228.00,URBAN SERVICES DISTRICT,SINGLE FAMILY,2014,188935.1175993512,161186.14789412098,27748.969705230207,0.3769177045616872
083 06 0 225.00,URBAN SERVICES DISTRICT,SINGLE FAMILY,2016,509578.57479156856,400965.03378656774,108613.54100500082,1.4639233730483932
162 13 0 123.00,URBAN SERVICES DISTRICT,SINGLE FAMILY,2015,176916.67686284106,146249.33057460858,30667.346288232482,0.41614739239051934
061 08 0 054.00,URBAN SERVICES DISTRICT,SINGLE FAMILY,2014,295211.1212489862,311249.04033953376,-16037.91909054754,-0.21167870498290234
136 05 0 033.00,URBAN SERVICES DISTRICT,SINGLE FAMILY,2016,200919.5523463899,191046.43881678392,9873.113529605966,0.13662511808492248
130 03 0 073.00,CITY OF BELLE MEADE,SINGLE FAMILY,2016,650319.3240197161,526267.8156499107,124051.50836980541,1.6714451315357588
044 05 0 078.00,GENERAL SERVICES DISTRICT,SINGLE FAMILY,2014,113065.85943836172,113678.61878651557,-612.7593481538497,-0.004329110373199093
136 15 0 053.00,URBAN SERVICES DISTRICT,SINGLE FAMILY,2015,171510.88951425423,153721.30990448582,17789.579609768407,0.24304061457743548
146 11 0 021.00,URBAN SERVICES DISTRICT,SINGLE FAMILY,2014,225344.48922005948,188120.03379944144,37224.45542061803,0.5042900076449363
071 16 0 187.00,URBAN SERVICES DISTRICT,TRIPLEX,2013,145000.0,161404.42773202716,-16404.427732027165,-0.216605423376806
086 14 0 007.00,GENERAL SERVICES DISTRICT,ZERO LOT LINE,2013,89000.0,91027.42747849907,-2027.4274784990703,-0.023345501012459267
091 11 0 404.00,URBAN SERVICES DISTRICT,SINGLE FAMILY,2014,316269.5145647472,241628.1461767808,74641.36838796642,1.0072593035805568
082 16 0 110.00,URBAN SERVICES DISTRICT,SINGLE FAMILY,2014,383774.4576236821,402660.96685056743,-18886.509226885333,-0.2499703025963467
129 08 0 023.00,URBAN SERVICES DISTRICT,SINGLE FAMILY,2014,257463.45921194917,259366.53774647877,-1903.0785345296026,-0.0216739654463574
128 10 0 105.00,GENERAL SERVICES DISTRICT,SINGLE FAMILY,2015,212300.01223540926,176365.93890114359,35934.073334265675,0.4869443070515455
147 06 0 027.00,URBAN SERVICES DISTRICT,SINGLE FAMILY,2014,275431.9761253041,230995.2761748242,44436.69995047993,0.601239148170391
104 05 0 107.00,URBAN SERVICES DISTRICT,DUPLEX,2015,280118.07169949834,274141.38921801944,5976.6824814789,0.08424813063413099
080 08 0 303.00,URBAN SERVICES DISTRICT,SINGLE FAMILY,2015,96321.3018475468,99915.98228717582,-3594.6804396290245,-0.04441298242388509
042 15 0 095.00,GENERAL SERVICES DISTRICT,SINGLE FAMILY,2013,155000.0,185103.33376034236,-30103.333760342357,-0.4007502010649746
053 12 0 256.00,GENERAL SERVICES DISTRICT,SINGLE FAMILY,2016,147535.13022536843,142587.4453714634,4947.684853905026,0.07041603783930594
083 10 0 357.00,URBAN SERVICES DISTRICT,SINGLE FAMILY,2015,496251.2786002692,374466.79460394423,121784.48399632494,1.640971114237929
147 05 0 054.00,URBAN SERVICES DISTRICT,SINGLE FAMILY,2015,223111.5869325829,216242.18273299688,6869.404199586017,0.09624836203789756
147 16 0 101.00,URBAN SERVICES DISTRICT,SINGLE FAMILY,2014,154985.83865571776,113442.56689754118,41543.271758176576,0.5623448240450134
142 10 0 124.00,GENERAL SERVICES DISTRICT,SINGLE FAMILY,2014,194347.3214889159,171210.17359741157,23137.14789150434,0.31492422122289804
034 13 0 189.00,GENERAL SERVICES DISTRICT,SINGLE FAMILY,2015,119623.193931237,118334.09635529407,1289.0975759429275,0.02123621723461266
033 08 0 072.00,CITY OF GOODLETTSVILLE,SINGLE FAMILY,2014,108244.07779129494,113909.47523386548,-5665.397442570538,-0.07224817753899991
132 06 0 036.00,CITY OF OAK HILL,SINGLE FAMILY,2013,905000.0,591217.5187523889,313782.4812476111,4.221865416843786
148 13 0 071.00,URBAN SERVICES DISTRICT,SINGLE FAMILY,2016,135887.6199444183,130283.97388229353,5603.646062124753,0.07923366390448308
105 01 0 244.00,URBAN SERVICES DISTRICT,SINGLE FAMILY,2016,388250.342698338,259781.8598300421,128468.48286829586,1.7308194191903818
103 06 0 048.00,URBAN SERVICES DISTRICT,SINGLE FAMILY,2014,147605.5606244931,171459.90962706666,-23854.349002573552,-0.3167494854883005
095 08 0 073.00,URBAN SERVICES DISTRICT,SINGLE FAMILY,2013,52000.0,108751.78554629348,-56751.78554629348,-0.7589666323416681
061 15 0 096.00,URBAN SERVICES DISTRICT,SINGLE FAMILY,2013,69900.0,175648.24295266793,-105748.24295266793,-1.4175916158225061
129 08 0 092.00,URBAN SERVICES DISTRICT,SINGLE FAMILY,2014,428056.12581103004,310926.992957522,117129.13285350805,1.5783924966839105
072 07 0 024.00,URBAN SERVICES DISTRICT,SINGLE FAMILY,2014,373934.08691538253,394866.27347386244,-20932.18655847991,-0.2774689069863309
103 10 0 072.00,URBAN SERVICES DISTRICT,SINGLE FAMILY,2016,713410.004708196,573586.5452023423,139823.4595058537,1.883456399417525
118 02 0 038.00,URBAN SERVICES DISTRICT,SINGLE FAMILY,2013,360000.0,358919.82281621196,1080.177183788037,0.018427847056120467
092 09 0 213.00,URBAN SERVICES DISTRICT,DUPLEX,2015,137601.8597822097,236340.19461212112,-98738.33482991141,-1.323362341586201
072 12 0 059.00,URBAN SERVICES DISTRICT,SINGLE FAMILY,2015,230974.55034870916,167209.91189160125,63764.63845710791,0.8610510581226879
108 16 0 255.00,GENERAL SERVICES DISTRICT,ZERO LOT LINE,2015,132687.50764713078,124622.07923733225,8065.428409798536,0.11232567593756368
082 03 0 035.00,URBAN SERVICES DISTRICT,SINGLE FAMILY,2014,147605.5606244931,176577.1869850511,-28971.626360558002,-0.38553745290022384
073 08 0 004.00,URBAN SERVICES DISTRICT,SINGLE FAMILY,2015,329935.84216322034,284038.0492595683,45897.792903652065,0.6208795951146586
060 03 0 116.00,URBAN SERVICES DISTRICT,SINGLE FAMILY,2013,84000.0,149457.13492604214,-65457.13492604214,-0.8759865332679326
145 13 0 025.00,CITY OF FOREST HILLS,SINGLE FAMILY,2015,430005.81181940535,604966.9399487488,-174961.12812934344,-2.3479718467454544
050 03 0 042.00,GENERAL SERVICES DISTRICT,SINGLE FAMILY,2013,107900.0,115807.20307021613,-7907.203070216128,-0.1023831969390603
071 11 0 499.00,URBAN SERVICES DISTRICT,SINGLE FAMILY,2016,169859.52493052286,149329.178919251,20530.346011271875,0.2798828134111864
119 05 0 365.00,URBAN SERVICES DISTRICT,SINGLE FAMILY,2015,95338.43142053101,133474.8046404393,-38136.3732199083,-0.5087327116672454
129 12 0 028.00,URBAN SERVICES DISTRICT,SINGLE FAMILY,2014,304953.08825020277,331127.25882858643,-26174.170578383666,-0.347933218515653
081 15 0 339.00,URBAN SERVICES DISTRICT,SINGLE FAMILY,2014,39361.48283319816,73728.95893854873,-34367.47610535057,-0.4580700733620194
129 15 0 037.00,URBAN SERVICES DISTRICT,SINGLE FAMILY,2013,220000.0,222111.5315962875,-2111.531596287503,-0.024476053630368953
071 08 0 286.00,URBAN SERVICES DISTRICT,SINGLE FAMILY,2014,63864.00589686402,98927.24116791571,-35063.235271051686,-0.46742267543314214
081 06 0 159.00,URBAN SERVICES DISTRICT,DUPLEX,2014,39361.48283319816,117642.74681700389,-78281.26398380572,-1.0483722981972725
082 12 0 143.00,URBAN SERVICES DISTRICT,SINGLE FAMILY,2016,276628.3691725658,166166.68879605457,110461.68037651124,1.4887666133042279
063 12 0 045.00,GENERAL SERVICES DISTRICT,SINGLE FAMILY,2016,185874.8515668293,184518.898980217,1355.952586612315,0.02213490221366194
144 10 0 036.00,CITY OF FOREST HILLS,SINGLE FAMILY,2016,583346.1399042528,599244.5423379312,-15898.402433678391,-0.20980328049938057
083 13 0 451.00,URBAN SERVICES DISTRICT,SINGLE FAMILY,2013,95000.0,372108.21457259095,-277108.21457259095,-3.7210634268837954
105 03 0 135.00,URBAN SERVICES DISTRICT,SINGLE FAMILY,2016,145593.87851187674,151263.00995497577,-5669.1314430990315,-0.07229837108699459
148 09 0 064.00,URBAN SERVICES DISTRICT,SINGLE FAMILY,2013,133000.0,177500.31801106237,-44500.318011062365,-0.5942787542756546
162 05 0 309.00,URBAN SERVICES DISTRICT,SINGLE FAMILY,2016,132005.11651743492,146883.80937769817,-14878.692860263254,-0.19609604049679172
060 02 0 156.00,URBAN SERVICES DISTRICT,SINGLE FAMILY,2016,116475.10280950139,139537.1770909443,-23062.074281442896,-0.3060994925553609
102 04 0 159.00,URBAN SERVICES DISTRICT,SINGLE FAMILY,2014,139830.68372786563,160444.56147666732,-20613.877748801693,-0.2731901050970979
164 13 0 166.00,URBAN SERVICES DISTRICT,SINGLE FAMILY,2016,155300.1370793352,183397.69674365307,-28097.559664317872,-0.3737879878603818
117 05 0 064.00,URBAN SERVICES DISTRICT,SINGLE FAMILY,2016,795913.2025315928,688265.8212898844,107647.38124170841,1.4509359655535907
058 12 0 032.00,URBAN SERVICES DISTRICT,SINGLE FAMILY,2013,100000.0,132917.93943825187,-32917.939438251866,-0.43858496945941466
131 09 0 016.00,CITY OF FOREST HILLS,SINGLE FAMILY,2014,575661.6864355231,579044.3441556377,-3382.65772011457,-0.04156290983640038
084 12 0 111.00,URBAN SERVICES DISTRICT,SINGLE FAMILY,2014,203215.46357123548,205341.34480825937,-2125.8812370238884,-0.02466894577794957
061 14 0 098.00,URBAN SERVICES DISTRICT,SINGLE FAMILY,2014,241103.8429094012,202718.57725463415,38385.26565476705,0.5198939647830969
121 00 0 221.00,GENERAL SERVICES DISTRICT,SINGLE FAMILY,2013,365000.0,328132.78256005445,36867.217439945554,0.4994879082366527
041 11 0 110.00,GENERAL SERVICES DISTRICT,SINGLE FAMILY,2015,157160.9812798238,184929.0807723614,-27768.099492537585,-0.3693592860381934
160 16 0 024.00,URBAN SERVICES DISTRICT,SINGLE FAMILY,2015,378405.1144010767,356955.99109430955,21449.123306767142,0.29223329165187273
081 07 0 118.00,URBAN SERVICES DISTRICT,SINGLE FAMILY,2015,83543.98629634161,119438.92692939713,-35894.94063305552,-0.47860270679270395
128 13 0 020.00,GENERAL SERVICES DISTRICT,SINGLE FAMILY,2015,184779.64027896733,245888.12602442826,-61108.48574546093,-0.8175306949004911
155 15 0 026.00,GENERAL SERVICES DISTRICT,SINGLE FAMILY,2014,174174.56153690186,246441.5404987116,-72266.97896180974,-0.9675264864193417
131 12 0 057.00,URBAN SERVICES DISTRICT,SINGLE FAMILY,2014,338508.7523655042,369822.2602732415,-31313.50790773728,-0.41701772263752857
053 12 0 036.00,GENERAL SERVICES DISTRICT,SINGLE FAMILY,2015,130721.76679309922,138564.0851563343,-7842.318363235085,-0.10151099736942389
134 13 0 090.00,URBAN SERVICES DISTRICT,SINGLE FAMILY,2015,113030.09910681512,131156.97026616032,-18126.871159345203,-0.23975902128807924
118 04 0 265.00,URBAN SERVICES DISTRICT,SINGLE FAMILY,2016,155300.1370793352,134249.41084089546,21050.726238439733,0.28687791952017616
129 08 0 130.00,URBAN SERVICES DISTRICT,SINGLE FAMILY,2014,629783.7253311706,592441.4412412763,37342.28408989427,0.505873895735293
133 13 0 098.00,URBAN SERVICES DISTRICT,SINGLE FAMILY,2013,196500.0,186163.10023778447,10336.89976221553,0.14285947085164666
083 01 0 383.00,URBAN SERVICES DISTRICT,SINGLE FAMILY,2013,250000.0,250603.13753650288,-603.1375365028798,-0.004199771113278409
081 07 0 129.00,URBAN SERVICES DISTRICT,SINGLE FAMILY,2016,37223.50160620315,124601.78589732696,-87378.28429112381,-1.1706571564664894
120 01 0 056.00,URBAN SERVICES DISTRICT,SINGLE FAMILY,2016,145593.87851187674,197533.7883542489,-51939.90984237217,-0.6942839649863195
131 15 0 089.00,URBAN SERVICES DISTRICT,ZERO LOT LINE,2014,447736.8672276291,403187.0670297962,44549.80019783293,0.6027594754039851
142 11 0 041.00,GENERAL SERVICES DISTRICT,SINGLE FAMILY,2015,255448.02398140216,248221.97240322296,7226.0515781792055,0.10104252239700676
116 04 0 095.00,URBAN SERVICES DISTRICT,DUPLEX,2016,475606.669805464,409243.4227945084,66363.24701095559,0.8959823287991759
130 07 0 022.00,CITY OF BELLE MEADE,SINGLE FAMILY,2016,795913.2025315928,593834.331115374,202078.8714162188,2.7203122010723297
117 12 0 161.00,URBAN SERVICES DISTRICT,SINGLE FAMILY,2015,368576.41013091884,276703.9263844034,91872.48374651541,1.2388850918340615
095 08 0 143.00,URBAN SERVICES DISTRICT,SINGLE FAMILY,2016,130063.86480394322,164293.3073191884,-34229.44251524519,-0.456214584703953
053 12 0 095.00,GENERAL SERVICES DISTRICT,SINGLE FAMILY,2015,196475.79836045514,167535.44826352858,28940.35009692656,0.39293259486880394
134 09 0 114.00,URBAN SERVICES DISTRICT,SINGLE FAMILY,2014,127826.41550081104,117219.8823616643,10606.533139146733,0.14648396306654896
084 01 0 126.00,URBAN SERVICES DISTRICT,SINGLE FAMILY,2014,127924.81920789403,225410.68258920868,-97485.86338131464,-1.3065262470845005
044 15 0 314.00,GENERAL SERVICES DISTRICT,SINGLE FAMILY,2016,184418.91278171053,147687.37900425706,36731.53377745347,0.4976640080059425
043 06 0 348.00,GENERAL SERVICES DISTRICT,DUPLEX,2016,101915.7149583137,135216.02426564335,-33300.30930732965,-0.44372489920201186
075 07 0 038.00,GENERAL SERVICES DISTRICT,SINGLE FAMILY,2013,134000.0,146245.38172230203,-12245.38172230203,-0.16069828734180594
150 07 0 253.00,URBAN SERVICES DISTRICT,ZERO LOT LINE,2016,79591.32025315928,102850.2319922261,-23258.91173906681,-0.3087454403266603
083 04 0 186.00,URBAN SERVICES DISTRICT,SINGLE FAMILY,2016,383397.21341460873,298979.5956083262,84417.61780628253,1.1386745619989196
072 08 0 247.00,URBAN SERVICES DISTRICT,SINGLE FAMILY,2015,212791.44744891717,181469.60908636113,31321.83836255604,0.42494526991999987
083 07 0 144.00,URBAN SERVICES DISTRICT,SINGLE FAMILY,2015,201488.43753823565,222577.45532335027,-21089.017785114615,-0.2795770790771181
118 03 0 129.00,CITY OF BERRY HILL,SINGLE FAMILY,2015,317467.14792609814,243533.14817020218,73933.99975589596,0.9977506436023835
074 16 0 132.00,GENERAL SERVICES DISTRICT,SINGLE FAMILY,2015,137601.8597822097,134957.78122672075,2644.078555488959,0.0394502754035253
136 14 0 084.00,URBAN SERVICES DISTRICT,SINGLE FAMILY,2014,51169.92768315761,145896.12619558288,-94726.19851242527,-1.2694300094196025
072 11 0 454.00,URBAN SERVICES DISTRICT,SINGLE FAMILY,2013,132400.0,174629.96126642503,-42229.96126642503,-0.5637599422515461
064 13 0 030.00,GENERAL SERVICES DISTRICT,SINGLE FAMILY,2013,87500.0,91779.55822380987,-4279.558223809872,-0.053619313721498835
083 14 0 278.00,URBAN SERVICES DISTRICT,SINGLE FAMILY,2013,461250.0,409157.8608367643,52092.139163235726,0.704145843714136
130 05 0 097.00,URBAN SERVICES DISTRICT,SINGLE FAMILY,2014,606658.8541666666,543897.9846539408,62760.869512725854,0.8475580968065459
164 13 0 087.00,URBAN SERVICES DISTRICT,SINGLE FAMILY,2013,145000.0,149705.65750321394,-4705.657503213937,-0.05934706723092273
096 06 0 020.00,URBAN SERVICES DISTRICT,SINGLE FAMILY,2015,125807.41465802031,142285.75997922645,-16478.345321206143,-0.2175990456411294
072 12 0 206.00,URBAN SERVICES DISTRICT,SINGLE FAMILY,2015,158242.13874954116,134706.4238614997,23535.71488804146,0.32028187758023535
073 13 0 132.00,URBAN SERVICES DISTRICT,SINGLE FAMILY,2014,246009.26770748853,206122.80221863705,39886.46548885148,0.5400735403741408
105 01 0 114.00,URBAN SERVICES DISTRICT,SINGLE FAMILY,2016,727969.3925593836,502375.623509614,225593.76904976967,3.0364064635002928
104 10 0 124.00,URBAN SERVICES DISTRICT,SINGLE FAMILY,2014,393516.42462489865,374999.50880071335,18516.9158241853,0.2528176847486968
176 02 0 082.00,URBAN SERVICES DISTRICT,SINGLE FAMILY,2016,122201.79536430187,136284.12858428695,-14082.333219985085,-0.18539113686319192
075 05 0 063.00,GENERAL SERVICES DISTRICT,SINGLE FAMILY,2013,115511.0,117570.18227816293,-2059.1822781629307,-0.023772358493819267
083 01 0 386.00,URBAN SERVICES DISTRICT,SINGLE FAMILY,2014,162366.11668694243,215366.6036124991,-53000.486925556674,-0.708540558235481
116 16 0 022.00,URBAN SERVICES DISTRICT,ZERO LOT LINE,2015,363662.05799584,352128.50785654224,11533.550139297731,0.15894520187299935
096 14 0 067.00,URBAN SERVICES DISTRICT,SINGLE FAMILY,2015,147430.56405236755,155077.47917236853,-7646.91512000098,-0.09888432873540912
158 02 0 011.00,CITY OF FOREST HILLS,SINGLE FAMILY,2014,541220.3889564747,663858.2349122543,-122637.84595577954,-1.6446266932090414
120 02 0 053.00,URBAN SERVICES DISTRICT,SINGLE FAMILY,2014,68882.59495809679,95750.30491558534,-26867.70995748855,-0.35725598155375865
136 14 0 008.00,URBAN SERVICES DISTRICT,SINGLE FAMILY,2015,142516.21191728863,164487.41400561025,-21971.202088321617,-0.29143566340920035
131 09 0 028.00,CITY OF FOREST HILLS,SINGLE FAMILY,2014,588454.1683563126,513273.640461707,75180.52789460553,1.0145068463612217
118 10 0 008.00,URBAN SERVICES DISTRICT,SINGLE FAMILY,2015,565150.4955340755,514112.67987309693,51037.81566097861,0.6899733129636331
091 12 0 041.00,URBAN SERVICES DISTRICT,SINGLE FAMILY,2015,122858.80337697295,188376.13453757745,-65517.3311606045,-0.8767957089939533
119 02 0 048.00,URBAN SERVICES DISTRICT,SINGLE FAMILY,2014,116608.39289334956,109152.09650814775,7456.296385201815,0.10413754171573175
119 02 0 178.00,URBAN SERVICES DISTRICT,SINGLE FAMILY,2013,35000.0,146326.2386384309,-111326.23863843089,-1.4925726963100487
096 05 0 149.00,URBAN SERVICES DISTRICT,SINGLE FAMILY,2013,114500.0,110417.60966877195,4082.3903312280454,0.05878449097097989
083 04 0 192.00,URBAN SERVICES DISTRICT,SINGLE FAMILY,2013,170000.0,171079.02104161313,-1079.0210416131304,-0.010596739022457592
072 11 0 172.00,URBAN SERVICES DISTRICT,SINGLE FAMILY,2015,108115.7469717362,196618.1563125109,-88502.4093407747,-1.185767980420884
146 16 0 190.00,URBAN SERVICES DISTRICT,SINGLE FAMILY,2014,305051.49195728573,274896.0168006961,30155.475156589644,0.4092666680796486
150 06 0 124.00,URBAN SERVICES DISTRICT,SINGLE FAMILY,2016,132975.74237418076,140632.79654443817,-7657.054170257412,-0.09902062087082347
042 01 0 014.00,GENERAL SERVICES DISTRICT,SINGLE FAMILY,2016,291187.7570237535,309342.98734029615,-18155.23031654267,-0.24014023353136038
071 08 0 302.00,URBAN SERVICES DISTRICT,SINGLE FAMILY,2015,186745.38113299888,135161.47188458554,51583.90924841334,0.6973140657250031
150 11 0 303.00,URBAN SERVICES DISTRICT,SINGLE FAMILY,2015,140452.1840205555,144980.63604318263,-4528.452022627142,-0.056965018346118904
082 08 0 312.00,URBAN SERVICES DISTRICT,SINGLE FAMILY,2014,113164.26314544471,325891.17038031516,-212726.90723487045,-2.8556307052873917
116 08 0 118.00,URBAN SERVICES DISTRICT,SINGLE FAMILY,2013,322500.0,332265.59614433075,-9765.596144330746,-0.1273642705213394
148 09 0 134.00,URBAN SERVICES DISTRICT,SINGLE FAMILY,2015,115094.12700354826,139120.9910984922,-24026.864094943943,-0.3190684847767646
063 04 0 063.00,GENERAL SERVICES DISTRICT,SINGLE FAMILY,2015,155195.24042579223,161763.9912045946,-6568.7507788023795,-0.08439132232227256
083 13 0 387.00,URBAN SERVICES DISTRICT,DUPLEX,2013,265000.0,344341.4612517932,-79341.4612517932,-1.0626237858573546
075 13 0 072.00,GENERAL SERVICES DISTRICT,SINGLE FAMILY,2015,93372.69056649944,165851.16689801982,-72478.47633152037,-0.9703694970981869
147 16 0 153.00,URBAN SERVICES DISTRICT,SINGLE FAMILY,2013,94949.0,107070.15727087094,-12121.157270870943,-0.15902842524150904
108 03 0 159.00,GENERAL SERVICES DISTRICT,ZERO LOT LINE,2013,65400.0,82245.9905799608,-16845.990579960795,-0.2225410427832042
042 16 0 129.00,GENERAL SERVICES DISTRICT,SINGLE FAMILY,2015,274220.84913740365,232908.92302646718,41311.926110936474,0.5592350069039878
128 11 0 021.00,GENERAL SERVICES DISTRICT,SINGLE FAMILY,2013,67501.0,184823.5306420403,-117322.5306420403,-1.5731766405721441
071 15 0 463.00,URBAN SERVICES DISTRICT,SINGLE FAMILY,2015,128756.02593906765,206302.14261080453,-77546.11667173688,-1.0384902289233349
086 04 0 029.00,GENERAL SERVICES DISTRICT,SINGLE FAMILY,2015,184779.64027896733,160856.07126815894,23923.569010808395,0.32549552829546263
104 16 0 112.00,URBAN SERVICES DISTRICT,VACANT RESIDENTIAL LAND,2015,344004.6494555243,456204.56986560434,-112199.92041008006,-1.5043169870788151
091 15 0 158.00,URBAN SERVICES DISTRICT,SINGLE FAMILY,2014,419199.7921735604,388659.19898580876,30540.593187751656,0.41444353943605106
107 13 0 026.00,URBAN SERVICES DISTRICT,SINGLE FAMILY,2014,114148.30021627467,123890.88314000865,-9742.582923733979,-0.12705491995116094
010 00 0 045.00,GENERAL SERVICES DISTRICT,SINGLE FAMILY,2015,190185.42762755413,179417.7116051426,10767.716022411536,0.14865063142273635
070 07 0 194.00,URBAN SERVICES DISTRICT,RESIDENTIAL COMBO/MISC,2014,20664.778487429034,137658.29938210256,-116993.52089467352,-1.5687539934891677
133 06 0 066.00,URBAN SERVICES DISTRICT,SINGLE FAMILY,2015,44229.169215710266,289834.1676986514,-245604.99848294113,-3.2975878069109226
083 10 0 092.00,URBAN SERVICES DISTRICT,SINGLE FAMILY,2014,329652.4187280346,273384.46283427475,56267.95589375985,0.7602784167765029
051 07 0 096.00,GENERAL SERVICES DISTRICT,ZERO LOT LINE,2016,96965.5230889099,97548.59295062353,-583.0698617136222,-0.003930015447742189
072 12 0 296.00,URBAN SERVICES DISTRICT,SINGLE FAMILY,2013,149615.0,233288.8726412635,-83673.8726412635,-1.1208613509971321
093 04 0 020.00,URBAN SERVICES DISTRICT,SINGLE FAMILY,2015,339090.29732044536,352721.0774579174,-13630.78013747203,-0.17932122574606307
087 13 0 085.00,GENERAL SERVICES DISTRICT,DUPLEX,2014,83643.1510205461,99033.59978366342,-15390.448763117325,-0.20297521586794076
033 16 0 253.00,GENERAL SERVICES DISTRICT,ZERO LOT LINE,2015,105167.13569068885,113680.55796150283,-8513.422270813971,-0.1105321761125541
071 16 0 233.00,URBAN SERVICES DISTRICT,SINGLE FAMILY,2014,98403.7070829954,146439.12377599103,-48035.41669299563,-0.6417986043676841
119 14 0 181.00,URBAN SERVICES DISTRICT,SINGLE FAMILY,2015,191659.7332680778,169687.9815543443,21971.75171373351,0.299258618463767
075 13 0 237.00,GENERAL SERVICES DISTRICT,SINGLE FAMILY,2016,158212.01464957272,144791.96425852354,13420.050391049183,0.18430410051420493
103 13 0 060.00,URBAN SERVICES DISTRICT,SINGLE FAMILY,2015,884583.3843142053,666902.3036607819,217681.08065342333,2.930041747759546
104 13 0 015.00,URBAN SERVICES DISTRICT,SINGLE FAMILY,2014,674065.3935185185,558964.751584092,115100.6419344265,1.5511249171732069
091 02 0 605.00,URBAN SERVICES DISTRICT,SINGLE FAMILY,2015,324248.95387250703,303458.9122192855,20790.04165322153,0.2833737196305999
073 09 0 269.00,URBAN SERVICES DISTRICT,ZERO LOT LINE,2013,48880.0,77165.72686043604,-28285.726860436043,-0.37631738739241494
072 04 0 142.00,URBAN SERVICES DISTRICT,SINGLE FAMILY,2014,131860.96749121384,141717.28698262232,-9856.319491408474,-0.12858380079216714
069 11 0 066.00,URBAN SERVICES DISTRICT,SINGLE FAMILY,2015,147430.56405236755,166228.88116214535,-18798.317109777796,-0.24878479787319227
052 09 0 027.00,GENERAL SERVICES DISTRICT,SINGLE FAMILY,2016,378544.0841308795,218883.94713519167,159660.13699568782,2.150106930407893
110 00 0 166.00,GENERAL SERVICES DISTRICT,SINGLE FAMILY,2015,585790.774501407,201592.662269681,384198.11223172606,5.168413315379646
114 00 0 225.00,GENERAL SERVICES DISTRICT,SINGLE FAMILY,2013,185000.0,221983.40820727195,-36983.40820727195,-0.493234212334867
086 07 0 014.00,GENERAL SERVICES DISTRICT,SINGLE FAMILY,2015,116961.58081487825,112048.86173260272,4912.7190822755365,0.069946017515778
087 09 0 044.00,GENERAL SERVICES DISTRICT,DUPLEX,2015,86001.16236388107,106344.07674336697,-20342.914379485897,-0.2695477347281677
115 11 0 049.00,URBAN SERVICES DISTRICT,SINGLE FAMILY,2015,388233.81867123453,453661.0064459956,-65427.187774761056,-0.8755839747348899
091 05 0 228.00,URBAN SERVICES DISTRICT,SINGLE FAMILY,2014,169254.3761827521,159327.0410144009,9927.335168351216,0.13735398151328634
129 03 0 027.00,URBAN SERVICES DISTRICT,SINGLE FAMILY,2014,713426.8763517167,614104.1129421901,99322.76340952655,1.3390339715638835
091 09 0 123.00,URBAN SERVICES DISTRICT,SINGLE FAMILY,2016,106768.84424204293,136270.29787951056,-29501.453637467625,-0.39265954906746425
150 05 0 038.00,URBAN SERVICES DISTRICT,SINGLE FAMILY,2015,169053.7134467148,134772.8518408126,34280.8616059022,0.4647213422716049
091 04 0 046.00,URBAN SERVICES DISTRICT,SINGLE FAMILY,2016,202860.80405988157,150975.8239295414,51884.98013034018,0.7013611502517677
095 14 0 107.00,URBAN SERVICES DISTRICT,SINGLE FAMILY,2015,115978.71038786248,169337.70916293934,-53358.99877507686,-0.7133597813684824
049 15 0 066.00,URBAN SERVICES DISTRICT,ZERO LOT LINE,2015,58972.22562094702,107032.9150403069,-48060.689419359886,-0.6421383278878179
103 04 0 291.00,URBAN SERVICES DISTRICT,SINGLE FAMILY,2013,205000.0,192501.54088628446,12498.459113715537,0.17191579589096112
148 05 0 166.00,URBAN SERVICES DISTRICT,SINGLE FAMILY,2014,131762.56378413085,131662.6010335047,99.96275062614586,0.005251512500044221
072 09 0 404.00,URBAN SERVICES DISTRICT,SINGLE FAMILY,2014,206647.78487429034,176539.67206845363,30108.112805836718,0.40863000924483656
071 07 0 112.00,URBAN SERVICES DISTRICT,DUPLEX,2015,242768.99547289856,157886.78420126293,84882.21127163564,1.1449197658287722
083 01 0 172.00,URBAN SERVICES DISTRICT,SINGLE FAMILY,2016,208684.55920035666,183685.16254298287,24999.396657373785,0.33995712416290536
149 10 0 063.00,URBAN SERVICES DISTRICT,SINGLE FAMILY,2013,145000.0,139269.29253297174,5730.70746702826,0.08094166117888882
033 08 0 101.00,CITY OF GOODLETTSVILLE,SINGLE FAMILY,2015,127773.15551205188,139955.61872037573,-12182.463208323854,-0.15985251792452304
062 13 0 075.00,URBAN SERVICES DISTRICT,SINGLE FAMILY,2013,405000.0,366515.8906625217,38484.109337478294,0.5212226510257152
083 08 0 123.00,URBAN SERVICES DISTRICT,DUPLEX,2015,158242.13874954116,166856.24608940957,-8614.10733986841,-0.1118856148192088
156 05 0 021.00,GENERAL SERVICES DISTRICT,SINGLE FAMILY,2015,183305.33463844366,186377.7130369153,-3072.3783984716283,-0.03739204271846583
105 09 0 428.00,URBAN SERVICES DISTRICT,SINGLE FAMILY,2015,609379.6647497859,542185.9238997652,67193.74085002067,0.9071460745063098
054 13 0 075.00,GENERAL SERVICES DISTRICT,SINGLE FAMILY,2013,299900.0,332911.48348723387,-33011.48348723387,-0.43984241644592853
061 14 0 116.00,URBAN SERVICES DISTRICT,SINGLE FAMILY,2016,323218.4102963664,269155.1054344468,54063.30486191955,0.730642840526904
131 14 0 016.00,CITY OF FOREST HILLS,SINGLE FAMILY,2013,465000.0,494339.85891805677,-29339.858918056765,-0.3904873446870569
119 14 0 217.00,URBAN SERVICES DISTRICT,SINGLE FAMILY,2016,160153.2663630644,190906.02353901646,-30752.75717595205,-0.40947994417334793
161 11 0 029.00,URBAN SERVICES DISTRICT,SINGLE FAMILY,2014,201727.5995201406,181643.32342172315,20084.27609841744,0.27388660869482606
091 02 0 216.00,URBAN SERVICES DISTRICT,SINGLE FAMILY,2016,180536.40935472716,141359.0512375811,39177.35811714607,0.5305415077395762
150 07 0 118.00,URBAN SERVICES DISTRICT,SINGLE FAMILY,2013,118500.0,120635.53800894966,-2135.538008949661,-0.0247987549843038
117 04 0 156.00,URBAN SERVICES DISTRICT,DUPLEX,2015,447206.04429218156,451634.2336464402,-4428.189354258648,-0.055617257675377986
094 05 0 128.00,URBAN SERVICES DISTRICT,SINGLE FAMILY,2015,432462.9878869448,330132.45222815586,102330.53565878893,1.3794653425822874
061 16 0 149.00,URBAN SERVICES DISTRICT,SINGLE FAMILY,2013,159000.0,164724.50457571744,-5724.504575717438,-0.07304271323919548
076 01 0 033.00,GENERAL SERVICES DISTRICT,DUPLEX,2016,109195.40888390756,164827.97253738233,-55632.563653474775,-0.7439217180827605
147 09 0 022.00,URBAN SERVICES DISTRICT,SINGLE FAMILY,2013,325000.0,298781.3812684966,26218.618731503375,0.356346270663293
102 14 0 017.00,URBAN SERVICES DISTRICT,SINGLE FAMILY,2014,245025.23063665855,269976.57818906446,-24951.347552405903,-0.33149566694728566
058 16 0 144.00,URBAN SERVICES DISTRICT,SINGLE FAMILY,2013,615661.0,130201.14377970895,485459.85622029105,6.529603858372508
083 10 0 050.00,URBAN SERVICES DISTRICT,SINGLE FAMILY,2013,380000.0,377600.51136842306,2399.48863157694,0.036162424748119044
108 16 0 381.00,GENERAL SERVICES DISTRICT,ZERO LOT LINE,2013,76000.0,90750.15415826852,-14750.154158268517,-0.1943681849545884
073 09 0 210.00,URBAN SERVICES DISTRICT,SINGLE FAMILY,2015,287981.0351156246,263794.80181312206,24186.233302502544,0.3290263399895252
071 15 0 351.00,URBAN SERVICES DISTRICT,SINGLE FAMILY,2016,354278.4377122334,320314.62132789684,33963.81638433656,0.460459525910384
104 15 0 398.00,URBAN SERVICES DISTRICT,SINGLE FAMILY,2015,393148.17080631346,300523.58608971076,92624.5847166027,1.2489950572319928
150 10 0 140.00,URBAN SERVICES DISTRICT,SINGLE FAMILY,2014,147507.15691741012,149744.01733594135,-2236.860418531229,-0.026160761012278724
096 14 0 269.00,URBAN SERVICES DISTRICT,SINGLE FAMILY,2016,212372.93745599088,158333.03379394498,54039.903662045894,0.7303282746236514
160 03 0 105.00,URBAN SERVICES DISTRICT,DUPLEX,2013,319500.0,259059.26057575046,60440.739424249536,0.8163702166599844
063 02 0 005.00,GENERAL SERVICES DISTRICT,SINGLE FAMILY,2016,135887.6199444183,123143.20152717063,12744.418417247653,0.175222054155354
115 09 0 033.00,URBAN SERVICES DISTRICT,SINGLE FAMILY,2014,418215.7551027305,335027.0358634862,83188.7192392443,1.1221553411968483
083 10 0 268.00,URBAN SERVICES DISTRICT,SINGLE FAMILY,2013,615270.0,475772.9918094522,139497.00819054781,1.8790681435408323
119 12 0 054.00,URBAN SERVICES DISTRICT,SINGLE FAMILY,2014,84627.18809137605,204914.2789238985,-120287.09083252244,-1.613027142217396
060 08 0 068.00,URBAN SERVICES DISTRICT,SINGLE FAMILY,2015,152344.91618744648,119834.76704903196,32510.14913841452,0.44091889753614816
012 03 0 018.00,GENERAL SERVICES DISTRICT,SINGLE FAMILY,2013,160000.0,184258.18618373215,-24258.18618373215,-0.3221779852380584
083 13 0 267.00,URBAN SERVICES DISTRICT,SINGLE FAMILY,2014,143669.4123411733,312724.3046871159,-169054.8923459426,-2.2685784650359793
081 11 0 188.00,URBAN SERVICES DISTRICT,SINGLE FAMILY,2013,38000.0,68041.98092816783,-30041.98092816783,-0.399925478009136
128 10 0 248.00,GENERAL SERVICES DISTRICT,SINGLE FAMILY,2016,288761.19238188886,218110.96260031828,70650.22978157058,0.9536092289046436
072 04 0 240.00,URBAN SERVICES DISTRICT,SINGLE FAMILY,2016,264010.23303486983,227992.40309070965,36017.829944160185,0.488070188364773
161 06 0 155.00,URBAN SERVICES DISTRICT,SINGLE FAMILY,2014,186967.04345769127,199559.9401455435,-12592.896687852248,-0.16536968708294472
051 03 0 157.00,GENERAL SERVICES DISTRICT,SINGLE FAMILY,2014,139733.26405785346,121464.08812130844,18269.175936545027,0.24948749134203246
132 07 0 023.00,CITY OF OAK HILL,SINGLE FAMILY,2015,344004.6494555243,348033.609471072,-4028.9600155476946,-0.05025069791713394
082 04 0 020.00,URBAN SERVICES DISTRICT,SINGLE FAMILY,2014,195823.37709516086,138837.17243394366,56986.2046612172,0.7699333307772891
073 03 0 027.00,URBAN SERVICES DISTRICT,SINGLE FAMILY,2013,204900.0,198821.31014144953,6078.689858550468,0.08561934419925589
120 02 0 014.00,URBAN SERVICES DISTRICT,SINGLE FAMILY,2015,102218.5244096415,110548.24537586026,-8329.720966218767,-0.10806280842539792
082 12 0 159.00,URBAN SERVICES DISTRICT,SINGLE FAMILY,2013,195500.0,185358.16764919725,10141.832350802753,0.14023731656906632
071 11 0 136.00,URBAN SERVICES DISTRICT,SINGLE FAMILY,2016,104342.27960017833,142380.90340837536,-38038.62380819704,-0.5074187349415481
091 07 0 164.00,URBAN SERVICES DISTRICT,SINGLE FAMILY,2014,137765.18991619357,154501.82355613113,-16736.633639937558,-0.22107103420240118
133 04 0 045.00,URBAN SERVICES DISTRICT,SINGLE FAMILY,2015,68800.92989110485,181852.44311738844,-113051.51322628358,-1.515764351525035
092 06 0 170.00,URBAN SERVICES DISTRICT,SINGLE FAMILY,2016,92209.45639085527,164859.60932534974,-72650.15293449447,-0.9726772251622806
103 08 0 192.00,URBAN SERVICES DISTRICT,DUPLEX,2016,394074.09783881303,356908.09744911414,37166.00038969889,0.5035042376972403
161 06 0 219.00,URBAN SERVICES DISTRICT,SINGLE FAMILY,2015,264392.1448672458,245091.30330137323,19300.84156587257,0.26335544821160817
075 10 0 105.00,GENERAL SERVICES DISTRICT,SINGLE FAMILY,2015,137601.8597822097,131206.76424740048,6395.095534809225,0.08987256360184999
061 11 0 010.00,URBAN SERVICES DISTRICT,SINGLE FAMILY,2015,280118.07169949834,213292.3376244295,66825.73407506885,0.9021992177557655
092 13 0 418.00,URBAN SERVICES DISTRICT,SINGLE FAMILY,2014,280450.56518653693,255779.37374830083,24671.1914382361,0.335545291788168
142 03 0 031.00,GENERAL SERVICES DISTRICT,SINGLE FAMILY,2014,247544.36553798325,254401.30772607226,-6856.942188089015,-0.08826527713917806
133 12 0 109.00,URBAN SERVICES DISTRICT,SINGLE FAMILY,2015,147430.56405236755,136212.10507938766,11218.45897297989,0.1547096525048108
119 05 0 420.00,URBAN SERVICES DISTRICT,SINGLE FAMILY,2014,191887.22881184105,173538.88350169314,18348.34531014791,0.25055170965783674
061 03 0 045.00,URBAN SERVICES DISTRICT,SINGLE FAMILY,2015,231859.13373302337,163654.4776986899,68204.65603433346,0.9207350977094836
086 13 0 014.00,GENERAL SERVICES DISTRICT,ZERO LOT LINE,2014,110704.17046836983,110730.65716791622,-26.486699546381715,0.003551741303520798
081 12 0 288.00,URBAN SERVICES DISTRICT,DUPLEX,2016,315453.4034423996,254614.1840591758,60839.21938322377,0.8217267030324604
058 12 0 029.00,URBAN SERVICES DISTRICT,ZERO LOT LINE,2014,22140.834093673966,82524.67349620727,-60383.8394025333,-0.8077897827834842
156 00 0 062.00,GENERAL SERVICES DISTRICT,SINGLE FAMILY,2016,242656.46418646123,260769.98681916817,-18113.52263270694,-0.23957958641458008
149 04 0 218.00,URBAN SERVICES DISTRICT,SINGLE FAMILY,2015,117944.45124189404,161259.06072440895,-43314.609482514905,-0.5783401068434412
108 08 0 239.00,GENERAL SERVICES DISTRICT,SINGLE FAMILY,2013,615661.0,122330.07565596193,493330.92434403807,6.635409102004367
102 16 0 022.00,URBAN SERVICES DISTRICT,SINGLE FAMILY,2013,440000.0,537690.2141434374,-97690.21414343745,-1.3092731909341575
147 05 0 100.00,URBAN SERVICES DISTRICT,SINGLE FAMILY,2013,275500.0,256576.2101955535,18923.78980444651,0.25828700605708715
083 12 0 037.00,URBAN SERVICES DISTRICT,SINGLE FAMILY,2015,289946.7759696562,247773.09680922912,42173.67916042707,0.5708189482342331
096 10 0 288.00,URBAN SERVICES DISTRICT,SINGLE FAMILY,2016,140740.7492281475,154159.3488796544,-13418.599651506898,-0.17646903241492726
062 02 0 009.00,URBAN SERVICES DISTRICT,SINGLE FAMILY,2015,245717.6067539459,239273.93124560954,6443.675508336368,0.09052559008489633
161 07 0 131.00,URBAN SERVICES DISTRICT,DUPLEX,2014,111196.1890037848,188122.08046732552,-76925.89146354071,-1.0301529768213196
091 05 0 176.00,URBAN SERVICES DISTRICT,SINGLE FAMILY,2013,125000.0,132002.64047883273,-7002.6404788327345,-0.09022379698763111
075 07 0 121.00,GENERAL SERVICES DISTRICT,SINGLE FAMILY,2015,206402.78967331458,217716.59632608917,-11313.806652774598,-0.1481757776082993
148 05 0 203.00,URBAN SERVICES DISTRICT,SINGLE FAMILY,2015,207877.09531383825,193330.15472985303,14546.940583985212,0.19945209434876837
083 01 0 237.00,URBAN SERVICES DISTRICT,SINGLE FAMILY,2015,113030.09910681512,169384.75190421325,-56354.65279739813,-0.753628255568598
084 16 0 085.00,URBAN SERVICES DISTRICT,SINGLE FAMILY,2015,167087.97259268322,151773.704009125,15314.268583558209,0.20976674601534784
042 09 0 020.00,GENERAL SERVICES DISTRICT,SINGLE FAMILY,2013,80000.0,97668.47369844615,-17668.47369844615,-0.23359710599677047
074 12 0 167.00,GENERAL SERVICES DISTRICT,SINGLE FAMILY,2014,122020.5967829143,127762.96804562757,-5742.371262713263,-0.07328288257082458
104 05 0 140.00,URBAN SERVICES DISTRICT,SINGLE FAMILY,2016,587228.6433312362,436705.37904118554,150523.26429005066,2.0272863643227645
150 10 0 077.00,URBAN SERVICES DISTRICT,SINGLE FAMILY,2015,139567.6006362413,138370.63490689275,1196.9657293485361,0.019997753493489295
147 07 0 179.00,URBAN SERVICES DISTRICT,SINGLE FAMILY,2013,70000.0,110043.78739445326,-40043.78739445326,-0.5343727414918782
083 10 0 275.00,URBAN SERVICES DISTRICT,SINGLE FAMILY,2015,290929.64639667195,235126.517360605,55803.12903606694,0.7540300756172579
146 14 0 019.00,CITY OF OAK HILL,SINGLE FAMILY,2013,244689.0,413330.42812441,-168641.42812440998,-2.263020555740247
104 13 0 008.00,URBAN SERVICES DISTRICT,SINGLE FAMILY,2013,590000.0,493937.1316609066,96062.8683390934,1.2952134904399977
116 08 0 012.00,URBAN SERVICES DISTRICT,SINGLE FAMILY,2015,304689.83237489295,365479.95190784626,-60790.11953295331,-0.8132511213853167
147 02 0 150.00,URBAN SERVICES DISTRICT,SINGLE FAMILY,2015,294853.26514131896,343238.30644482526,-48385.041303506296,-0.646498362585145
071 08 0 153.00,URBAN SERVICES DISTRICT,SINGLE FAMILY,2015,47177.780496757616,110693.21831753555,-63515.43782077793,-0.849885662070803
150 07 0 069.00,URBAN SERVICES DISTRICT,SINGLE FAMILY,2016,111621.97352577216,149969.64130149793,-38347.66777572577,-0.5115729960612916
072 12 0 056.00,URBAN SERVICES DISTRICT,SINGLE FAMILY,2016,189272.04206543975,154596.06577076446,34675.97629467529,0.47003259167904377
106 13 0 095.00,URBAN SERVICES DISTRICT,SINGLE FAMILY,2014,54122.03889564747,129845.58504291026,-75723.5461472628,-1.0139906927299644
091 06 0 300.00,URBAN SERVICES DISTRICT,SINGLE FAMILY,2014,63962.40960394702,247092.76039670542,-183130.3507927584,-2.45778497256224
026 09 0 008.00,CITY OF GOODLETTSVILLE,SINGLE FAMILY,2015,139567.6006362413,143873.52573275322,-4305.925096511928,-0.053973745082807285
073 13 0 009.00,URBAN SERVICES DISTRICT,SINGLE FAMILY,2013,180700.0,158161.01944740186,22538.980552598136,0.30688347757405987
105 05 0 554.00,URBAN SERVICES DISTRICT,SINGLE FAMILY,2016,436684.5729499556,242772.898448356,193911.6745015996,2.610526305974616
044 15 0 195.00,GENERAL SERVICES DISTRICT,SINGLE FAMILY,2013,135000.0,119807.7785908769,15192.2214091231,0.20812615152135186
091 12 0 326.00,URBAN SERVICES DISTRICT,VACANT RESIDENTIAL LAND,2015,147430.56405236755,160763.23350192225,-13332.669449554698,-0.17531393302943762
086 12 0 001.00,GENERAL SERVICES DISTRICT,SINGLE FAMILY,2015,116961.58081487825,111465.692080426,5495.888734452252,0.07778515778965105
075 07 0 101.00,GENERAL SERVICES DISTRICT,SINGLE FAMILY,2014,132845.0045620438,181038.59709831743,-48193.592536273645,-0.6439248511961436
120 09 0 172.00,URBAN SERVICES DISTRICT,SINGLE FAMILY,2016,184515.9753673851,163834.678913334,20681.296454051102,0.28191193425266503
061 11 0 073.00,URBAN SERVICES DISTRICT,SINGLE FAMILY,2015,343906.3624128227,257816.44174398814,86089.92066883459,1.1611541554945917
051 03 0 168.00,GENERAL SERVICES DISTRICT,SINGLE FAMILY,2016,185195.4134671072,212122.43929445278,-26927.025827345584,-0.3580533231550242
082 09 0 030.00,URBAN SERVICES DISTRICT,SINGLE FAMILY,2013,190000.0,218750.81086849954,-28750.81086849954,-0.3825691852435831
051 07 0 088.00,GENERAL SERVICES DISTRICT,SINGLE FAMILY,2015,172002.32472776214,184122.59850377345,-12120.273776011309,-0.15901654904028684
061 10 0 170.01,URBAN SERVICES DISTRICT,SINGLE FAMILY,2014,98403.7070829954,128671.0590516638,-30267.3519686684,-0.4029549827056825
052 01 0 233.00,GENERAL SERVICES DISTRICT,SINGLE FAMILY,2013,67200.0,91065.35291609376,-23865.35291609376,-0.31689740337347255
160 06 0 041.00,CITY OF OAK HILL,SINGLE FAMILY,2013,400000.0,497334.77726929594,-97334.77726929594,-1.3044953025366695
044 11 0 150.00,GENERAL SERVICES DISTRICT,SINGLE FAMILY,2014,122512.61531832928,99395.41469838924,23117.200619940035,0.3146560840533969
071 08 0 322.00,URBAN SERVICES DISTRICT,SINGLE FAMILY,2014,107752.05925587997,117849.51944290045,-10097.460187020479,-0.13182528589274814
072 12 0 032.00,URBAN SERVICES DISTRICT,SINGLE FAMILY,2013,137500.0,167552.45328671747,-30052.45328671747,-0.4000662505739677
075 11 0 106.00,GENERAL SERVICES DISTRICT,DUPLEX,2015,133670.37807414657,132008.9649959851,1661.4130781614804,0.026240993181260015
026 07 0 194.00,CITY OF GOODLETTSVILLE,SINGLE FAMILY,2015,172985.19515477793,167788.90735779575,5196.287796982186,0.0737578326943801
116 15 0 061.00,CITY OF BELLE MEADE,SINGLE FAMILY,2016,859003.8832200727,519079.1811040679,339924.70211600483,4.573276941248369
105 04 0 027.00,URBAN SERVICES DISTRICT,QUADPLEX,2014,63962.40960394702,141424.12163879743,-77461.71203485041,-1.037355636638142
091 15 0 297.00,URBAN SERVICES DISTRICT,SINGLE FAMILY,2015,442291.69215710263,421887.34827349696,20404.343883605674,0.2781890552571141
082 16 0 257.00,URBAN SERVICES DISTRICT,SINGLE FAMILY,2014,165318.22789943227,214274.72534658143,-48956.49744714916,-0.6541800463861832
072 08 0 228.00,URBAN SERVICES DISTRICT,SINGLE FAMILY,2016,301864.6414479578,273019.96839947096,28844.673048486817,0.39164647546785475
117 03 0 082.00,URBAN SERVICES DISTRICT,SINGLE FAMILY,2015,201488.43753823565,377433.21693012846,-175944.7793918928,-2.361194380186478
083 03 0 258.00,URBAN SERVICES DISTRICT,SINGLE FAMILY,2016,184418.91278171053,160981.18494435464,23437.727837355895,0.31896470644061903
072 07 0 085.00,URBAN SERVICES DISTRICT,SINGLE FAMILY,2014,137765.18991619357,234877.30007531488,-97112.11015912131,-1.3015021448774504
050 15 0 022.00,URBAN SERVICES DISTRICT,SINGLE FAMILY,2016,121328.23209323062,206235.06080665466,-84906.82871342404,-1.1374351139923664
072 03 0 107.00,URBAN SERVICES DISTRICT,SINGLE FAMILY,2014,221408.34093673967,245063.09395661022,-23654.75301987055,-0.3140664568007305
103 08 0 237.00,URBAN SERVICES DISTRICT,SINGLE FAMILY,2014,369013.90156123275,331294.69216301746,37719.20939821529,0.5109406380694876
118 01 0 365.00,URBAN SERVICES DISTRICT,SINGLE FAMILY,2014,403455.1990402812,325399.37362548144,78055.82541479974,1.0531574525883982
133 01 0 133.00,URBAN SERVICES DISTRICT,DUPLEX,2013,71000.0,133482.29142996753,-62482.29142996753,-0.8359978003640449
044 15 0 266.00,GENERAL SERVICES DISTRICT,SINGLE FAMILY,2015,100252.78355560993,109483.81549647587,-9231.031940865942,-0.12017849917553902
081 07 0 103.00,URBAN SERVICES DISTRICT,SINGLE FAMILY,2016,266922.11060510733,172659.9997199455,94262.11088516182,1.2710071720420806
091 06 0 371.00,URBAN SERVICES DISTRICT,SINGLE FAMILY,2015,353735.0666829805,321220.7357977786,32514.330885201925,0.4409751098228025
104 15 0 248.00,URBAN SERVICES DISTRICT,SINGLE FAMILY,2013,330000.0,399513.7236515349,-69513.72365153488,-0.9305164079516606
096 14 0 275.00,URBAN SERVICES DISTRICT,SINGLE FAMILY,2015,172002.32472776214,158375.69102481793,13626.633702944207,0.18708105496329488
119 06 0 182.00,URBAN SERVICES DISTRICT,SINGLE FAMILY,2016,181992.3481398459,133228.81067980884,48763.53746003707,0.6594017875551231
091 06 0 366.00,URBAN SERVICES DISTRICT,SINGLE FAMILY,2014,306035.52902811574,244643.8879962241,61391.64103189163,0.8291525194789572
169 00 0 049.00,GENERAL SERVICES DISTRICT,FOREST,2014,219932.28533049472,230215.5161895584,-10283.230859063682,-0.13432247063389965
072 14 0 358.00,URBAN SERVICES DISTRICT,SINGLE FAMILY,2015,166105.10216566743,201616.4390116434,-35511.33684597598,-0.4734461903565671
091 06 0 113.00,URBAN SERVICES DISTRICT,SINGLE FAMILY,2016,179565.78349798132,129781.99219271066,49783.79130527066,0.6731163438217117
091 11 0 129.00,URBAN SERVICES DISTRICT,SINGLE FAMILY,2014,103323.89243714517,171600.2267781704,-68276.33434102524,-0.9138830520452447
044 15 0 007.00,GENERAL SERVICES DISTRICT,VACANT RESIDENTIAL LAND,2014,13776.518991619358,75501.4509183122,-61724.93192669284,-0.8258171481957425
136 05 0 043.00,URBAN SERVICES DISTRICT,SINGLE FAMILY,2014,179094.74689105165,195173.57801056103,-16078.831119509385,-0.2122286566697289
083 05 0 412.00,URBAN SERVICES DISTRICT,VACANT RESIDENTIAL LAND,2013,180000.0,278612.8522102784,-98612.85221027839,-1.3216755668139462
096 10 0 258.00,URBAN SERVICES DISTRICT,SINGLE FAMILY,2015,132196.0724336229,120508.11677764803,11687.955655974874,0.16102076684757244
082 07 0 211.00,URBAN SERVICES DISTRICT,SINGLE FAMILY,2013,158000.0,140164.64888010744,17835.351119892555,0.2436558888583774
073 06 0 003.00,URBAN SERVICES DISTRICT,SINGLE FAMILY,2013,190000.0,201843.7028414729,-11843.7028414729,-0.1552988001083418
156 05 0 006.00,GENERAL SERVICES DISTRICT,SINGLE FAMILY,2015,185762.51070598312,180286.16334959975,5476.347356383369,0.07752247676148886
033 16 0 155.00,GENERAL SERVICES DISTRICT,SINGLE FAMILY,2015,159225.00917655695,161328.28596459975,-2103.2767880428,-0.024365090037660356
050 11 0 080.00,GENERAL SERVICES DISTRICT,SINGLE FAMILY,2013,99900.0,110301.12202484168,-10401.12202484168,-0.13590719882085972
115 11 0 019.00,URBAN SERVICES DISTRICT,SINGLE FAMILY,2016,395530.0366239318,372179.76549409627,23350.271129835513,0.3177890873123184
117 01 0 135.00,URBAN SERVICES DISTRICT,SINGLE FAMILY,2013,162500.0,482223.2769301034,-319723.2769301034,-4.293907796191197
162 13 0 123.00,URBAN SERVICES DISTRICT,SINGLE FAMILY,2015,83052.55108283371,146249.33057460858,-63196.77949177487,-0.8456021618386338
116 08 0 014.00,URBAN SERVICES DISTRICT,SINGLE FAMILY,2013,335000.0,346567.4306350286,-11567.430635028577,-0.1515850667684711
129 15 0 040.00,URBAN SERVICES DISTRICT,SINGLE FAMILY,2015,216231.4939434724,270775.13158192835,-54543.637638455955,-0.7292840500426969
050 07 0 019.00,GENERAL SERVICES DISTRICT,DUPLEX,2014,74786.81738307652,91393.15385580939,-16606.336472732874,-0.21931954084674848
061 16 0 316.00,URBAN SERVICES DISTRICT,DUPLEX,2015,98287.04270157836,190228.93639708843,-91941.89369551007,-1.232002554229591
108 12 0 120.00,GENERAL SERVICES DISTRICT,SINGLE FAMILY,2016,160056.20377738983,144677.85179492726,15378.35198246257,0.21062817416299365
150 10 0 060.00,URBAN SERVICES DISTRICT,SINGLE FAMILY,2014,104307.92950797513,129879.79758188936,-25571.86807391423,-0.3398368887388589
072 04 0 125.00,URBAN SERVICES DISTRICT,SINGLE FAMILY,2013,198000.0,150878.14190506522,47121.85809493478,0.6373338442392732
147 02 0 130.00,URBAN SERVICES DISTRICT,DUPLEX,2014,118084.44849959448,236476.84891176148,-118392.400412167,-1.5875581488887978
162 05 0 101.00,URBAN SERVICES DISTRICT,SINGLE FAMILY,2015,167087.97259268322,172581.99862619545,-5494.026033512229,-0.06994455198248299
043 05 0 259.00,GENERAL SERVICES DISTRICT,SINGLE FAMILY,2016,262068.98132137812,116725.96331231661,145343.01800906152,1.9576519498804
072 07 0 137.00,URBAN SERVICES DISTRICT,SINGLE FAMILY,2013,100000.0,194890.14028989372,-94890.14028989372,-1.271633763653943
032 09 0 011.00,GENERAL SERVICES DISTRICT,SINGLE FAMILY,2016,140740.7492281475,130222.38233027319,10518.366897874308,0.1452988061740822
147 10 0 085.00,URBAN SERVICES DISTRICT,DUPLEX,2013,142000.0,142385.456796133,-385.45679613298853,-0.0012736417231245041
118 09 0 160.00,URBAN SERVICES DISTRICT,SINGLE FAMILY,2013,270000.0,596703.0835914724,-326703.08359147236,-4.387732437612017
075 05 0 019.00,GENERAL SERVICES DISTRICT,SINGLE FAMILY,2015,66835.18903707329,144824.82931504643,-77989.64027797314,-1.0444522054272263
071 15 0 337.00,URBAN SERVICES DISTRICT,SINGLE FAMILY,2015,356290.52979322156,321294.800149546,34995.72964367556,0.4743308114963779
086 08 0 105.00,GENERAL SERVICES DISTRICT,SINGLE FAMILY,2015,152344.91618744648,152285.49695197665,59.41923546983162,0.004706514485624335
118 01 0 422.00,URBAN SERVICES DISTRICT,SINGLE FAMILY,2014,364093.716207083,493279.81672694156,-129186.10051985853,-1.732650282717244
092 07 0 023.00,URBAN SERVICES DISTRICT,SINGLE FAMILY,2014,716378.9875642066,79625.36218253447,636753.625381672,8.563339795405872
119 14 0 221.00,URBAN SERVICES DISTRICT,SINGLE FAMILY,2016,246538.9676134446,237342.31437146023,9196.653241984372,0.12753193728482953
072 12 0 094.00,URBAN SERVICES DISTRICT,SINGLE FAMILY,2014,154985.83865571776,214252.753537041,-59266.91488132323,-0.7927757504784545
083 03 0 053.00,URBAN SERVICES DISTRICT,SINGLE FAMILY,2016,388153.2801126634,352427.81585591653,35725.46425674687,0.48414012165717657
116 09 0 018.00,URBAN SERVICES DISTRICT,SINGLE FAMILY,2016,727969.3925593836,556825.0845292246,171144.3080301591,2.304480580223762
160 04 0 084.00,URBAN SERVICES DISTRICT,SINGLE FAMILY,2013,325000.0,309010.384162231,15989.615837769,0.21884496508860157
061 11 0 005.00,URBAN SERVICES DISTRICT,SINGLE FAMILY,2013,122000.0,208548.9990371545,-86548.99903715451,-1.1595096569204228
118 05 0 009.00,URBAN SERVICES DISTRICT,SINGLE FAMILY,2015,393148.17080631346,425422.85624359705,-32274.685437283595,-0.4299381574613988
071 15 0 523.00,URBAN SERVICES DISTRICT,SINGLE FAMILY,2016,320306.5327261288,324864.71244520467,-4558.179719075852,-0.05736462690189804
083 03 0 335.00,URBAN SERVICES DISTRICT,DUPLEX,2015,145464.82319833597,153074.90642144764,-7610.083223111666,-0.09838922339995405
082 07 0 125.00,URBAN SERVICES DISTRICT,DUPLEX,2015,108115.7469717362,177192.43349252996,-69076.68652079377,-0.9246416245846201
162 03 0 148.00,URBAN SERVICES DISTRICT,SINGLE FAMILY,2014,106177.59994255204,97306.3977607114,8871.202181840636,0.12315712713614514
063 00 0 271.00,GENERAL SERVICES DISTRICT,SINGLE FAMILY,2015,78629.63416126269,222994.101425727,-144364.46726446433,-1.936682412295892
118 02 0 110.00,URBAN SERVICES DISTRICT,SINGLE FAMILY,2015,442291.69215710263,314104.54363529215,128187.14852181048,1.7270376390553466
108 16 0 228.00,GENERAL SERVICES DISTRICT,ZERO LOT LINE,2016,126181.36137695983,126123.19474275132,58.166634208508185,0.0046896766461412736
115 07 0 043.00,URBAN SERVICES DISTRICT,SINGLE FAMILY,2015,573996.3293772177,497839.34068707866,76156.98869013903,1.0276327234015536
071 11 0 146.00,URBAN SERVICES DISTRICT,SINGLE FAMILY,2014,172206.48739524197,170592.6065637693,1613.880831472663,0.025602050554641532
117 07 0 202.00,URBAN SERVICES DISTRICT,SINGLE FAMILY,2015,796125.0458827848,690948.5610774576,105176.48480532714,1.4177214392237187
082 16 0 409.00,URBAN SERVICES DISTRICT,SINGLE FAMILY,2015,304689.83237489295,238438.44919528847,66251.38317960448,0.8944786218379838
081 16 0 603.00,URBAN SERVICES DISTRICT,VACANT RESIDENTIAL LAND,2013,55000.0,113359.71834575315,-58359.71834575315,-0.7805809442642406
117 03 0 101.00,URBAN SERVICES DISTRICT,SINGLE FAMILY,2016,386309.0909848463,343077.8871792618,43231.20380558452,0.5850345097016788
096 10 0 013.00,URBAN SERVICES DISTRICT,SINGLE FAMILY,2013,96000.0,119316.07671691132,-23316.076716911324,-0.30951386899643646
075 04 0 066.00,GENERAL SERVICES DISTRICT,DUPLEX,2013,150000.0,176393.31919087528,-26393.319190875278,-0.35087907948035524
142 02 0 004.00,GENERAL SERVICES DISTRICT,SINGLE FAMILY,2015,220162.97565153553,196016.52939785275,24146.446253682778,0.32849151062106025
060 16 0 101.00,URBAN SERVICES DISTRICT,SINGLE FAMILY,2015,113030.09910681512,167590.95715360402,-54560.8580467889,-0.7295155319039212
058 14 0 102.00,URBAN SERVICES DISTRICT,SINGLE FAMILY,2014,716378.9875642066,195722.27483020263,520656.71273400396,7.00273049378729
128 10 0 122.00,GENERAL SERVICES DISTRICT,SINGLE FAMILY,2016,235376.7702608674,180860.0759681046,54516.69429276281,0.7367374363855973
071 16 0 330.00,URBAN SERVICES DISTRICT,VACANT RESIDENTIAL LAND,2013,25000.0,76857.44255228921,-51857.44255228921,-0.6931754150942709
158 12 0 007.00,CITY OF FOREST HILLS,SINGLE FAMILY,2013,393250.0,501753.6119653401,-108503.6119653401,-1.4546301073077847
116 13 0 006.00,URBAN SERVICES DISTRICT,SINGLE FAMILY,2013,360000.0,361684.3104304619,-1684.31043046189,-0.018733219389296837
119 01 0 150.00,URBAN SERVICES DISTRICT,SINGLE FAMILY,2015,119418.75688241771,132822.46074601423,-13403.703863596515,-0.17626879879425872
162 03 0 141.00,URBAN SERVICES DISTRICT,SINGLE FAMILY,2015,146447.69362535176,128805.8653239847,17641.82830136706,0.24105449745374216
043 01 0 218.00,GENERAL SERVICES DISTRICT,SINGLE FAMILY,2014,127924.81920789403,96720.73831366876,31204.080894225277,0.423362338933973
053 15 0 029.00,GENERAL SERVICES DISTRICT,SINGLE FAMILY,2014,175650.6171431468,184719.1125288366,-9068.495385689777,-0.11799363435806742
091 06 0 367.00,URBAN SERVICES DISTRICT,SINGLE FAMILY,2014,323256.1777676399,239339.93189371945,83916.24587392047,1.1319349710539883
053 03 0 324.00,GENERAL SERVICES DISTRICT,SINGLE FAMILY,2015,103692.83005016517,114554.67122631847,-10861.841176153306,-0.14210032296665662
084 14 0 050.00,URBAN SERVICES DISTRICT,SINGLE FAMILY,2015,172002.32472776214,173930.6633242938,-1928.3385965316556,-0.022013518728359837
071 07 0 248.00,URBAN SERVICES DISTRICT,DUPLEX,2014,77738.92859556637,114432.705872775,-36693.77727720863,-0.48934090705064304
150 03 0 019.00,URBAN SERVICES DISTRICT,SINGLE FAMILY,2016,188301.4162086939,191237.5949684833,-2936.1787597893854,-0.03556120658202471
071 08 0 383.00,URBAN SERVICES DISTRICT,SINGLE FAMILY,2015,124333.10901749664,149265.4546613694,-24932.345643872774,-0.3312402376294079
116 16 0 142.00,URBAN SERVICES DISTRICT,SINGLE FAMILY,2016,621200.5483173408,448349.6998415924,172850.84847574838,2.3274204055148733
061 14 0 105.00,URBAN SERVICES DISTRICT,SINGLE FAMILY,2013,154900.0,179689.6044798796,-24789.604479879607,-0.3293214683600851
147 04 0 141.00,URBAN SERVICES DISTRICT,SINGLE FAMILY,2014,159414.00547445257,172772.25323219527,-13358.247757742705,-0.17565776427152252
094 16 0 039.00,URBAN SERVICES DISTRICT,SINGLE FAMILY,2014,95451.59587050554,100745.21082455709,-5293.614954051547,-0.06725056652136277
132 09 0 069.00,CITY OF OAK HILL,SINGLE FAMILY,2015,368576.41013091884,511877.8165904635,-143301.40645954467,-1.922392432118912
083 06 0 290.00,URBAN SERVICES DISTRICT,SINGLE FAMILY,2013,279000.0,283460.6965025464,-4460.696502546372,-0.0560542284511718
129 10 0 034.00,URBAN SERVICES DISTRICT,SINGLE FAMILY,2016,621200.5483173408,524002.1581128851,97198.3902044557,1.3104775137879199
095 05 0 042.00,URBAN SERVICES DISTRICT,SINGLE FAMILY,2013,157000.0,165364.70142238968,-8364.701422389684,-0.10853302614290834
072 10 0 169.00,URBAN SERVICES DISTRICT,SINGLE FAMILY,2015,200505.56711121986,161583.7672799013,38921.79983131855,0.5271062170942643
061 12 0 108.00,URBAN SERVICES DISTRICT,SINGLE FAMILY,2015,241196.4027896733,239980.38615716642,1216.0166325068858,0.02025384141172174
042 11 0 047.00,GENERAL SERVICES DISTRICT,SINGLE FAMILY,2016,174712.65421425208,179307.49314085895,-4594.83892660687,-0.05785741089553012
106 13 0 073.00,URBAN SERVICES DISTRICT,SINGLE FAMILY,2016,121328.23209323062,142567.75880344992,-21239.526710219303,-0.28160026490642454
131 12 0 124.00,URBAN SERVICES DISTRICT,ZERO LOT LINE,2014,236168.89699918896,237344.17796793097,-1175.2809687420086,-0.01189069365246878
071 15 0 020.00,URBAN SERVICES DISTRICT,SINGLE FAMILY,2014,54122.03889564747,178334.0145307761,-124211.97563512862,-1.6657866135163226
092 10 0 098.00,URBAN SERVICES DISTRICT,DUPLEX,2014,83643.1510205461,103459.52370381508,-19816.372683268986,-0.26246980431584127
144 14 0 007.00,CITY OF FOREST HILLS,SINGLE FAMILY,2013,575000.0,556891.6172336215,18108.38276637846,0.24732606162546264
117 02 0 005.00,URBAN SERVICES DISTRICT,SINGLE FAMILY,2016,647892.7593778515,592165.4315557061,55727.327822145424,0.7530111331077451
080 07 0 010.00,URBAN SERVICES DISTRICT,SINGLE FAMILY,2015,98287.04270157836,103354.24610668451,-5067.203405106149,-0.0642070750001853
133 16 0 046.00,URBAN SERVICES DISTRICT,SINGLE FAMILY,2015,147381.42053101675,150261.38122016835,-2879.9606891516014,-0.034805506521139944
146 16 0 002.00,URBAN SERVICES DISTRICT,SINGLE FAMILY,2016,357771.7201706617,298899.53182029777,58872.188350363926,0.7952852856300043
091 10 0 257.00,URBAN SERVICES DISTRICT,SINGLE FAMILY,2015,193134.03890860148,171281.17399224243,21852.864916359045,0.29766050670014677
083 02 0 246.00,URBAN SERVICES DISTRICT,SINGLE FAMILY,2015,486520.8613728129,395159.77378348814,91361.08758932474,1.2320107522713393
071 04 0 122.00,URBAN SERVICES DISTRICT,SINGLE FAMILY,2016,213537.68848408587,122551.8237099307,90985.86477415517,1.2269668953575017
081 10 0 024.00,URBAN SERVICES DISTRICT,SINGLE FAMILY,2013,31000.0,70657.08744682695,-39657.08744682695,-0.5291746055428843
083 06 0 124.00,URBAN SERVICES DISTRICT,SINGLE FAMILY,2013,238660.0,252859.18655152302,-14199.186551523017,-0.18696191417297836
130 01 0 062.00,URBAN SERVICES DISTRICT,SINGLE FAMILY,2015,737152.8202618377,569635.0623413206,167517.75792051712,2.2557314127840637
115 02 0 001.00,URBAN SERVICES DISTRICT,DUPLEX,2014,284878.7320052717,338108.5105218199,-53229.77851654816,-0.7116227641402169
104 15 0 132.00,URBAN SERVICES DISTRICT,SINGLE FAMILY,2013,349900.0,514228.9441512934,-164328.94415129343,-2.2050508608703128
103 04 0 331.00,URBAN SERVICES DISTRICT,DUPLEX,2015,398062.5229413924,354845.86190939136,43216.66103200102,0.5848390214048056
053 07 0 004.00,GENERAL SERVICES DISTRICT,TRIPLEX,2016,135887.6199444183,186008.64670738298,-50121.0267629647,-0.6698339965285496
061 12 0 053.00,URBAN SERVICES DISTRICT,SINGLE FAMILY,2015,215248.62351645663,185099.96176995212,30148.661746504513,0.40917508019059884
118 09 0 245.00,URBAN SERVICES DISTRICT,ZERO LOT LINE,2014,270610.19447823736,261366.41650099258,9243.777977244783,0.12816540202137167
105 13 0 196.00,URBAN SERVICES DISTRICT,SINGLE FAMILY,2013,625000.0,558324.1558724074,66675.84412759263,0.9001843524082226
128 10 0 147.00,GENERAL SERVICES DISTRICT,SINGLE FAMILY,2014,175060.1949006488,162722.37485642807,12337.820044220745,0.16975643764154982
095 14 0 028.00,URBAN SERVICES DISTRICT,SINGLE FAMILY,2016,285024.28283341735,267783.0944461168,17241.188387300528,0.2356689763211571
062 13 0 055.00,URBAN SERVICES DISTRICT,SINGLE FAMILY,2016,354278.4377122334,259554.83282046675,94723.60489176665,1.2772107120236684
072 07 0 391.00,URBAN SERVICES DISTRICT,SINGLE FAMILY,2016,412030.67618861113,331162.32949587976,80868.34669273137,1.090964201857096
130 11 0 029.00,CITY OF BELLE MEADE,SINGLE FAMILY,2016,368837.82556342107,417501.79855036933,-48663.97298694827,-0.6502478454074552
133 01 0 346.00,URBAN SERVICES DISTRICT,ZERO LOT LINE,2016,27944.318415712874,91245.42679120622,-63301.10837549335,-0.847004581788014
103 04 0 110.00,URBAN SERVICES DISTRICT,SINGLE FAMILY,2013,320000.0,312949.7504573862,7050.249542613805,0.09867933903846672
102 14 0 101.00,URBAN SERVICES DISTRICT,SINGLE FAMILY,2014,272578.26861989725,311650.662881677,-39072.39426177973,-0.5213149854860885
061 03 0 198.00,URBAN SERVICES DISTRICT,SINGLE FAMILY,2014,198775.48830765072,189414.18419920345,9361.304108447279,0.12974522330477206
071 16 0 271.00,URBAN SERVICES DISTRICT,SINGLE FAMILY,2015,294762.8410620335,257346.9537530678,37415.8873089657,0.5068632921429351
071 03 0 067.00,URBAN SERVICES DISTRICT,SINGLE FAMILY,2016,171800.77664401455,170616.27022263076,1184.5064213837904,0.019830271762424478
105 13 0 410.00,URBAN SERVICES DISTRICT,SINGLE FAMILY,2014,209599.8960867802,525350.4376880777,-315750.54160129745,-4.240505103857604
094 02 0 012.00,URBAN SERVICES DISTRICT,SINGLE FAMILY,2015,344201.22354092746,256975.01926637685,87226.2042745506,1.1764284183833795
106 14 0 005.00,URBAN SERVICES DISTRICT,SINGLE FAMILY,2014,134321.06016828874,131831.12890365266,2489.9312646360777,0.037378181577444186
091 06 0 221.00,URBAN SERVICES DISTRICT,CHURCH,2013,125000.0,165430.15318685703,-40430.15318685703,-0.5395663856267782
117 09 0 105.00,URBAN SERVICES DISTRICT,SINGLE FAMILY,2013,650000.0,501345.9907128278,148654.00928717217,2.0021592814567257
070 02 0 026.00,URBAN SERVICES DISTRICT,SINGLE FAMILY,2016,135887.6199444183,146878.64623496385,-10991.02629054556,-0.14383686777696567
176 05 0 063.00,URBAN SERVICES DISTRICT,SINGLE FAMILY,2013,150000.0,173049.28040660964,-23049.280406609643,-0.30592751347673447
119 05 0 316.00,URBAN SERVICES DISTRICT,SINGLE FAMILY,2013,182900.0,154298.265309734,28601.734690265992,0.3883808256507062
026 06 0 011.00,CITY OF GOODLETTSVILLE,ZERO LOT LINE,2016,116475.10280950139,124390.23275071176,-7915.129941210369,-0.10248975230150896
162 07 0 099.00,URBAN SERVICES DISTRICT,DUPLEX,2013,120000.0,141365.3524840695,-21365.352484069503,-0.28329165245994126
053 16 0 271.00,GENERAL SERVICES DISTRICT,SINGLE FAMILY,2013,125000.0,128199.81622920628,-3199.816229206277,-0.03910510002108465
150 09 0 028.00,URBAN SERVICES DISTRICT,SINGLE FAMILY,2013,128000.0,135550.45956666183,-7550.459566661826,-0.09758774443957448
104 10 0 268.00,URBAN SERVICES DISTRICT,ZERO LOT LINE,2015,452120.3964272605,362739.82240237965,89380.57402488083,1.2053880986609633
171 08 0 025.00,URBAN SERVICES DISTRICT,SINGLE FAMILY,2013,365000.0,397499.3197924573,-32499.319792457274,-0.43295775941421766
119 01 0 479.00,URBAN SERVICES DISTRICT,SINGLE FAMILY,2013,265000.0,224237.1967104757,40762.80328952431,0.5518535342766527
084 14 0 055.00,URBAN SERVICES DISTRICT,SINGLE FAMILY,2014,122906.23014666126,140680.78832156706,-17774.558174905804,-0.23502312514701873
133 03 0 036.00,URBAN SERVICES DISTRICT,SINGLE FAMILY,2013,73500.0,123518.70036540338,-50018.700365403376,-0.6684584945949198
081 12 0 092.00,URBAN SERVICES DISTRICT,TRIPLEX,2016,303805.89316144946,197812.61022932493,105993.28293212454,1.4287010830846467
072 10 0 037.00,URBAN SERVICES DISTRICT,SINGLE FAMILY,2016,150447.00779560595,168982.89272804995,-18535.884932443994,-0.24525710632954142
132 05 0 057.00,URBAN SERVICES DISTRICT,SINGLE FAMILY,2013,359900.0,305282.8001762802,54617.1998237198,0.7380884616876361
086 10 0 070.00,GENERAL SERVICES DISTRICT,SINGLE FAMILY,2014,98403.7070829954,110599.15142631454,-12195.444343319134,-0.1600270142100589
052 01 0 296.00,GENERAL SERVICES DISTRICT,SINGLE FAMILY,2015,103201.39483665729,101775.58494086095,1425.8098957963375,0.023073944984157362
161 02 0 056.00,URBAN SERVICES DISTRICT,SINGLE FAMILY,2016,201890.17820313573,243943.129025182,-42052.95082204626,-0.5613805151015797
081 15 0 353.00,URBAN SERVICES DISTRICT,TRIPLEX,2014,142685.37527034333,159076.2820863651,-16390.906816021772,-0.2164236711940545
097 09 0 004.00,URBAN SERVICES DISTRICT,SINGLE FAMILY,2013,108000.0,126549.23623973226,-18549.236239732258,-0.24543657858136664
071 15 0 052.00,URBAN SERVICES DISTRICT,DUPLEX,2013,50000.0,93692.56953985193,-43692.56953985193,-0.5834207585823081
095 10 0 076.00,URBAN SERVICES DISTRICT,SINGLE FAMILY,2015,158242.13874954116,133749.11347551318,24493.025274027983,0.3331503291078019
104 12 0 248.00,URBAN SERVICES DISTRICT,SINGLE FAMILY,2014,442816.68187347933,384532.5457321661,58284.13614131324,0.7873805125714222
116 04 0 033.01,URBAN SERVICES DISTRICT,DUPLEX,2016,499872.31622411014,367883.28617269086,131989.03005141928,1.7781436636984451
130 09 0 108.00,URBAN SERVICES DISTRICT,SINGLE FAMILY,2016,523167.3367860104,425366.0756765301,97801.26110948034,1.3185814841743846
065 13 0 081.00,GENERAL SERVICES DISTRICT,SINGLE FAMILY,2015,127773.15551205188,133791.60813374844,-6018.4526216965605,-0.07699405048224352
083 14 0 238.00,URBAN SERVICES DISTRICT,SINGLE FAMILY,2014,270610.19447823736,298164.0074049211,-27553.81292668375,-0.36647878215349244
148 15 0 118.00,URBAN SERVICES DISTRICT,SINGLE FAMILY,2014,98403.7070829954,124853.07400064416,-26449.36691764876,-0.3516324897282464
105 09 0 322.00,URBAN SERVICES DISTRICT,SINGLE FAMILY,2016,427075.37696817174,415526.2937498491,11549.08321832266,0.1591540021507694
083 06 0 179.00,URBAN SERVICES DISTRICT,SINGLE FAMILY,2016,353307.8118554875,315024.78545222624,38283.02640326129,0.5185196342927192
072 03 0 216.00,URBAN SERVICES DISTRICT,SINGLE FAMILY,2013,267000.0,235276.5886450313,31723.411354968703,0.4303433337698106
072 13 0 420.00,URBAN SERVICES DISTRICT,SINGLE FAMILY,2016,397859.5386801218,369821.84233101946,28037.696349102363,0.3807988541614139
050 10 0 140.00,GENERAL SERVICES DISTRICT,VACANT RESIDENTIAL LAND,2014,6396.240960394702,97470.85139621649,-91074.61043582179,-1.2203442741656307
042 13 0 029.00,GENERAL SERVICES DISTRICT,SINGLE FAMILY,2015,235790.6154410865,173700.51229091073,62090.10315017577,0.8385414554442956
108 01 0 018.00,URBAN SERVICES DISTRICT,SINGLE FAMILY,2013,130000.0,125907.81630380827,4092.183696191729,0.05891613630166024
053 06 0 031.00,GENERAL SERVICES DISTRICT,SINGLE FAMILY,2013,140000.0,199504.91932486655,-59504.919324866554,-0.795975077143992
104 11 0 130.00,URBAN SERVICES DISTRICT,DUPLEX,2013,327000.0,337694.1521521768,-10694.152152176772,-0.139846197127916
072 09 0 058.00,URBAN SERVICES DISTRICT,SINGLE FAMILY,2016,97062.5856745845,140175.2226620014,-43112.63698741692,-0.5756251323679562
081 11 0 049.00,URBAN SERVICES DISTRICT,SINGLE FAMILY,2014,90531.41051635577,139036.80195733864,-48505.39144098287,-0.6481161450025554
075 11 0 174.00,GENERAL SERVICES DISTRICT,ZERO LOT LINE,2014,87579.29930386592,109920.43479355985,-22341.13548969393,-0.2964084184463054
083 12 0 177.00,URBAN SERVICES DISTRICT,SINGLE FAMILY,2014,282910.6578636118,287956.5104637859,-5045.852600174083,-0.0639200711168422
061 07 0 215.00,URBAN SERVICES DISTRICT,SINGLE FAMILY,2013,115250.0,198686.29480789867,-83436.29480789867,-1.117667758952762
071 10 0 099.00,URBAN SERVICES DISTRICT,SINGLE FAMILY,2015,44229.169215710266,90415.83155745479,-46186.66234174452,-0.6169470973708849
133 12 0 162.00,URBAN SERVICES DISTRICT,SINGLE FAMILY,2014,105291.96657880509,110621.50321984185,-5329.536641036757,-0.06773343654400567
072 09 0 301.00,URBAN SERVICES DISTRICT,SINGLE FAMILY,2013,239900.0,209985.4767106709,29914.52328932911,0.40602772126604697
147 16 0 118.00,URBAN SERVICES DISTRICT,SINGLE FAMILY,2016,155300.1370793352,150330.06150225367,4970.07557708153,0.07071702061363058
093 08 0 038.00,URBAN SERVICES DISTRICT,SINGLE FAMILY,2014,343428.93771965394,237144.0311394773,106284.90658017664,1.4326211750779905
081 15 0 431.00,URBAN SERVICES DISTRICT,SINGLE FAMILY,2015,142712.78600269178,139911.64956046376,2801.1364422280167,0.04156149432698954
070 04 0 108.00,URBAN SERVICES DISTRICT,SINGLE FAMILY,2016,121231.16950755603,155687.75729822015,-34456.587790664125,-0.4592679391950694
119 15 0 161.00,URBAN SERVICES DISTRICT,SINGLE FAMILY,2015,122858.80337697295,124291.94529780555,-1433.141920832597,-0.015356937423981157
091 15 0 295.00,URBAN SERVICES DISTRICT,SINGLE FAMILY,2014,290290.93589483644,259376.6686303409,30914.267264495546,0.41946657774638085
175 01 0 035.00,URBAN SERVICES DISTRICT,SINGLE FAMILY,2016,174615.5916285775,190730.20247288424,-16114.610844306735,-0.21270961839433183
083 05 0 001.00,URBAN SERVICES DISTRICT,SINGLE FAMILY,2014,347365.0860029738,261091.85588277158,86273.2301202022,1.1636182557738737
073 10 0 007.00,URBAN SERVICES DISTRICT,SINGLE FAMILY,2016,304883.2878624373,188213.18912586625,116670.09873657106,1.5722220232723891
162 10 0 221.00,URBAN SERVICES DISTRICT,SINGLE FAMILY,2014,116608.39289334956,145506.4159247788,-28898.023031429228,-0.3845480550131581
096 10 0 288.00,URBAN SERVICES DISTRICT,SINGLE FAMILY,2013,129900.0,119091.39073325768,10808.609266742322,0.1492003306009536
146 04 0 024.00,URBAN SERVICES DISTRICT,SINGLE FAMILY,2013,160000.0,192189.1172285403,-32189.1172285403,-0.4287879240965126
025 11 0 005.00,CITY OF GOODLETTSVILLE,SINGLE FAMILY,2014,226328.52629088942,311650.5303533009,-85322.00406241149,-1.1430160247733352
072 02 0 008.00,URBAN SERVICES DISTRICT,SINGLE FAMILY,2014,224360.45214922953,228634.3918295067,-4273.939680277166,-0.0535437875847677
132 09 0 027.00,URBAN SERVICES DISTRICT,SINGLE FAMILY,2016,630809.7442991246,552706.1758802049,78103.56841891969,1.0537992282792206
053 15 0 022.00,GENERAL SERVICES DISTRICT,SINGLE FAMILY,2016,271775.2398888366,169034.87131304672,102740.36857578985,1.3849744388002216
118 09 0 208.00,URBAN SERVICES DISTRICT,SINGLE FAMILY,2015,422634.28361678694,441065.79241590534,-18431.508799118397,-0.24385405123685996
075 10 0 071.00,GENERAL SERVICES DISTRICT,SINGLE FAMILY,2016,184418.91278171053,147676.47483605632,36742.43794565421,0.49781058508480186
083 13 0 107.00,URBAN SERVICES DISTRICT,SINGLE FAMILY,2013,278000.0,282703.0089633323,-4703.008963332279,-0.05931146476845615
091 15 0 012.00,URBAN SERVICES DISTRICT,VACANT RESIDENTIAL LAND,2013,180000.0,400612.9312944424,-220612.9312944424,-2.9616369910661127
083 01 0 134.00,URBAN SERVICES DISTRICT,SINGLE FAMILY,2016,376602.8324173878,228703.79043563193,147899.04198175587,1.9920107859250122
094 01 0 445.00,URBAN SERVICES DISTRICT,SINGLE FAMILY,2015,213282.88266242505,138663.5711921917,74619.31147023334,1.006962807918491
165 14 0 047.00,URBAN SERVICES DISTRICT,SINGLE FAMILY,2014,116608.39289334956,114161.94688004014,2446.4460133094253,0.03679363986866035
073 06 0 028.00,URBAN SERVICES DISTRICT,SINGLE FAMILY,2014,511699.27683157614,409417.72513505595,102281.55169652018,1.3788068855621707
115 06 0 028.01,URBAN SERVICES DISTRICT,SINGLE FAMILY,2014,319812.0480197351,333539.746778649,-13727.698758913903,-0.1806240347413484
075 11 0 098.00,GENERAL SERVICES DISTRICT,SINGLE FAMILY,2013,128500.0,135265.28597093528,-6765.285970935278,-0.08703320695075374
093 16 0 308.00,URBAN SERVICES DISTRICT,SINGLE FAMILY,2015,39314.81708063134,107436.97100842427,-68122.15392779293,-0.9118105129782673
083 07 0 098.00,URBAN SERVICES DISTRICT,SINGLE FAMILY,2014,149081.61623073803,152290.25447540628,-3208.6382446682546,-0.03922368818225968
051 08 0 215.00,GENERAL SERVICES DISTRICT,SINGLE FAMILY,2013,90000.0,127302.73178765521,-37302.73178765521,-0.497526655074362
060 03 0 025.00,URBAN SERVICES DISTRICT,SINGLE FAMILY,2016,160153.2663630644,134643.68154158807,25509.58482147634,0.3468152255225038
052 02 0 119.00,GENERAL SERVICES DISTRICT,SINGLE FAMILY,2016,72796.93925593837,110781.46920265569,-37984.52994671732,-0.5066915891332706
043 11 0 221.00,GENERAL SERVICES DISTRICT,SINGLE FAMILY,2016,157241.38879282688,144659.39808595192,12581.99070687496,0.173038652462171
090 12 0 029.00,URBAN SERVICES DISTRICT,SINGLE FAMILY,2015,152344.91618744648,204646.58218343576,-52301.665995989286,-0.6991467990219322
062 09 0 026.00,URBAN SERVICES DISTRICT,SINGLE FAMILY,2013,395000.0,362880.5660112097,32119.43398879032,0.435666788045198
083 14 0 153.00,URBAN SERVICES DISTRICT,SINGLE FAMILY,2013,449830.0,439088.39283182984,10741.607168170158,0.14829966842247677
095 07 0 052.00,URBAN SERVICES DISTRICT,SINGLE FAMILY,2016,283422.7501697867,278274.086894089,5148.663275697676,0.07311764968514457
108 12 0 066.00,GENERAL SERVICES DISTRICT,ZERO LOT LINE,2015,130721.76679309922,116367.15127962899,14354.615513470228,0.19686680342987017
085 14 0 033.00,URBAN SERVICES DISTRICT,SINGLE FAMILY,2014,163350.15375777238,196675.19913118522,-33325.04537341284,-0.44405740877469996
119 14 0 211.00,URBAN SERVICES DISTRICT,SINGLE FAMILY,2014,132845.0045620438,123114.31564911609,9730.688912927697,0.13471060393895107
053 03 0 283.00,GENERAL SERVICES DISTRICT,SINGLE FAMILY,2013,65000.0,86298.75841326248,-21298.758413262476,-0.282396475112293
042 01 0 034.00,GENERAL SERVICES DISTRICT,SINGLE FAMILY,2014,187951.0805285212,287997.7671515144,-100046.6866229932,-1.3409495963331841
061 15 0 177.00,URBAN SERVICES DISTRICT,SINGLE FAMILY,2015,329261.5930502875,268288.7729863687,60972.82006391883,0.8235226032010381
072 13 0 075.00,URBAN SERVICES DISTRICT,DORMITORY/BOARDING HOUSE,2014,108244.07779129494,234005.6872580655,-125761.60946677056,-1.686617253337922
092 06 0 494.00,URBAN SERVICES DISTRICT,SINGLE FAMILY,2013,45000.0,91422.41768267985,-46422.41768267985,-0.6201161909288377
090 15 0 033.00,URBAN SERVICES DISTRICT,SINGLE FAMILY,2014,159414.00547445257,180854.9296937409,-21440.92421928834,-0.28430751024833817
082 07 0 337.00,URBAN SERVICES DISTRICT,SINGLE FAMILY,2014,343428.93771965394,263336.86392471415,80092.07379493979,1.080529310202703
116 14 0 031.00,CITY OF BELLE MEADE,SINGLE FAMILY,2013,27500.0,615092.8384898573,-587592.8384898573,-7.894690279178615
083 03 0 134.00,URBAN SERVICES DISTRICT,SINGLE FAMILY,2015,214265.75308944084,190398.9722029512,23866.780886489636,0.324732165403098
142 00 0 357.00,GENERAL SERVICES DISTRICT,SINGLE FAMILY,2014,821670.9541430116,650946.323948344,170724.6301946676,2.2988391456772734
075 13 0 139.00,GENERAL SERVICES DISTRICT,SINGLE FAMILY,2013,100000.0,121766.25807813808,-21766.258078138082,-0.28868074494229773
119 12 0 107.00,URBAN SERVICES DISTRICT,SINGLE FAMILY,2016,241685.8383297154,161460.71736447967,80225.12096523572,1.0823177699195259
084 15 0 051.00,URBAN SERVICES DISTRICT,SINGLE FAMILY,2016,223243.94705154432,195330.55178759305,27913.39526395127,0.3791279619278126
164 13 0 035.00,URBAN SERVICES DISTRICT,SINGLE FAMILY,2016,162968.08134762736,159044.44406173006,3923.6372858973045,0.05665048522049702
133 01 0 252.00,URBAN SERVICES DISTRICT,SINGLE FAMILY,2014,186967.04345769127,225488.1847944694,-38521.14133677812,-0.5139048793714429
034 07 0 052.00,GENERAL SERVICES DISTRICT,SINGLE FAMILY,2015,294861.1281047351,264392.85605378135,30468.27205095376,0.41347137716044474
149 08 0 185.00,URBAN SERVICES DISTRICT,ZERO LOT LINE,2016,89782.89174899066,119034.4594157968,-29251.567666806135,-0.3893005073732048
091 06 0 356.00,URBAN SERVICES DISTRICT,SINGLE FAMILY,2015,272255.1082833721,231969.13982031881,40285.96846305326,0.5454437784222075
060 01 0 145.00,URBAN SERVICES DISTRICT,SINGLE FAMILY,2016,67943.80997220914,122896.50316696703,-54952.693194757885,-0.7347826967464289
160 03 0 127.00,URBAN SERVICES DISTRICT,SINGLE FAMILY,2013,375000.0,319081.9606780961,55918.039321903896,0.7555747339276218
052 02 0 133.00,GENERAL SERVICES DISTRICT,SINGLE FAMILY,2016,132005.11651743492,108930.09305682336,23075.023460611555,0.3140891261071195
131 15 0 018.00,URBAN SERVICES DISTRICT,SINGLE FAMILY,2015,368576.41013091884,465680.91179272055,-97104.50166180171,-1.301399869188825
116 09 0 072.00,URBAN SERVICES DISTRICT,SINGLE FAMILY,2013,428000.0,442594.24981852504,-14594.249818525044,-0.1922724723536448
061 15 0 112.00,URBAN SERVICES DISTRICT,SINGLE FAMILY,2016,426978.31438249716,309563.9318692824,117414.38251321478,1.5822269076261966
104 06 0 118.00,URBAN SERVICES DISTRICT,DUPLEX,2013,242000.0,322088.8165979028,-80088.8165979028,-1.0726699591633804
070 08 0 092.00,URBAN SERVICES DISTRICT,SINGLE FAMILY,2016,71341.0004708196,118459.00083141556,-47118.00036059595,-0.6294664205985535
147 15 0 094.00,URBAN SERVICES DISTRICT,SINGLE FAMILY,2014,216488.15558258988,214084.15767699928,2403.9979055906006,0.03622303975336576
145 07 0 027.00,CITY OF FOREST HILLS,SINGLE FAMILY,2014,521441.2438327927,475079.3055015676,46361.93833122507,0.6271187762871367
172 06 0 016.00,GENERAL SERVICES DISTRICT,SINGLE FAMILY,2015,231770.67539459193,274147.3987701995,-42376.72337560757,-0.565732762264517
133 06 0 084.00,URBAN SERVICES DISTRICT,SINGLE FAMILY,2015,100252.78355560993,156491.3497444988,-56238.56618888886,-0.7520677847782788
081 07 0 141.00,URBAN SERVICES DISTRICT,VACANT RESIDENTIAL LAND,2014,61502.31692687213,118232.8577121301,-56730.540785257974,-0.758681053931988
052 09 0 002.00,GENERAL SERVICES DISTRICT,SINGLE FAMILY,2013,110000.0,110890.74147127199,-890.741471271991,-0.008065828922627007
091 16 0 051.00,URBAN SERVICES DISTRICT,SINGLE FAMILY,2013,399900.0,363569.2550673399,36330.744932660076,0.49227648490213927
104 15 0 496.00,URBAN SERVICES DISTRICT,VACANT RESIDENTIAL LAND,2014,324732.23337388487,404284.04721247347,-79551.8138385886,-1.0654514080230593
073 08 0 003.00,URBAN SERVICES DISTRICT,SINGLE FAMILY,2014,135797.11577453365,283803.02688781923,-148005.91111328558,-1.9856317858166044
061 10 0 178.00,URBAN SERVICES DISTRICT,SINGLE FAMILY,2015,231859.13373302337,191023.71492274723,40835.41881027614,0.5528296537491068
062 13 0 035.00,URBAN SERVICES DISTRICT,SINGLE FAMILY,2015,270289.3674293405,263209.76205999014,7079.605369350349,0.09907394881074197
083 09 0 156.00,URBAN SERVICES DISTRICT,RESIDENTIAL COMBO/MISC,2013,325000.0,438590.12201543123,-113590.12201543123,-1.5230044913970424
108 08 0 115.00,GENERAL SERVICES DISTRICT,SINGLE FAMILY,2014,115624.3558225196,102765.14790653635,12859.20791598325,0.17676508880950167
072 10 0 022.00,URBAN SERVICES DISTRICT,SINGLE FAMILY,2015,289946.7759696562,187335.38491158586,102611.39105807032,1.3832406845662601
105 13 0 030.00,URBAN SERVICES DISTRICT,SINGLE FAMILY,2015,742067.1723969167,626655.3964105158,115411.7759864009,1.5553072738310028
118 14 0 008.00,URBAN SERVICES DISTRICT,SINGLE FAMILY,2013,400000.0,377374.6794185188,22625.32058148121,0.30804408597530014
075 11 0 173.00,GENERAL SERVICES DISTRICT,ZERO LOT LINE,2014,90531.41051635577,81087.99222598335,9443.418290372414,0.13084902661172193
102 08 0 037.00,URBAN SERVICES DISTRICT,SINGLE FAMILY,2015,292895.3872507035,324970.1045673947,-32074.71731669118,-0.42725012638540644
103 03 0 299.00,URBAN SERVICES DISTRICT,SINGLE FAMILY,2014,639624.0960394702,521416.95625814813,118207.13978132204,1.5928833870994152
118 09 0 179.00,URBAN SERVICES DISTRICT,SINGLE FAMILY,2015,669334.7607977487,543175.8020384301,126158.95875931857,1.6997741077812785
103 06 0 195.00,URBAN SERVICES DISTRICT,SINGLE FAMILY,2016,386309.0909848463,327791.52964492154,58517.56133992475,0.7905182836617769
075 11 0 184.00,GENERAL SERVICES DISTRICT,ZERO LOT LINE,2013,78750.0,87767.88757870025,-9017.887578700247,-0.11731334913323922
051 07 0 066.00,GENERAL SERVICES DISTRICT,SINGLE FAMILY,2013,140000.0,148420.45884224607,-8420.458842246066,-0.10928253399869602
108 03 0 031.00,GENERAL SERVICES DISTRICT,ZERO LOT LINE,2015,112735.23797871039,91648.52281163025,21086.71516708014,0.2873616934251891
072 07 0 163.00,URBAN SERVICES DISTRICT,SINGLE FAMILY,2015,409856.96806558175,344940.2178965116,64916.75016907015,0.876538087133085
081 03 0 197.00,URBAN SERVICES DISTRICT,SINGLE FAMILY,2015,127773.15551205188,148686.81486114097,-20913.659349089095,-0.2772198587158047
108 16 0 020.00,GENERAL SERVICES DISTRICT,ZERO LOT LINE,2015,126298.8498715282,119400.25050273525,6898.599368792959,0.09664081220377711
041 07 0 012.00,GENERAL SERVICES DISTRICT,SINGLE FAMILY,2013,39000.0,136210.39502177414,-97210.39502177414,-1.3028233192942913
120 05 0 071.00,URBAN SERVICES DISTRICT,SINGLE FAMILY,2015,213282.88266242505,208571.09859995614,4711.784062468912,0.06724498909237117
082 07 0 415.00,URBAN SERVICES DISTRICT,SINGLE FAMILY,2014,290290.93589483644,299198.19732651603,-8907.261431679595,-0.11582627949369939
119 10 0 094.00,URBAN SERVICES DISTRICT,SINGLE FAMILY,2016,137828.87165790997,163548.59903751826,-25719.727379608288,-0.34182445759434865
161 02 0 133.00,URBAN SERVICES DISTRICT,SINGLE FAMILY,2014,155477.85719113273,157303.03252049212,-1825.1753293593938,-0.02062676734399709
073 09 0 016.00,URBAN SERVICES DISTRICT,SINGLE FAMILY,2015,215248.62351645663,178341.55044827302,36907.073068183614,0.5000236594700979
148 09 0 021.00,URBAN SERVICES DISTRICT,SINGLE FAMILY,2016,97062.5856745845,144191.83826677068,-47129.25259218618,-0.6296176764492322
050 02 0 086.00,GENERAL SERVICES DISTRICT,ZERO LOT LINE,2016,114533.8510960097,108012.63063465145,6521.220461358258,0.09156797245510459
131 12 0 070.00,URBAN SERVICES DISTRICT,SINGLE FAMILY,2015,560236.1433989967,585641.7744145698,-25405.631015573163,-0.3376022806549377
105 09 0 221.00,URBAN SERVICES DISTRICT,SINGLE FAMILY,2016,436781.6355356302,402046.83682397095,34734.79871165927,0.4708233001397199
162 11 0 023.00,URBAN SERVICES DISTRICT,SINGLE FAMILY,2016,100945.08910156786,138788.40179932315,-37843.31269775529,-0.5047933047839878
071 15 0 357.00,URBAN SERVICES DISTRICT,DUPLEX,2013,89900.0,134976.05269416564,-45076.05269416564,-0.602017951479306
120 02 0 172.00,URBAN SERVICES DISTRICT,SINGLE FAMILY,2015,54057.8734858681,131496.26633370883,-77438.39284784073,-1.0370421731762502
064 09 0 170.00,GENERAL SERVICES DISTRICT,SINGLE FAMILY,2015,149887.74011990702,155847.55112168877,-5959.811001781753,-0.07620577234965643
118 05 0 042.00,URBAN SERVICES DISTRICT,SINGLE FAMILY,2016,531067.2606340648,408734.1044827265,122333.1561513383,1.6483465288732138
096 12 0 042.00,URBAN SERVICES DISTRICT,SINGLE FAMILY,2015,122858.80337697295,157793.90716246856,-34935.10378549561,-0.4657002938156751
082 03 0 419.00,URBAN SERVICES DISTRICT,SINGLE FAMILY,2014,172206.48739524197,136894.77137610762,35311.71601913436,0.4785783945326495
091 11 0 268.00,URBAN SERVICES DISTRICT,DUPLEX,2013,155000.0,206216.09236279406,-51216.092362794065,-0.6845541946974935
092 04 0 094.00,URBAN SERVICES DISTRICT,SINGLE FAMILY,2015,215248.62351645663,162109.23510060535,53139.38841585128,0.7182232802925305
147 08 0 147.00,URBAN SERVICES DISTRICT,SINGLE FAMILY,2014,120052.5226412544,138542.64379585086,-18490.12115459646,-0.2446419359881663
094 01 0 101.00,URBAN SERVICES DISTRICT,SINGLE FAMILY,2016,106768.84424204293,158850.38077050645,-52081.53652846352,-0.6961877531115244
146 06 0 017.00,CITY OF OAK HILL,SINGLE FAMILY,2014,856112.2516220601,619365.1474278449,236747.10419421515,3.186332918679294
162 04 0 052.00,URBAN SERVICES DISTRICT,SINGLE FAMILY,2014,40345.519904028115,110868.21700684742,-70522.69710281931,-0.9440793298007484
104 01 0 138.00,URBAN SERVICES DISTRICT,SINGLE FAMILY,2013,150000.0,268003.07255722216,-118003.07255722216,-1.5823246878264003
043 05 0 094.00,GENERAL SERVICES DISTRICT,SINGLE FAMILY,2014,68882.59495809679,108574.23842293497,-39691.643464838184,-0.5296391178361517
119 13 0 021.00,URBAN SERVICES DISTRICT,SINGLE FAMILY,2014,68882.59495809679,87470.89545510341,-18588.300497006625,-0.24596169197045575
091 13 0 111.00,URBAN SERVICES DISTRICT,SINGLE FAMILY,2015,162173.6204576043,142888.36820142166,19285.252256182634,0.2631458920644799
041 07 0 038.00,GENERAL SERVICES DISTRICT,SINGLE FAMILY,2016,213537.68848408587,200432.63584880755,13105.05263527832,0.18006980679842918
061 03 0 137.00,URBAN SERVICES DISTRICT,SINGLE FAMILY,2014,340968.8450425791,254168.17823192387,86800.66681065524,1.1707082169654683
060 12 0 149.00,URBAN SERVICES DISTRICT,SINGLE FAMILY,2015,29486.11281047351,107248.39146426659,-77762.27865379308,-1.0413959427115818
148 14 0 067.00,URBAN SERVICES DISTRICT,SINGLE FAMILY,2015,155293.52746849382,135972.58933276733,19320.938135726494,0.2636255922932155
075 10 0 079.00,GENERAL SERVICES DISTRICT,SINGLE FAMILY,2014,135501.90465328467,139369.94390984008,-3868.0392565554066,-0.048087553113541855
072 15 0 257.00,URBAN SERVICES DISTRICT,SINGLE FAMILY,2014,261261.8423053528,212157.94009377726,49103.902211575536,0.6639770719884486
076 05 0 113.00,GENERAL SERVICES DISTRICT,SINGLE FAMILY,2016,150447.00779560595,150018.766539585,428.2412560209632,0.009664330010492364
091 06 0 346.00,URBAN SERVICES DISTRICT,DUPLEX,2016,208684.55920035666,244065.5780130125,-35381.01881265585,-0.4716944165123716
162 13 0 194.00,URBAN SERVICES DISTRICT,ZERO LOT LINE,2016,119386.98037973892,141163.8520388091,-21776.87165907018,-0.2888234158604847
018 12 0 014.00,CITY OF GOODLETTSVILLE,SINGLE FAMILY,2014,127924.81920789403,164251.82430616274,-36327.00509826871,-0.4844106461076527
083 04 0 056.00,URBAN SERVICES DISTRICT,SINGLE FAMILY,2013,225000.0,257492.1961162836,-32492.196116283594,-0.4328620008359331
091 09 0 133.00,URBAN SERVICES DISTRICT,SINGLE FAMILY,2015,201488.43753823565,148553.9517364486,52934.48580178706,0.7154689182846015
091 02 0 031.00,URBAN SERVICES DISTRICT,SINGLE FAMILY,2016,245568.34175669876,139980.18038534923,105588.16137134953,1.4232553183212853
060 16 0 160.00,URBAN SERVICES DISTRICT,SINGLE FAMILY,2015,72732.41159916799,118081.00592688553,-45348.59432771754,-0.6056815373464876
052 07 0 024.00,GENERAL SERVICES DISTRICT,SINGLE FAMILY,2014,123496.65238915924,149270.22524045547,-25773.572851296238,-0.3425482644730145
147 05 0 078.00,URBAN SERVICES DISTRICT,SINGLE FAMILY,2013,230000.0,228638.29077331666,1361.7092266833351,0.022212284685219724
072 03 0 010.00,URBAN SERVICES DISTRICT,SINGLE FAMILY,2014,240105.0452825088,228614.76273669724,11490.282545811555,0.15836358598577846
043 11 0 059.00,GENERAL SERVICES DISTRICT,SINGLE FAMILY,2015,109098.61739875199,120944.23790455247,-11845.620505800485,-0.15532457792377857
082 08 0 263.00,URBAN SERVICES DISTRICT,SINGLE FAMILY,2014,52153.964753987566,113449.46166958002,-61295.496915592455,-0.8200445547866669
059 06 0 015.00,URBAN SERVICES DISTRICT,SINGLE FAMILY,2013,33000.0,105653.58065118798,-72653.58065118798,-0.9727233015516797
133 13 0 118.00,URBAN SERVICES DISTRICT,SINGLE FAMILY,2013,193300.0,197516.4453814796,-4216.4453814796,-0.05277093208458897
150 10 0 002.00,URBAN SERVICES DISTRICT,SINGLE FAMILY,2013,109995.0,125910.86455951532,-15915.864559515321,-0.2100380115993354
148 10 0 045.00,URBAN SERVICES DISTRICT,SINGLE FAMILY,2014,28045.05651865369,122972.22374177263,-94927.16722311894,-1.2721314907259544
150 10 0 212.00,URBAN SERVICES DISTRICT,SINGLE FAMILY,2015,152344.91618744648,158956.30995498731,-6611.393767540838,-0.08496454208631588
081 15 0 232.00,URBAN SERVICES DISTRICT,SINGLE FAMILY,2013,52000.0,96668.60629990812,-44668.60629990812,-0.5965409356113736
147 05 0 244.00,URBAN SERVICES DISTRICT,SINGLE FAMILY,2016,320306.5327261288,301755.0726655612,18551.460060567595,0.2532820386697966
091 07 0 088.00,URBAN SERVICES DISTRICT,SINGLE FAMILY,2015,461949.1006974183,174779.77034797648,287169.33034944185,3.8641235106218197
161 07 0 117.00,URBAN SERVICES DISTRICT,SINGLE FAMILY,2014,211567.97022844013,215548.10119813416,-3980.13096969403,-0.04959432332964037
149 06 0 080.00,URBAN SERVICES DISTRICT,SINGLE FAMILY,2014,115132.33728710463,183553.07290281172,-68420.73561570709,-0.9158241370172282
069 15 0 004.00,URBAN SERVICES DISTRICT,SINGLE FAMILY,2016,218293.7551821405,319241.163345929,-100947.4081637885,-1.353057363737812
091 07 0 202.00,URBAN SERVICES DISTRICT,SINGLE FAMILY,2015,172002.32472776214,320835.7477609963,-148833.42303323414,-1.9967554476782354
133 02 0 107.00,URBAN SERVICES DISTRICT,SINGLE FAMILY,2014,74048.78957995404,145564.55972374137,-71515.77014378733,-0.9574285135953656
129 07 0 022.00,URBAN SERVICES DISTRICT,SINGLE FAMILY,2016,691085.6100030416,550534.7155246479,140550.89447839372,1.8932347971249113
083 15 0 103.00,URBAN SERVICES DISTRICT,SINGLE FAMILY,2013,125000.0,227930.3765212431,-102930.3765212431,-1.3797130154074702
082 04 0 083.00,URBAN SERVICES DISTRICT,SINGLE FAMILY,2015,314420.2496023492,234952.78690963754,79467.46269271165,1.0721331016059272
144 04 0 013.00,CITY OF FOREST HILLS,SINGLE FAMILY,2013,736000.0,666383.8014249927,69616.19857500726,0.9397094732408222
073 05 0 037.00,URBAN SERVICES DISTRICT,DUPLEX,2016,283908.0630981596,233430.02146350354,50478.04163465608,0.6824486636653817
105 11 0 013.00,URBAN SERVICES DISTRICT,SINGLE FAMILY,2016,291187.7570237535,259530.8688409502,31656.88818280329,0.4294491094628337
083 13 0 492.00,URBAN SERVICES DISTRICT,SINGLE FAMILY,2016,479076.6572433304,481782.965331686,-2706.3080883556395,-0.032471216505393516
042 07 0 040.00,GENERAL SERVICES DISTRICT,SINGLE FAMILY,2016,235862.0831892403,221090.10843557023,14771.974753670074,0.20247707072740825
148 05 0 206.00,URBAN SERVICES DISTRICT,SINGLE FAMILY,2014,125956.74506623411,147711.86708875268,-21755.122022518568,-0.2885310507636429
142 14 0 050.00,GENERAL SERVICES DISTRICT,SINGLE FAMILY,2016,217420.19191106927,201316.67089987514,16103.521011194127,0.2203761123783594
147 10 0 208.00,URBAN SERVICES DISTRICT,SINGLE FAMILY,2015,238837.51376483543,218508.78328490225,20328.730479933176,0.2771726373489441
052 01 0 038.00,GENERAL SERVICES DISTRICT,SINGLE FAMILY,2015,162173.6204576043,108807.3884059622,53366.23205164209,0.7212725800538642
150 05 0 156.00,URBAN SERVICES DISTRICT,SINGLE FAMILY,2015,162173.6204576043,150752.3246619617,11421.295795642596,0.15743624552902707
133 13 0 105.00,URBAN SERVICES DISTRICT,SINGLE FAMILY,2015,260460.66315918267,229605.3631866684,30855.299972514273,0.41867392183281227
119 08 0 086.00,URBAN SERVICES DISTRICT,SINGLE FAMILY,2013,185000.0,170460.05852265394,14539.94147734606,0.199358010271294
150 03 0 114.00,URBAN SERVICES DISTRICT,ZERO LOT LINE,2015,77646.76373424691,95750.82486175411,-18104.0611275072,-0.23945240204175497
052 06 0 081.00,GENERAL SERVICES DISTRICT,SINGLE FAMILY,2014,132845.0045620438,158917.19376372875,-26072.18920168496,-0.3465623544552893
156 02 0 012.00,GENERAL SERVICES DISTRICT,SINGLE FAMILY,2016,247994.90639856338,236950.44609732984,11044.460301233543,0.15237071050020545
105 09 0 346.00,URBAN SERVICES DISTRICT,SINGLE FAMILY,2014,258801.74962827793,498450.41762391775,-239648.66799563981,-3.2175210372612693
083 13 0 467.00,URBAN SERVICES DISTRICT,SINGLE FAMILY,2014,393516.42462489865,344814.33387287275,48702.09075202589,0.6585758025923092
094 01 0 305.00,URBAN SERVICES DISTRICT,SINGLE FAMILY,2016,159182.64050631857,144019.67572028367,15162.964786034892,0.20773287527408446
071 16 0 190.00,URBAN SERVICES DISTRICT,SINGLE FAMILY,2014,248961.37891997836,163814.2360600958,85147.14285988256,1.1484810551988476
070 13 0 129.00,URBAN SERVICES DISTRICT,SINGLE FAMILY,2014,146621.52355366317,143186.2081409386,3435.3154127245652,0.05008631706066014
091 06 0 372.00,URBAN SERVICES DISTRICT,SINGLE FAMILY,2015,368758.2411599168,323594.03377491055,45164.207385006244,0.6110185199333941
083 03 0 145.00,URBAN SERVICES DISTRICT,SINGLE FAMILY,2014,147605.5606244931,213781.36405033694,-66175.80342584383,-0.8856470894359896
147 06 0 060.00,URBAN SERVICES DISTRICT,SINGLE FAMILY,2014,302394.5918660449,268752.0508780592,33642.54098798573,0.456140846278929
119 14 0 124.00,URBAN SERVICES DISTRICT,SINGLE FAMILY,2014,159758.41844924304,163978.73189650406,-4220.313447261025,-0.052822927777670704
034 13 0 198.00,GENERAL SERVICES DISTRICT,DUPLEX,2016,339719.0498610457,174324.66439532052,165394.3854657252,2.227188407391616
070 13 0 112.00,URBAN SERVICES DISTRICT,SINGLE FAMILY,2015,121220.35837513764,171056.95341917258,-49836.59504403494,-0.6660105805899685
072 09 0 408.00,URBAN SERVICES DISTRICT,SINGLE FAMILY,2016,212858.25038436378,271508.406734647,-58650.156350283214,-0.7844850984839891
075 14 0 005.00,GENERAL SERVICES DISTRICT,SINGLE FAMILY,2015,127773.15551205188,136437.49380026554,-8664.338288213665,-0.11256083419782079
094 01 0 042.00,URBAN SERVICES DISTRICT,SINGLE FAMILY,2014,323945.00371722085,213486.53057262945,110458.47314459141,1.4887235007368702
130 10 0 099.00,CITY OF BELLE MEADE,SINGLE FAMILY,2013,432000.0,510012.7584075429,-78012.75840754289,-1.044762966215087
147 16 0 019.00,URBAN SERVICES DISTRICT,SINGLE FAMILY,2015,235790.6154410865,224303.77780773278,11486.837633353716,0.15831727844579005
096 06 0 150.00,URBAN SERVICES DISTRICT,SINGLE FAMILY,2016,169859.52493052286,205092.08947835446,-35232.5645478316,-0.4696988500389308
061 16 0 186.00,URBAN SERVICES DISTRICT,SINGLE FAMILY,2014,127924.81920789403,249554.15502324715,-121629.33581535312,-1.6310699993225932
052 01 0 300.00,GENERAL SERVICES DISTRICT,SINGLE FAMILY,2014,78722.96566639633,87006.54443327711,-8283.57876688079,-0.10744255122956255
128 10 0 029.00,GENERAL SERVICES DISTRICT,SINGLE FAMILY,2014,191887.22881184105,170560.109484102,21327.119327739056,0.290593277803412
071 14 0 263.00,URBAN SERVICES DISTRICT,CHURCH,2016,82503.19782339681,119031.58866208345,-36528.39083868664,-0.4871177332518506
103 03 0 102.00,URBAN SERVICES DISTRICT,SINGLE FAMILY,2014,536300.2036023249,545055.1195008879,-8754.915898562991,-0.11377840543210961
007 00 0 143.00,GENERAL SERVICES DISTRICT,SINGLE FAMILY,2016,247509.59347019045,266199.8814420271,-18690.28797183666,-0.24733263800371827
083 01 0 199.00,URBAN SERVICES DISTRICT,SINGLE FAMILY,2016,422125.1850987679,342427.0134281301,79698.17167063779,1.0752343604482801
172 02 0 033.00,URBAN SERVICES DISTRICT,SINGLE FAMILY,2015,348919.0015906032,355159.54216942785,-6240.540578824643,-0.07997942299359873
116 08 0 134.00,URBAN SERVICES DISTRICT,DUPLEX,2016,820178.8489502389,596867.6324918468,223311.2164583921,3.0057237112694217
075 07 0 016.00,GENERAL SERVICES DISTRICT,SINGLE FAMILY,2014,147507.15691741012,141332.92244466522,6174.234472744894,0.08690368337960856
103 02 0 099.00,URBAN SERVICES DISTRICT,SINGLE FAMILY,2014,194839.34002433092,140166.61697116826,54672.723053162656,0.7388348214860865
065 05 0 035.00,GENERAL SERVICES DISTRICT,SINGLE FAMILY,2016,166947.6473602853,169949.8429623444,-3002.1956020591024,-0.036448624651635855
082 04 0 104.00,URBAN SERVICES DISTRICT,ZERO LOT LINE,2015,98287.04270157836,120332.20583368475,-22045.16313210639,-0.29242986980328617
118 05 0 013.00,URBAN SERVICES DISTRICT,SINGLE FAMILY,2013,270000.0,519744.6380156501,-249744.6380156501,-3.3532340752979173
094 01 0 385.00,URBAN SERVICES DISTRICT,SINGLE FAMILY,2015,386268.07781720295,261117.49147129207,125150.58634591088,1.6862192652624646
130 15 0 032.00,URBAN SERVICES DISTRICT,SINGLE FAMILY,2013,887000.0,661716.2786639524,225283.72133604763,3.03223870972506
061 11 0 112.00,URBAN SERVICES DISTRICT,SINGLE FAMILY,2013,62500.0,138788.4679456475,-76288.46794564751,-1.0215845399145305
102 14 0 062.00,URBAN SERVICES DISTRICT,SINGLE FAMILY,2015,384302.33696317143,423819.4887174614,-39517.15175428998,-0.5272935482570253
051 03 0 070.00,GENERAL SERVICES DISTRICT,SINGLE FAMILY,2016,91946.41678367714,108945.95222576408,-16999.53544208694,-0.22460503858279118
042 15 0 010.00,GENERAL SERVICES DISTRICT,SINGLE FAMILY,2016,138799.4975146558,171319.86027240564,-32520.362757749826,-0.43324062522537715
072 15 0 017.00,URBAN SERVICES DISTRICT,SINGLE FAMILY,2016,213537.68848408587,145898.79097530313,67638.89750878274,0.9131300029889722
127 09 0 007.00,GENERAL SERVICES DISTRICT,SINGLE FAMILY,2016,270319.3011037178,257154.38650655135,13164.91459716647,0.18087448913153564
061 01 0 003.00,URBAN SERVICES DISTRICT,SINGLE FAMILY,2015,58972.22562094702,128992.27946660639,-70020.05384565936,-0.937322649328975
136 10 0 093.00,URBAN SERVICES DISTRICT,SINGLE FAMILY,2015,169053.7134467148,184687.11198557977,-15633.398538864974,-0.20624101916288776
061 03 0 171.00,URBAN SERVICES DISTRICT,SINGLE FAMILY,2016,339719.0498610457,209948.96851935217,129770.08134169356,1.7483158938013954
116 08 0 051.00,URBAN SERVICES DISTRICT,SINGLE FAMILY,2014,536300.2036023249,515372.113797819,20928.08980450593,0.2852294040243744
043 07 0 051.00,GENERAL SERVICES DISTRICT,SINGLE FAMILY,2013,32000.0,85545.04392288942,-53545.043922889425,-0.7158606556947311
053 16 0 302.00,GENERAL SERVICES DISTRICT,SINGLE FAMILY,2014,164614.64139378886,151442.21415232905,13172.427241459809,0.18097547633521366
145 00 0 072.00,CITY OF FOREST HILLS,SINGLE FAMILY,2015,516006.9741832864,676119.0980371175,-160112.1238538311,-2.1483671056403586
082 03 0 072.00,URBAN SERVICES DISTRICT,SINGLE FAMILY,2013,124000.0,130710.85743878536,-6710.857438785359,-0.08630156239958128
162 01 0 081.00,URBAN SERVICES DISTRICT,SINGLE FAMILY,2013,109000.0,113765.643829798,-4765.643829798006,-0.0601534213113377
090 16 0 146.00,URBAN SERVICES DISTRICT,SINGLE FAMILY,2015,124824.54423100452,178083.16463142677,-53258.62040042225,-0.7120104653393582
061 11 0 021.00,URBAN SERVICES DISTRICT,SINGLE FAMILY,2016,237803.334902732,223987.90983683403,13815.425065897958,0.1896188447319601
095 03 0 097.00,URBAN SERVICES DISTRICT,SINGLE FAMILY,2015,155293.52746849382,153364.22385893305,1929.3036095607677,0.02984205754708034
033 10 0 017.00,GENERAL SERVICES DISTRICT,SINGLE FAMILY,2014,196709.0104589078,235590.8302235299,-38881.81976462208,-0.5187532262960047
063 12 0 040.00,GENERAL SERVICES DISTRICT,SINGLE FAMILY,2016,203831.4299166274,194324.7625073801,9506.667409247311,0.13169924011856082
104 05 0 079.00,URBAN SERVICES DISTRICT,SINGLE FAMILY,2015,545493.08699376,428475.8308111248,117017.25618263514,1.5768886171300394
042 03 0 124.00,GENERAL SERVICES DISTRICT,SINGLE FAMILY,2016,209520.26806301484,214715.71508560693,-5195.447022592096,-0.06593096392847374
150 06 0 122.00,URBAN SERVICES DISTRICT,ZERO LOT LINE,2016,132005.11651743492,111269.4287306695,20735.68778676541,0.28264307875793704
131 01 0 022.00,URBAN SERVICES DISTRICT,DUPLEX,2016,485312.92837292247,397152.901455158,88160.02691776445,1.1889811406722512
103 10 0 061.00,URBAN SERVICES DISTRICT,SINGLE FAMILY,2014,416100.0754004461,407266.26468087005,8833.810719576024,0.1226544999561411
051 11 0 105.00,GENERAL SERVICES DISTRICT,DUPLEX,2016,107254.15717041586,233687.93874980987,-126433.78157939401,-1.6956527912116317
025 04 0 126.00,CITY OF GOODLETTSVILLE,SINGLE FAMILY,2013,203000.0,228963.16964618315,-25963.169646183145,-0.3450968810977782
072 14 0 440.00,URBAN SERVICES DISTRICT,SINGLE FAMILY,2013,305000.0,304088.31586428126,911.6841357187368,0.01616291328589158
162 02 0 014.00,URBAN SERVICES DISTRICT,SINGLE FAMILY,2014,133829.04163287376,121130.40323781752,12698.638395056245,0.17460666545266698
052 09 0 169.00,URBAN SERVICES DISTRICT,VACANT RESIDENTIAL LAND,2015,58972.22562094702,139627.94470849755,-80655.71908755053,-1.080290431390234
074 04 0 020.00,GENERAL SERVICES DISTRICT,SINGLE FAMILY,2015,147332.27700966597,150591.5848846865,-3259.307875020546,-0.0399048044551561
142 15 0 039.00,GENERAL SERVICES DISTRICT,SINGLE FAMILY,2014,252897.5272032982,222982.80436510657,29914.722838191636,0.40603040366133103
130 02 0 064.00,URBAN SERVICES DISTRICT,SINGLE FAMILY,2016,451341.0233868179,387440.8533133363,63900.17007348157,0.862872914504158
103 04 0 409.01,URBAN SERVICES DISTRICT,SINGLE FAMILY,2013,660000.0,542820.3514736381,117179.64852636191,1.579071543414227
116 16 0 155.00,URBAN SERVICES DISTRICT,SINGLE FAMILY,2015,781725.9941270035,608462.2134215072,173263.78070549632,2.33297116361848
086 07 0 063.00,GENERAL SERVICES DISTRICT,SINGLE FAMILY,2014,127924.81920789403,124300.87119905956,3623.9480088344717,0.05262197263809116
071 12 0 138.00,URBAN SERVICES DISTRICT,SINGLE FAMILY,2013,135200.0,126007.1406294212,9192.859370578793,0.127480938934661
096 09 0 084.00,URBAN SERVICES DISTRICT,SINGLE FAMILY,2015,178882.41771687262,175362.102006564,3520.3157103086123,0.0512289163944821
156 06 0 018.00,GENERAL SERVICES DISTRICT,SINGLE FAMILY,2014,152525.74597864287,170130.0592990796,-17604.313320436748,-0.23273464307305167
124 00 0 070.00,GENERAL SERVICES DISTRICT,GREENBELT,2014,767548.9152473642,469767.7468472088,297781.1684001554,4.006771000477754
084 01 0 094.00,URBAN SERVICES DISTRICT,SINGLE FAMILY,2013,177000.0,153425.3787472616,23574.621252738405,0.32080486853024004
076 01 0 031.00,GENERAL SERVICES DISTRICT,SINGLE FAMILY,2015,145464.82319833597,137930.50802879178,7534.315169544192,0.10518629346777185
104 05 0 006.00,URBAN SERVICES DISTRICT,SINGLE FAMILY,2015,326804.4169827481,546524.5204482527,-219720.1034655046,-2.9496353332889345
091 06 0 193.00,URBAN SERVICES DISTRICT,SINGLE FAMILY,2014,180177.1876689646,184425.5626009091,-4248.374931944505,-0.05320013861829977
033 15 0 049.00,GENERAL SERVICES DISTRICT,SINGLE FAMILY,2015,141533.34149027284,157058.22122258332,-15524.87973231048,-0.20478227702197097
051 03 0 147.00,GENERAL SERVICES DISTRICT,SINGLE FAMILY,2013,172000.0,151651.5152784168,20348.484721583198,0.2774381797528064
133 07 0 042.00,URBAN SERVICES DISTRICT,SINGLE FAMILY,2013,131000.0,116639.19830817546,14360.801691824541,0.19694995988305264
164 12 0 054.00,URBAN SERVICES DISTRICT,SINGLE FAMILY,2014,123004.63385374426,121785.71742604872,1218.9164276955416,0.020292821322909726
050 03 0 017.00,GENERAL SERVICES DISTRICT,DUPLEX,2016,111621.97352577216,149421.61835238393,-37799.644826611766,-0.5042063082451971
146 04 0 071.00,URBAN SERVICES DISTRICT,SINGLE FAMILY,2016,242656.46418646123,282682.766755547,-40026.30256908579,-0.5341377052580684
105 04 0 142.00,URBAN SERVICES DISTRICT,DUPLEX,2016,72796.93925593837,161876.2987680768,-89079.35951213844,-1.1935235165799998
071 11 0 166.00,URBAN SERVICES DISTRICT,SINGLE FAMILY,2013,65900.0,94828.53217916981,-28928.532179169808,-0.3849581680701082
072 10 0 211.00,URBAN SERVICES DISTRICT,SINGLE FAMILY,2015,145956.25841184388,136756.16468213897,9200.09372970491,0.1275781853461804
119 10 0 215.00,URBAN SERVICES DISTRICT,SINGLE FAMILY,2016,157241.38879282688,193424.4963982228,-36183.107605395926,-0.482476333120895
072 07 0 064.00,URBAN SERVICES DISTRICT,SINGLE FAMILY,2014,265591.6054170046,224136.37086204518,41455.23455495943,0.5611614017205445
052 02 0 053.00,GENERAL SERVICES DISTRICT,SINGLE FAMILY,2015,137601.8597822097,132706.38630663045,4895.47347557926,0.06971419693064373
092 13 0 259.00,URBAN SERVICES DISTRICT,VACANT RESIDENTIAL LAND,2013,140000.0,194163.05062184983,-54163.050621849834,-0.7241680859343895
104 05 0 340.00,URBAN SERVICES DISTRICT,SINGLE FAMILY,2016,499872.31622411014,478656.78508230875,21215.531141801388,0.2890932761500212
096 14 0 281.00,URBAN SERVICES DISTRICT,SINGLE FAMILY,2016,179565.78349798132,168359.23741688725,11206.546081094071,0.15454951586153412
083 07 0 130.00,URBAN SERVICES DISTRICT,SINGLE FAMILY,2013,159900.0,225546.2846732993,-65646.28467329929,-0.8785291405452179
130 07 0 131.00,URBAN SERVICES DISTRICT,SINGLE FAMILY,2016,582375.514047507,628102.0277597721,-45726.51371226518,-0.6107616423495974
104 16 0 287.00,URBAN SERVICES DISTRICT,SINGLE FAMILY,2014,684053.3697874426,508430.2655302036,175623.10425723903,2.364685893979584
086 10 0 064.00,GENERAL SERVICES DISTRICT,DUPLEX,2015,100252.78355560993,116252.50605739169,-15999.722501781755,-0.2111652550525076
083 13 0 355.00,URBAN SERVICES DISTRICT,SINGLE FAMILY,2016,525108.588499502,508503.01267010154,16605.575829400506,0.2271248828783391
071 04 0 110.00,URBAN SERVICES DISTRICT,SINGLE FAMILY,2016,124968.07905602753,132976.30307171767,-8008.224015690139,-0.10374115059665234
034 14 0 063.00,GENERAL SERVICES DISTRICT,SINGLE FAMILY,2016,77650.0685396676,147278.72939345252,-69628.66085378492,-0.9320614280804714
119 15 0 140.00,URBAN SERVICES DISTRICT,SINGLE FAMILY,2013,94900.0,99257.97215618951,-4357.972156189513,-0.05467337717122672
157 00 0 090.00,GENERAL SERVICES DISTRICT,SINGLE FAMILY,2013,742000.0,629201.2285184403,112798.77148155973,1.5201824884906554
118 03 0 105.00,CITY OF BERRY HILL,SINGLE FAMILY,2016,325159.66200985806,253717.68697432592,71441.97503553214,0.9642521045820925
116 04 0 036.00,URBAN SERVICES DISTRICT,SINGLE FAMILY,2016,194125.171349169,287187.15619659546,-93061.98484742647,-1.2470591533283657
050 11 0 042.00,URBAN SERVICES DISTRICT,SINGLE FAMILY,2016,94636.02103271987,135459.2722997199,-40823.251267000014,-0.5448505271799762
094 01 0 084.00,URBAN SERVICES DISTRICT,QUADPLEX,2013,260000.0,201318.97193377186,58681.028066228144,0.7927156521167712
086 16 0 013.00,GENERAL SERVICES DISTRICT,DUPLEX,2015,117944.45124189404,117424.52019821157,519.9310436824744,0.010896851463687626
091 07 0 127.00,URBAN SERVICES DISTRICT,SINGLE FAMILY,2014,77738.92859556637,134104.7896963384,-56365.86110077205,-0.7537789209231005
144 00 0 020.02,CITY OF FOREST HILLS,SINGLE FAMILY,2013,368000.0,499188.07101522846,-131188.07101522846,-1.759561366788204
149 04 0 205.00,URBAN SERVICES DISTRICT,SINGLE FAMILY,2016,213440.6258984113,210050.06729942217,3390.558598989126,0.04948468263099781
083 02 0 018.00,URBAN SERVICES DISTRICT,SINGLE FAMILY,2014,403455.1990402812,322801.09660259297,80654.10243768821,1.0880842667269226
091 05 0 063.00,URBAN SERVICES DISTRICT,SINGLE FAMILY,2015,122858.80337697295,111339.69564987495,11519.107727098002,0.15875106266375863
082 07 0 190.00,URBAN SERVICES DISTRICT,ZERO LOT LINE,2015,157259.26832252537,107294.40026237656,49964.868060148816,0.675550431529344
081 08 0 461.00,URBAN SERVICES DISTRICT,SINGLE FAMILY,2013,129500.0,318208.6008564146,-188708.6008564146,-2.5327694724732384
034 13 0 264.00,GENERAL SERVICES DISTRICT,ZERO LOT LINE,2013,72000.0,98117.43085300055,-26117.43085300055,-0.3471705062162062
072 11 0 140.00,URBAN SERVICES DISTRICT,SINGLE FAMILY,2016,252362.72275391966,233020.61501838386,19342.1077355358,0.2639101603632917
082 12 0 101.00,URBAN SERVICES DISTRICT,SINGLE FAMILY,2016,223243.94705154432,148614.29668243122,74629.65036911311,1.0071017864786636
160 16 0 013.00,URBAN SERVICES DISTRICT,SINGLE FAMILY,2014,403455.1990402812,364225.97908200294,39229.219958278234,0.5312386500651051
071 15 0 336.00,URBAN SERVICES DISTRICT,VACANT RESIDENTIAL LAND,2015,93372.69056649944,148576.89379402346,-55204.20322752402,-0.7381635695675384
147 08 0 048.00,URBAN SERVICES DISTRICT,SINGLE FAMILY,2013,170000.0,175325.93683062244,-5325.936830622435,-0.06768504681952003
061 11 0 204.00,URBAN SERVICES DISTRICT,SINGLE FAMILY,2014,265690.0091240876,227903.77457055135,37786.234553536226,0.5118416101836534
115 02 0 100.00,URBAN SERVICES DISTRICT,SINGLE FAMILY,2014,363995.3125,311513.8350406496,52481.477459350426,0.7093794451298506
059 14 0 150.00,URBAN SERVICES DISTRICT,SINGLE FAMILY,2014,73802.78031224656,101454.71283953957,-27651.932527293015,-0.3677977350686886
162 16 0 005.00,URBAN SERVICES DISTRICT,SINGLE FAMILY,2015,90915.51449896,133448.39595657645,-42532.88145761646,-0.5678318857446182
090 15 0 055.00,URBAN SERVICES DISTRICT,SINGLE FAMILY,2013,181500.0,202636.61531439284,-21136.61531439284,-0.28021689925176035
082 07 0 377.00,URBAN SERVICES DISTRICT,ZERO LOT LINE,2014,110212.15193295486,92356.01123178207,17856.140701172786,0.2439353486061241
081 03 0 183.00,URBAN SERVICES DISTRICT,SINGLE FAMILY,2015,105167.13569068885,103752.37147405528,1414.7642166335718,0.02292546567277015
075 08 0 010.00,GENERAL SERVICES DISTRICT,SINGLE FAMILY,2013,159000.0,142911.86744956844,16088.132550431561,0.2201692561023744
091 15 0 171.00,URBAN SERVICES DISTRICT,SINGLE FAMILY,2016,388153.2801126634,342382.94989215344,45770.33022050996,0.6191662037385718
052 02 0 126.00,GENERAL SERVICES DISTRICT,SINGLE FAMILY,2015,137503.57273950812,153968.3012376048,-16464.728498096694,-0.21741600424650084
043 02 0 053.00,GENERAL SERVICES DISTRICT,SINGLE FAMILY,2016,192183.9196356773,127911.87857135494,64272.04106432236,0.8678717151963822
105 09 0 220.00,URBAN SERVICES DISTRICT,SINGLE FAMILY,2014,393516.42462489865,386120.1379195362,7396.286705362436,0.10333087371389864
063 02 0 104.00,GENERAL SERVICES DISTRICT,SINGLE FAMILY,2016,131519.80358906198,130708.77890614542,811.0246829165553,0.014809818920534425
094 01 0 382.00,URBAN SERVICES DISTRICT,SINGLE FAMILY,2015,235888.9024837881,207138.20571793066,28750.69676585743,0.3903832182678287
083 15 0 194.00,URBAN SERVICES DISTRICT,VACANT RESIDENTIAL LAND,2014,117789.2373783455,121716.18257938922,-3926.9452010437235,-0.04887938437582601
136 06 0 115.00,URBAN SERVICES DISTRICT,SINGLE FAMILY,2016,177624.5317844896,175904.7652343453,1719.766550144297,0.027025397943464965
093 16 0 137.00,URBAN SERVICES DISTRICT,SINGLE FAMILY,2016,101915.7149583137,153854.03716000466,-51938.32220169096,-0.6942626234470983
161 07 0 067.00,URBAN SERVICES DISTRICT,SINGLE FAMILY,2016,266922.11060510733,205244.34653502458,61677.76407008275,0.8329986706351342
142 14 0 111.00,GENERAL SERVICES DISTRICT,SINGLE FAMILY,2015,216231.4939434724,199841.5902166455,16389.903726826888,0.22422575419610202
103 08 0 293.00,URBAN SERVICES DISTRICT,SINGLE FAMILY,2016,791060.0732478636,690564.8988884327,100495.17435943091,1.354793868980733
072 14 0 246.01,URBAN SERVICES DISTRICT,SINGLE FAMILY,2016,223146.88446586975,171499.8671043274,51647.017361542356,0.69816238379058
083 06 0 139.00,URBAN SERVICES DISTRICT,DUPLEX,2014,162366.11668694243,355510.0395176726,-193143.92283073018,-2.5923903923662297
061 13 0 005.00,URBAN SERVICES DISTRICT,SINGLE FAMILY,2013,59000.0,104684.94381651444,-45684.94381651444,-0.6102028474213222
117 04 0 052.00,URBAN SERVICES DISTRICT,SINGLE FAMILY,2014,369013.90156123275,331038.56791224575,37975.333648987,0.514383536584261
072 15 0 302.00,URBAN SERVICES DISTRICT,SINGLE FAMILY,2014,262737.89791159774,173282.40285205533,89455.49505954242,1.2063952095385333
082 08 0 369.00,URBAN SERVICES DISTRICT,SINGLE FAMILY,2014,329652.4187280346,261466.67024286865,68185.74848516594,0.9204809367983214
081 08 0 241.00,URBAN SERVICES DISTRICT,TRIPLEX,2015,206402.78967331458,218765.90457059385,-12363.114897279273,-0.16228089176933427
033 16 0 038.00,GENERAL SERVICES DISTRICT,DUPLEX,2014,88563.33637469586,112835.81239961235,-24272.476024916483,-0.32237007354223757
133 01 0 197.00,URBAN SERVICES DISTRICT,SINGLE FAMILY,2013,56000.0,78903.90870021727,-22903.908700217275,-0.3039733836724683
146 08 0 046.00,URBAN SERVICES DISTRICT,SINGLE FAMILY,2016,311570.9000154162,245167.35041163847,66403.54960377773,0.8965240882637749
150 10 0 154.00,URBAN SERVICES DISTRICT,SINGLE FAMILY,2016,155300.1370793352,178553.8325225227,-23253.69544318749,-0.3086753213227728
095 05 0 008.00,URBAN SERVICES DISTRICT,SINGLE FAMILY,2013,109900.0,147611.94779770693,-37711.94779770693,-0.5030274586452207
072 03 0 075.00,URBAN SERVICES DISTRICT,SINGLE FAMILY,2014,300131.306603136,262083.56012323016,38047.74647990585,0.5153569314395698
082 07 0 390.00,URBAN SERVICES DISTRICT,SINGLE FAMILY,2013,130000.0,126757.96225541465,3242.037744585352,0.047488221040582514
072 02 0 073.00,URBAN SERVICES DISTRICT,SINGLE FAMILY,2015,176916.67686284106,265659.8231987938,-88743.14633595274,-1.1890040388599117
148 14 0 093.00,URBAN SERVICES DISTRICT,SINGLE FAMILY,2016,116475.10280950139,207987.9432745824,-91512.840465081,-1.226235092830086
075 07 0 069.00,GENERAL SERVICES DISTRICT,SINGLE FAMILY,2016,169762.46234484826,163776.75849138977,5985.703853458486,0.08436939860503243
149 04 0 270.00,URBAN SERVICES DISTRICT,VACANT RESIDENTIAL LAND,2015,58972.22562094702,85497.19873190502,-26524.973110958003,-0.35264881071256454
043 02 0 045.00,GENERAL SERVICES DISTRICT,SINGLE FAMILY,2014,154493.8201203028,156968.4869285774,-2474.6668082746037,-0.029357425379608903
042 08 0 042.00,GENERAL SERVICES DISTRICT,SINGLE FAMILY,2014,141701.33819951338,135346.04323656004,6355.29496295334,0.08933755245270313
091 05 0 046.00,URBAN SERVICES DISTRICT,DUPLEX,2013,85400.0,113197.79480831862,-27797.79480831862,-0.36975845932338686
073 11 0 074.00,URBAN SERVICES DISTRICT,SINGLE FAMILY,2016,256245.22618090306,180388.9615932807,75856.26458762237,1.0235903003869755
094 01 0 237.00,URBAN SERVICES DISTRICT,SINGLE FAMILY,2015,445650.1604062156,330265.35885669466,115384.80154952093,1.5549446754109348
082 16 0 445.00,URBAN SERVICES DISTRICT,SINGLE FAMILY,2016,760970.6716887424,640750.4162908905,120220.25539785181,1.6199442872107248
042 07 0 037.00,GENERAL SERVICES DISTRICT,SINGLE FAMILY,2014,141799.74190659638,158687.30179990677,-16887.55989331039,-0.22309982988266955
053 16 0 114.00,GENERAL SERVICES DISTRICT,SINGLE FAMILY,2016,129578.5518755703,203242.91914189328,-73664.36726632298,-0.9863105964896467
091 09 0 081.00,URBAN SERVICES DISTRICT,SINGLE FAMILY,2014,155477.85719113273,135159.56312777282,20318.294063359906,0.27703234792687104
175 08 0 003.00,URBAN SERVICES DISTRICT,SINGLE FAMILY,2013,119000.0,135589.82309981057,-16589.823099810572,-0.2190975631662407
075 10 0 126.00,GENERAL SERVICES DISTRICT,SINGLE FAMILY,2014,139733.26405785346,142221.29252946842,-2488.0284716149617,-0.029537036840572916
092 05 0 236.00,URBAN SERVICES DISTRICT,SINGLE FAMILY,2015,65852.31861005751,109122.92748533576,-43270.60887527825,-0.5777486375669172
130 04 0 022.00,URBAN SERVICES DISTRICT,SINGLE FAMILY,2013,620000.0,519646.03213016957,100353.96786983043,1.352895729261995
107 13 0 084.00,URBAN SERVICES DISTRICT,SINGLE FAMILY,2016,106973.64629781632,134125.7832938249,-27152.136996008587,-0.3610793345768772
118 03 0 131.00,CITY OF BERRY HILL,SINGLE FAMILY,2015,231957.42077572495,256571.17140557687,-24613.750629851915,-0.3269575884961
071 16 0 330.00,URBAN SERVICES DISTRICT,SINGLE FAMILY,2014,248961.37891997836,207702.20737198586,41259.171547992504,0.5585258643457955
090 11 0 020.00,URBAN SERVICES DISTRICT,SINGLE FAMILY,2013,152500.0,167195.67007926464,-14695.670079264644,-0.1936357937260498
158 08 0 017.00,CITY OF FOREST HILLS,SINGLE FAMILY,2013,490000.0,609559.7938497043,-119559.79384970432,-1.603250599408978
083 10 0 224.00,URBAN SERVICES DISTRICT,SINGLE FAMILY,2013,275000.0,304933.9010988007,-29933.901098800707,-0.39847263673040567
148 03 0 116.00,URBAN SERVICES DISTRICT,SINGLE FAMILY,2016,54743.298320465656,140554.16522078917,-85810.86690032351,-1.1495874647424278
091 15 0 065.00,URBAN SERVICES DISTRICT,SINGLE FAMILY,2014,649464.4667477697,546232.2722401944,103232.19450757536,1.3915857095602897
082 09 0 031.00,URBAN SERVICES DISTRICT,SINGLE FAMILY,2015,122858.80337697295,172415.9814444193,-49557.17806744635,-0.6622545743125436
150 02 0 501.00,URBAN SERVICES DISTRICT,ZERO LOT LINE,2016,114048.53816763677,123167.87404104171,-9119.33587340494,-0.1186770473465583
097 05 0 015.00,URBAN SERVICES DISTRICT,SINGLE FAMILY,2016,151902.94658072473,159081.29217949338,-7178.345598768647,-0.09258567757739458
091 10 0 369.00,URBAN SERVICES DISTRICT,SINGLE FAMILY,2016,179565.78349798132,136888.71660716378,42677.06689081754,0.5775856361370557
096 05 0 044.00,URBAN SERVICES DISTRICT,SINGLE FAMILY,2014,164334.19082860232,197708.30275670125,-33374.11192809892,-0.44471697602670657
118 10 0 049.00,URBAN SERVICES DISTRICT,SINGLE FAMILY,2014,442816.68187347933,466776.617971297,-23959.93609781767,-0.3181688186920088
083 02 0 347.00,URBAN SERVICES DISTRICT,SINGLE FAMILY,2016,234891.45733249446,238489.97307419355,-3598.515741699084,-0.04446453769739367
043 12 0 023.00,GENERAL SERVICES DISTRICT,SINGLE FAMILY,2014,101355.81829548527,157945.79846961907,-56589.9801741338,-0.7567915963042275
052 02 0 019.00,GENERAL SERVICES DISTRICT,SINGLE FAMILY,2015,132687.50764713078,117941.979021224,14745.52862590678,0.20212157399594524
150 05 0 157.00,URBAN SERVICES DISTRICT,SINGLE FAMILY,2015,152344.91618744648,151208.8611230846,1136.0550643618626,0.019178974180774425
025 11 0 009.00,CITY OF GOODLETTSVILLE,SINGLE FAMILY,2015,442291.69215710263,377290.95024185826,65000.741915244376,0.8776671292182651
148 09 0 141.00,URBAN SERVICES DISTRICT,SINGLE FAMILY,2016,194125.171349169,184048.71807104594,10076.453278123052,0.13935847158836656
104 02 0 169.00,URBAN SERVICES DISTRICT,SINGLE FAMILY,2014,526459.8328940254,426386.9021963067,100072.9306977187,1.3491179438334608
103 09 0 018.00,URBAN SERVICES DISTRICT,SINGLE FAMILY,2016,465900.41123800556,429907.7401281153,35992.671109890274,0.48773199581611615
103 16 0 070.00,URBAN SERVICES DISTRICT,SINGLE FAMILY,2013,345000.0,557925.5092648709,-212925.5092648709,-2.858300372966494
081 02 0 157.00,URBAN SERVICES DISTRICT,SINGLE FAMILY,2014,49201.8535414977,79517.05607504914,-30315.20253355144,-0.40359820426034
072 03 0 153.00,URBAN SERVICES DISTRICT,SINGLE FAMILY,2013,257900.0,267953.88437290565,-10053.884372905653,-0.13123952681197412
073 10 0 053.00,URBAN SERVICES DISTRICT,SINGLE FAMILY,2013,172900.0,167703.99103648672,5196.008963513275,0.07375408453178679
158 11 0 018.00,GENERAL SERVICES DISTRICT,SINGLE FAMILY,2015,442291.69215710263,388738.90460607305,53552.787551029585,0.7237803146780896
092 07 0 129.00,URBAN SERVICES DISTRICT,SINGLE FAMILY,2016,97062.5856745845,145634.24866931397,-48571.66299472947,-0.6490069869797537
103 02 0 149.00,URBAN SERVICES DISTRICT,SINGLE FAMILY,2016,218390.8177678151,186118.99566045607,32271.82210735904,0.4377152345531274
025 12 0 013.00,CITY OF GOODLETTSVILLE,SINGLE FAMILY,2014,145637.4864828332,128141.04851942352,17496.43796340967,0.23910011719842597
115 09 0 065.00,URBAN SERVICES DISTRICT,SINGLE FAMILY,2016,397956.6012657964,386617.92502376053,11338.676242035872,0.15632564886531108
148 01 0 030.00,URBAN SERVICES DISTRICT,SINGLE FAMILY,2014,123004.63385374426,114283.00111443574,8721.632739308523,0.12114657011158494
156 09 0 023.00,GENERAL SERVICES DISTRICT,SINGLE FAMILY,2015,398062.5229413924,379652.8134681657,18409.709473226685,0.25137658502706733
118 01 0 159.00,URBAN SERVICES DISTRICT,DUPLEX,2013,320100.0,425042.9400008063,-104942.9400008063,-1.4067664935291149
072 15 0 143.00,URBAN SERVICES DISTRICT,SINGLE FAMILY,2016,189272.04206543975,145806.3438679571,43465.69819748265,0.5881866532068573
062 13 0 034.00,URBAN SERVICES DISTRICT,SINGLE FAMILY,2015,186745.38113299888,239830.10978738437,-53084.728654385486,-0.7096729606620095
132 16 0 108.00,URBAN SERVICES DISTRICT,SINGLE FAMILY,2016,284684.5637835563,257421.45823136964,27263.105552186636,0.37038657380833157
104 01 0 108.00,URBAN SERVICES DISTRICT,SINGLE FAMILY,2016,250421.47104042798,214703.533820075,35717.937220352964,0.4840389409905933
072 13 0 058.00,URBAN SERVICES DISTRICT,DORMITORY/BOARDING HOUSE,2013,105000.0,214136.16723894764,-109136.16723894764,-1.4631331038239428
082 07 0 383.00,URBAN SERVICES DISTRICT,SINGLE FAMILY,2013,88000.0,121905.01851931443,-33905.01851931443,-0.45185358065852815
087 09 0 095.00,GENERAL SERVICES DISTRICT,SINGLE FAMILY,2015,199522.69668420407,217055.96112800296,-17533.264443798893,-0.23177958289770415
033 16 0 037.00,CITY OF GOODLETTSVILLE,SINGLE FAMILY,2014,124972.70799540417,126237.0534125453,-1264.3454171411286,-0.013087924512836423
091 12 0 081.00,URBAN SERVICES DISTRICT,DUPLEX,2016,291187.7570237535,273965.0638249455,17222.693198808003,0.23542035848508924
072 04 0 035.00,URBAN SERVICES DISTRICT,SINGLE FAMILY,2014,236857.72294876995,231008.33822409494,5849.384724675008,0.08253695624703739
084 05 0 090.00,URBAN SERVICES DISTRICT,SINGLE FAMILY,2013,241000.0,247552.61576313694,-6552.615763136942,-0.0841744306327781
115 10 0 041.00,URBAN SERVICES DISTRICT,SINGLE FAMILY,2015,363662.05799584,496896.3860580202,-133234.3280621802,-1.787067763884799
083 05 0 437.00,URBAN SERVICES DISTRICT,SINGLE FAMILY,2013,390000.0,421027.552224586,-31027.55222458602,-0.4131738211176761
044 15 0 177.00,GENERAL SERVICES DISTRICT,SINGLE FAMILY,2014,128908.85627872398,140316.04573830753,-11407.189459583547,-0.14943105712946603
118 13 0 065.00,URBAN SERVICES DISTRICT,SINGLE FAMILY,2015,479149.3331701945,482177.28452463646,-3027.9513544419315,-0.03679484115147346
086 06 0 007.00,GENERAL SERVICES DISTRICT,SINGLE FAMILY,2016,111621.97352577216,146385.10898241817,-34763.13545664601,-0.4633886442854162
117 10 0 032.00,URBAN SERVICES DISTRICT,SINGLE FAMILY,2016,703703.7461407376,510825.22428009164,192878.5218606459,2.596638360251569
102 07 0 020.00,URBAN SERVICES DISTRICT,SINGLE FAMILY,2016,186360.16449520222,187576.60529519658,-1216.440799994365,-0.012443976371540025
119 16 0 075.00,URBAN SERVICES DISTRICT,SINGLE FAMILY,2016,157629.6391355252,148552.0027413183,9077.6363942069,0.1259320773449315
104 14 0 316.00,URBAN SERVICES DISTRICT,SINGLE FAMILY,2013,770000.0,570300.2005354208,199699.7994645792,2.68833200683395
025 03 0 027.00,CITY OF GOODLETTSVILLE,SINGLE FAMILY,2015,184288.20506545942,178705.74807518316,5582.45699027626,0.07894883408545268
083 08 0 176.00,URBAN SERVICES DISTRICT,SINGLE FAMILY,2014,275530.37983238715,245235.6404108025,30294.739421584643,0.4111386998363745
127 00 0 183.00,GENERAL SERVICES DISTRICT,SINGLE FAMILY,2014,492018.53541497706,437639.6441740253,54378.89124095178,0.7348850466919938
094 01 0 257.00,URBAN SERVICES DISTRICT,SINGLE FAMILY,2015,113030.09910681512,152045.31472519657,-39015.21561838145,-0.5205463731198657
081 03 0 199.00,URBAN SERVICES DISTRICT,SINGLE FAMILY,2016,281481.498456295,158340.0854428886,123141.41301340639,1.6592113585079908
148 12 0 109.00,URBAN SERVICES DISTRICT,SINGLE FAMILY,2016,82503.19782339681,148681.6644875537,-66178.46666415689,-0.8856828894791519
083 04 0 185.00,URBAN SERVICES DISTRICT,SINGLE FAMILY,2015,196475.79836045514,151984.07493689668,44491.72342355846,0.6019787900948436
061 15 0 174.00,URBAN SERVICES DISTRICT,SINGLE FAMILY,2016,313512.1517289079,307007.8592717867,6504.292457121192,0.09134042117688604
061 06 0 056.00,URBAN SERVICES DISTRICT,SINGLE FAMILY,2015,363563.77095313836,268688.7253641738,94875.04558896454,1.2792464230111593
162 03 0 342.00,URBAN SERVICES DISTRICT,SINGLE FAMILY,2015,127674.8684693503,123902.25761308722,3772.6108562630834,0.054620342941066276
164 09 0 017.00,URBAN SERVICES DISTRICT,SINGLE FAMILY,2015,164139.36131163588,167017.4979335592,-2878.1366219233314,-0.034780986865808064
086 07 0 169.00,GENERAL SERVICES DISTRICT,SINGLE FAMILY,2013,125000.0,122062.54275742563,2937.457242574368,0.04339395915463092
146 04 0 033.00,URBAN SERVICES DISTRICT,SINGLE FAMILY,2015,150762.49479995106,271345.7115392146,-120583.21673926353,-1.6170077549139015
132 09 0 069.00,CITY OF OAK HILL,SINGLE FAMILY,2013,309500.0,491465.0312720207,-181965.03127202071,-2.442120400249795
072 13 0 432.00,URBAN SERVICES DISTRICT,SINGLE FAMILY,2016,344572.1791447749,303417.9488823642,41154.23026241071,0.557115212308047
103 06 0 045.00,URBAN SERVICES DISTRICT,SINGLE FAMILY,2013,206000.0,165348.1267440946,40651.873255905404,0.550362379702888
044 14 0 118.00,GENERAL SERVICES DISTRICT,SINGLE FAMILY,2013,41000.0,95251.84177334447,-54251.841773344466,-0.7253616430563129
071 12 0 070.00,URBAN SERVICES DISTRICT,SINGLE FAMILY,2014,53138.00182481752,99417.29026375258,-46279.288438935066,-0.6181922049758295
148 08 0 154.00,URBAN SERVICES DISTRICT,SINGLE FAMILY,2015,103201.39483665729,115119.61638570548,-11918.22154904819,-0.15630050278530724
082 03 0 236.00,URBAN SERVICES DISTRICT,SINGLE FAMILY,2013,105000.0,196325.91291692873,-91325.91291692873,-1.2237223570154783
161 02 0 038.00,URBAN SERVICES DISTRICT,SINGLE FAMILY,2015,116076.99743056405,166693.75976564686,-50616.76233508281,-0.6764978218392071
033 16 0 274.00,GENERAL SERVICES DISTRICT,ZERO LOT LINE,2015,94355.56099351523,115490.59569373129,-21135.034700216056,-0.28019565216490594
115 06 0 084.00,URBAN SERVICES DISTRICT,SINGLE FAMILY,2014,437896.49651932955,420485.51604768913,17410.980471640418,0.23795137212410322
146 12 0 150.00,URBAN SERVICES DISTRICT,SINGLE FAMILY,2015,211317.14180839347,301384.8416097409,-90067.69980134745,-1.2068090813149115
072 11 0 445.00,URBAN SERVICES DISTRICT,SINGLE FAMILY,2016,234891.45733249446,192871.51013652238,42019.94719597208,0.5687524373493773
061 07 0 166.00,URBAN SERVICES DISTRICT,SINGLE FAMILY,2016,208684.55920035666,154219.923514847,54464.63568550965,0.7360376490712254
042 07 0 091.00,GENERAL SERVICES DISTRICT,SINGLE FAMILY,2013,136000.0,154318.42036772904,-18318.420367729035,-0.24233388283697066
147 05 0 007.00,URBAN SERVICES DISTRICT,SINGLE FAMILY,2014,290290.93589483644,262124.31781872516,28166.618076111277,0.3825318584400155
058 11 0 114.00,URBAN SERVICES DISTRICT,SINGLE FAMILY,2013,100000.0,125034.82342398631,-25034.82342398631,-0.332617774492423
071 10 0 039.00,URBAN SERVICES DISTRICT,SINGLE FAMILY,2013,35000.0,83684.86734094466,-48684.867340944664,-0.6505287135412793
164 13 0 146.00,URBAN SERVICES DISTRICT,SINGLE FAMILY,2014,166056.25570255474,170883.81809869115,-4827.562396136404,-0.060985749134419835
136 15 0 066.00,URBAN SERVICES DISTRICT,SINGLE FAMILY,2015,137601.8597822097,138250.51682478588,-648.6570425761747,-0.0048116578806608875
098 00 0 040.01,GENERAL SERVICES DISTRICT,SINGLE FAMILY,2016,130063.86480394322,155277.48237462286,-25213.61757067965,-0.33502117870052095
133 01 0 054.00,URBAN SERVICES DISTRICT,SINGLE FAMILY,2014,216488.15558258988,204492.10602239895,11996.049560190935,0.1651622569331077
061 16 0 012.00,URBAN SERVICES DISTRICT,VACANT RESIDENTIAL LAND,2014,68882.59495809679,138522.52728833994,-69639.93233024316,-0.9322129426264015
091 15 0 083.00,URBAN SERVICES DISTRICT,DUPLEX,2013,253000.0,315416.66403034277,-62416.66403034277,-0.8351156172985378
162 01 0 097.00,URBAN SERVICES DISTRICT,SINGLE FAMILY,2015,135636.11892817816,136116.24991036832,-480.13098219016683,-0.002546280349031741
042 11 0 030.00,GENERAL SERVICES DISTRICT,OFFICE BLDG (ONE OR TWO STORIES),2016,218390.8177678151,224197.32624690735,-5806.508479092241,-0.0741450341490041
104 07 0 273.00,URBAN SERVICES DISTRICT,SINGLE FAMILY,2015,408874.097638566,299278.3586640419,109595.73897452408,1.4771263708914169
104 15 0 125.00,URBAN SERVICES DISTRICT,SINGLE FAMILY,2013,413500.0,617343.1926951215,-203843.1926951215,-2.7362131667200136
104 02 0 158.00,URBAN SERVICES DISTRICT,SINGLE FAMILY,2014,432976.31116517977,375398.9579006637,57577.353264516045,0.777879726490212
150 01 0 152.00,URBAN SERVICES DISTRICT,SINGLE FAMILY,2013,105000.0,113289.13406619661,-8289.13406619661,-0.10751722721868084
115 06 0 062.00,URBAN SERVICES DISTRICT,SINGLE FAMILY,2013,275000.0,497827.86580747523,-222827.86580747523,-2.9914108009348155
176 05 0 012.00,URBAN SERVICES DISTRICT,SINGLE FAMILY,2013,189900.0,226558.485321862,-36658.48532186201,-0.48886650206837284
016 00 0 216.00,GENERAL SERVICES DISTRICT,SINGLE FAMILY,2015,226060.19821363024,206783.93170683197,19276.266506798274,0.26302510294312054
105 07 0 504.00,URBAN SERVICES DISTRICT,SINGLE FAMILY,2014,276514.4169032171,236039.56373173665,40474.85317148044,0.5479828229685475
147 14 0 008.00,URBAN SERVICES DISTRICT,SINGLE FAMILY,2013,194000.0,170263.06276957516,23736.93723042484,0.32298676827935324
105 07 0 304.00,URBAN SERVICES DISTRICT,SINGLE FAMILY,2015,126303.76422366328,165119.99840998393,-38816.23418632065,-0.5178716054051904
096 11 0 104.00,URBAN SERVICES DISTRICT,SINGLE FAMILY,2013,105000.0,121214.96481467881,-16214.96481467881,-0.21405860637381674
082 03 0 111.00,URBAN SERVICES DISTRICT,SINGLE FAMILY,2016,164909.33306111905,200571.99241863852,-35662.65935751947,-0.47548031265726726
044 13 0 004.00,GENERAL SERVICES DISTRICT,SINGLE FAMILY,2016,138799.4975146558,133300.70510919654,5498.792405459273,0.07782418980074467
083 03 0 222.00,URBAN SERVICES DISTRICT,SINGLE FAMILY,2016,388153.2801126634,258063.2157921143,130090.0643205491,1.7526172003716836
044 15 0 144.00,GENERAL SERVICES DISTRICT,SINGLE FAMILY,2013,115750.0,165299.99138195915,-49549.991381959146,-0.6621579687442872
148 07 0 026.00,URBAN SERVICES DISTRICT,SINGLE FAMILY,2014,124972.70799540417,110623.11402458105,14349.593970823116,0.19679930235697482
096 11 0 165.00,URBAN SERVICES DISTRICT,SINGLE FAMILY,2013,130000.0,132697.02253075922,-2697.022530759219,-0.03234639727269207
149 13 0 044.00,URBAN SERVICES DISTRICT,SINGLE FAMILY,2014,113390.5916717356,117233.53959055642,-3842.9479188208206,-0.04775026787342971
053 09 0 011.00,GENERAL SERVICES DISTRICT,SINGLE FAMILY,2014,125956.74506623411,134675.19822782621,-8718.4531615921,-0.11328826245430333
059 11 0 138.00,URBAN SERVICES DISTRICT,SINGLE FAMILY,2013,120500.0,122824.59870405172,-2324.598704051721,-0.02734016519597902
095 04 0 145.00,URBAN SERVICES DISTRICT,SINGLE FAMILY,2015,231859.13373302337,249473.27847563074,-17614.144742607372,-0.23286679998005036
116 03 0 069.00,URBAN SERVICES DISTRICT,SINGLE FAMILY,2013,415000.0,396760.9484341299,18239.05156587012,0.24908255057307901
051 04 0 036.00,GENERAL SERVICES DISTRICT,SINGLE FAMILY,2014,81675.07687888619,116436.99913970135,-34761.92226081516,-0.46337233614547413
105 01 0 583.00,URBAN SERVICES DISTRICT,SINGLE FAMILY,2015,271272.2378563563,294957.2785248576,-23685.040668501286,-0.3144735924006299
131 03 0 204.00,URBAN SERVICES DISTRICT,SINGLE FAMILY,2014,531380.0182481752,571417.6396487707,-40037.621400595526,-0.5342898563647146
053 09 0 037.00,GENERAL SERVICES DISTRICT,SINGLE FAMILY,2014,126940.78213706407,149270.00050236954,-22329.218365305467,-0.29624822490846664
053 09 0 016.00,GENERAL SERVICES DISTRICT,SINGLE FAMILY,2014,129892.89334955394,142981.5426657887,-13088.649316234761,-0.1720337416689919
069 03 0 046.00,URBAN SERVICES DISTRICT,SINGLE FAMILY,2013,112400.0,159090.7761657213,-46690.7761657213,-0.6237235456401015
059 16 0 194.00,URBAN SERVICES DISTRICT,SINGLE FAMILY,2016,131034.49066068906,146475.1446958487,-15440.654035159634,-0.2036500900980359
103 08 0 096.00,URBAN SERVICES DISTRICT,SINGLE FAMILY,2013,465000.0,485145.1909711026,-20145.190971102624,-0.2668898777427101
072 11 0 173.00,URBAN SERVICES DISTRICT,SINGLE FAMILY,2015,120401.62730943349,136052.70838535158,-15651.08107591809,-0.20647871309610247
116 09 0 018.00,URBAN SERVICES DISTRICT,SINGLE FAMILY,2014,531380.0182481752,547035.2072859437,-15655.18903776852,-0.20653393354364297
094 05 0 104.00,URBAN SERVICES DISTRICT,SINGLE FAMILY,2015,93864.12578000734,174344.61645857166,-80480.49067856433,-1.0779349588911364
081 12 0 338.00,URBAN SERVICES DISTRICT,SINGLE FAMILY,2015,564167.6251070598,384515.0063984295,179652.61870863033,2.418851828201557
018 07 0 045.00,CITY OF GOODLETTSVILLE,SINGLE FAMILY,2014,139733.26405785346,134765.22014735703,4968.043910496432,0.0706897103458708
041 08 0 049.00,GENERAL SERVICES DISTRICT,SINGLE FAMILY,2014,108244.07779129494,111522.11286346549,-3278.035072170547,-0.04015654102074619
147 08 0 066.00,URBAN SERVICES DISTRICT,SINGLE FAMILY,2015,127773.15551205188,133856.55709423075,-6083.401582178878,-0.07786711376659433
142 02 0 044.00,GENERAL SERVICES DISTRICT,SINGLE FAMILY,2015,208368.53052734613,202952.86602254407,5415.664504802058,0.07670675978446695
044 15 0 065.00,GENERAL SERVICES DISTRICT,SINGLE FAMILY,2016,54355.04797776732,122895.08508891577,-68540.03711114846,-0.9174278232758614
044 13 0 020.00,GENERAL SERVICES DISTRICT,SINGLE FAMILY,2013,80000.0,111301.49548159831,-31301.495481598307,-0.4168562480251556
061 15 0 244.00,URBAN SERVICES DISTRICT,SINGLE FAMILY,2013,186000.0,162189.3511389476,23810.64886105241,0.32397762198744423
070 07 0 048.00,URBAN SERVICES DISTRICT,SINGLE FAMILY,2015,73715.28202618378,99928.66580477793,-26213.383778594158,-0.3484603340400808
043 09 0 088.00,GENERAL SERVICES DISTRICT,SINGLE FAMILY,2014,78722.96566639633,94447.1716841128,-15724.206017716482,-0.20746168035809348
072 13 0 287.00,URBAN SERVICES DISTRICT,SINGLE FAMILY,2014,177126.67274939173,155463.0275809929,21663.645168398827,0.29511695845254765
120 02 0 005.00,URBAN SERVICES DISTRICT,SINGLE FAMILY,2016,105798.21838529709,127515.4084142748,-21717.19002897771,-0.2880211576011223
163 12 0 002.00,URBAN SERVICES DISTRICT,SINGLE FAMILY,2015,132196.0724336229,149028.9587429201,-16832.886309297202,-0.2223648912713152
082 07 0 234.00,URBAN SERVICES DISTRICT,SINGLE FAMILY,2014,114148.30021627467,137390.23274657613,-23241.932530301463,-0.3085172007419114
043 11 0 154.00,GENERAL SERVICES DISTRICT,SINGLE FAMILY,2014,117100.41142876454,141659.45771735883,-24559.046288594298,-0.3262222364366991
118 10 0 136.00,URBAN SERVICES DISTRICT,SINGLE FAMILY,2016,465900.41123800556,424744.66281956923,41155.74841843633,0.5571356198138182
072 02 0 032.00,URBAN SERVICES DISTRICT,SINGLE FAMILY,2013,105000.0,174972.67218935242,-69972.67218935242,-0.936685730983152
081 15 0 257.00,URBAN SERVICES DISTRICT,SINGLE FAMILY,2016,119775.23072243726,128489.34555522901,-8714.114832791747,-0.11322994534556283
102 12 0 021.00,URBAN SERVICES DISTRICT,SINGLE FAMILY,2013,280000.0,340551.65244485514,-60551.652444855135,-0.8100455757137852
072 12 0 225.00,URBAN SERVICES DISTRICT,SINGLE FAMILY,2014,172108.08368815898,158336.3447744107,13771.738913748268,0.18903160245443604
094 01 0 128.00,URBAN SERVICES DISTRICT,SINGLE FAMILY,2013,129900.0,115466.36844616142,14433.631553838582,0.1979289605946361
131 03 0 110.00,URBAN SERVICES DISTRICT,SINGLE FAMILY,2013,585000.0,483482.71036524075,101517.28963475925,1.3685334471454405
087 02 0 082.00,GENERAL SERVICES DISTRICT,SINGLE FAMILY,2013,197000.0,180087.18876807866,16912.81123192134,0.23125483272821715
132 01 0 002.00,URBAN SERVICES DISTRICT,SINGLE FAMILY,2016,344572.1791447749,340631.2612151532,3940.9179296217044,0.05688277678380585
083 06 0 350.00,URBAN SERVICES DISTRICT,DORMITORY/BOARDING HOUSE,2013,315277.0,502003.2046666695,-186726.20466666948,-2.5061215120524616
073 16 0 077.00,URBAN SERVICES DISTRICT,SINGLE FAMILY,2015,281100.9421265141,264105.35085035535,16995.591276158753,0.2323675867548239
073 09 0 020.00,URBAN SERVICES DISTRICT,SINGLE FAMILY,2015,189595.70537134467,198578.8632593285,-8983.157887983834,-0.11684650227970698
118 04 0 031.00,URBAN SERVICES DISTRICT,SINGLE FAMILY,2013,160000.0,171220.4890415998,-11220.489041599794,-0.14692137446627787
130 11 0 018.00,CITY OF BELLE MEADE,SINGLE FAMILY,2016,775530.0595399301,581972.3751967218,193557.68434320833,2.6057678647614253
091 10 0 215.00,URBAN SERVICES DISTRICT,SINGLE FAMILY,2016,203831.4299166274,152898.8626741752,50932.567242452205,0.6885585323533042
081 07 0 187.00,URBAN SERVICES DISTRICT,SINGLE FAMILY,2016,155203.0744936606,139836.39378995472,15366.680703705875,0.21047128535540963
083 06 0 178.00,URBAN SERVICES DISTRICT,SINGLE FAMILY,2013,157500.0,277962.287277296,-120462.28727729601,-1.6153821850440206
033 15 0 072.00,GENERAL SERVICES DISTRICT,SINGLE FAMILY,2014,142685.37527034333,150307.4516068458,-7622.076336502476,-0.09855043840461025
072 04 0 186.00,URBAN SERVICES DISTRICT,SINGLE FAMILY,2015,225077.32778661445,180179.79919136717,44897.52859524728,0.6074337441598534
025 12 0 071.00,CITY OF GOODLETTSVILLE,SINGLE FAMILY,2014,174174.56153690186,144135.2297102063,30039.33182669556,0.4077054348235694
033 12 0 048.00,CITY OF GOODLETTSVILLE,SINGLE FAMILY,2014,117100.41142876454,132528.19497080805,-15427.783542043515,-0.20347708109361567
116 16 0 154.00,URBAN SERVICES DISTRICT,ZERO LOT LINE,2016,373690.9548471503,316225.8521470658,57465.102700084506,0.7763708209476896
087 13 0 035.00,GENERAL SERVICES DISTRICT,SINGLE FAMILY,2016,104342.27960017833,138850.78453286114,-34508.504932682816,-0.45996582489159704
096 05 0 181.00,URBAN SERVICES DISTRICT,SINGLE FAMILY,2013,99000.0,113937.7435949717,-14937.743594971704,-0.19688981807236852
120 09 0 058.00,URBAN SERVICES DISTRICT,SINGLE FAMILY,2015,143499.08234430442,150034.3263176014,-6535.24397329698,-0.08394091385621846
053 13 0 096.00,GENERAL SERVICES DISTRICT,ZERO LOT LINE,2015,94846.99620702313,102627.37263184022,-7780.376424817092,-0.10067835537188195
053 06 0 016.00,GENERAL SERVICES DISTRICT,SINGLE FAMILY,2015,178882.41771687262,163912.34676008052,14970.0709567921,0.20513993893085283
073 01 0 019.00,URBAN SERVICES DISTRICT,SINGLE FAMILY,2016,223243.94705154432,246496.05149864077,-23252.10444709644,-0.30865393467913255
117 07 0 085.00,URBAN SERVICES DISTRICT,SINGLE FAMILY,2013,385000.0,479300.81931125344,-94300.81931125344,-1.2637119354163902
071 09 0 136.00,URBAN SERVICES DISTRICT,SINGLE FAMILY,2014,41329.55697485807,83388.49158800003,-42058.934613141966,-0.5614609510049119
071 08 0 268.00,URBAN SERVICES DISTRICT,SINGLE FAMILY,2014,167286.3020410922,114214.77646817513,53071.52557291706,0.7173110477318004
147 09 0 072.00,URBAN SERVICES DISTRICT,SINGLE FAMILY,2015,244734.7363269301,295956.0184699641,-51221.28214303398,-0.6846239572702533
091 06 0 164.00,URBAN SERVICES DISTRICT,SINGLE FAMILY,2016,194125.171349169,147223.12343821095,46902.047910958034,0.6343790902334913
061 07 0 201.00,URBAN SERVICES DISTRICT,SINGLE FAMILY,2016,220332.0694813068,209462.11884199397,10869.950639312825,0.15002489961337948
150 03 0 089.00,URBAN SERVICES DISTRICT,SINGLE FAMILY,2014,142685.37527034333,139555.61117957113,3129.7640907721943,0.045979005123710864
118 01 0 380.00,URBAN SERVICES DISTRICT,SINGLE FAMILY,2016,300894.0155912119,402715.7926169548,-101821.77702574286,-1.364810890579243
091 07 0 374.00,URBAN SERVICES DISTRICT,SINGLE FAMILY,2013,247897.0,230943.17999939105,16953.820000608946,0.23180608481926998
094 01 0 012.00,URBAN SERVICES DISTRICT,SINGLE FAMILY,2014,218456.2297242498,178938.6458907778,39517.58383347199,0.5351149232201362
060 02 0 043.00,URBAN SERVICES DISTRICT,SINGLE FAMILY,2015,141533.34149027284,125271.77936002749,16261.562130245351,0.22250054820360876
150 14 0 060.00,URBAN SERVICES DISTRICT,SINGLE FAMILY,2016,137828.87165790997,140573.86234591977,-2744.9906880097988,-0.03299119953900161
133 14 0 093.00,URBAN SERVICES DISTRICT,SINGLE FAMILY,2016,281481.498456295,244051.43019240687,37430.068263888126,0.507053916765529
117 08 0 212.00,URBAN SERVICES DISTRICT,SINGLE FAMILY,2013,350000.0,400660.3221325452,-50660.322132545174,-0.6770833656193652
103 03 0 279.00,URBAN SERVICES DISTRICT,SINGLE FAMILY,2016,436781.6355356302,363240.38333636837,73541.25219926186,0.9924712138906627
072 07 0 216.00,URBAN SERVICES DISTRICT,SINGLE FAMILY,2016,349425.30842850416,194326.17303349162,155099.13539501253,2.0887965875195107
160 02 0 057.00,CITY OF OAK HILL,SINGLE FAMILY,2015,614294.0168848648,599797.4217803844,14496.595104480395,0.19877533540817444
132 11 0 012.00,CITY OF OAK HILL,SINGLE FAMILY,2013,372750.0,382998.0535665234,-10248.05356652342,-0.13384960698324688
060 13 0 212.00,URBAN SERVICES DISTRICT,SINGLE FAMILY,2016,132490.42944580782,140300.29490304008,-7809.865457232256,-0.10107475573459014
083 04 0 245.00,URBAN SERVICES DISTRICT,SINGLE FAMILY,2016,213537.68848408587,212024.94270609057,1512.7457779952965,0.02424256302325935
095 04 0 203.00,URBAN SERVICES DISTRICT,SINGLE FAMILY,2016,126084.29879128525,329457.7394701982,-203373.44067891297,-2.729898620112095
051 08 0 069.00,GENERAL SERVICES DISTRICT,SINGLE FAMILY,2013,46000.0,108029.62609519232,-62029.62609519232,-0.8299129380205098
071 11 0 139.00,URBAN SERVICES DISTRICT,SINGLE FAMILY,2014,142685.37527034333,98175.71805970372,44509.657210639605,0.6022198614058182
086 01 0 055.00,GENERAL SERVICES DISTRICT,SINGLE FAMILY,2016,193154.54549242315,168757.33950504588,24397.205987377267,0.33186229769842773
118 01 0 405.00,URBAN SERVICES DISTRICT,SINGLE FAMILY,2014,797757.8692847729,488054.8164883112,309703.0527964617,4.167028523760573
103 08 0 117.00,URBAN SERVICES DISTRICT,SINGLE FAMILY,2016,742528.7804105714,662696.1266078516,79832.65380271978,1.0770421093491107
072 09 0 396.00,URBAN SERVICES DISTRICT,SINGLE FAMILY,2013,213500.0,245734.04359095465,-32234.04359095465,-0.42939183765004957
162 02 0 060.00,URBAN SERVICES DISTRICT,SINGLE FAMILY,2015,147430.56405236755,135626.51728040734,11804.046771960217,0.1625812982287284
026 07 0 179.00,CITY OF GOODLETTSVILLE,SINGLE FAMILY,2013,148000.0,160412.47005407632,-12412.470054076315,-0.16294433849693213
061 15 0 340.00,URBAN SERVICES DISTRICT,SINGLE FAMILY,2016,242171.1512580883,250920.93123989424,-8749.779981805943,-0.11370936690834015
083 04 0 268.00,URBAN SERVICES DISTRICT,SINGLE FAMILY,2013,148500.0,186397.44942127302,-37897.44942127302,-0.505521026756555
150 01 0 014.00,URBAN SERVICES DISTRICT,SINGLE FAMILY,2016,150447.00779560595,159212.32130159065,-8765.313505984697,-0.11391817317000061
071 08 0 356.00,URBAN SERVICES DISTRICT,SINGLE FAMILY,2015,115487.27517435458,236903.1119462168,-121415.83677186223,-1.62820008154821
059 10 0 282.00,URBAN SERVICES DISTRICT,DUPLEX,2016,87356.32710712604,157243.60224085793,-69887.27513373189,-0.935537798309553
041 08 0 037.00,GENERAL SERVICES DISTRICT,DUPLEX,2015,152344.91618744648,175571.23255609313,-23226.316368646658,-0.3083072836426684
083 01 0 231.00,URBAN SERVICES DISTRICT,SINGLE FAMILY,2014,250929.45306163828,155709.37572863384,95220.07733300445,1.283884442548651
117 08 0 029.00,URBAN SERVICES DISTRICT,SINGLE FAMILY,2016,714380.6305649418,563024.786342293,151355.84422264877,2.0384781519209136
147 02 0 021.00,URBAN SERVICES DISTRICT,SINGLE FAMILY,2016,281481.498456295,259499.2471637792,21982.251292515808,0.2993997569310789
083 15 0 098.00,URBAN SERVICES DISTRICT,SINGLE FAMILY,2013,206000.0,193618.27895057888,12381.721049421118,0.1703465680378165
034 04 0 029.00,GENERAL SERVICES DISTRICT,SINGLE FAMILY,2013,225000.0,244272.42152128235,-19272.421521282347,-0.2551578506758782
081 06 0 066.00,URBAN SERVICES DISTRICT,SINGLE FAMILY,2015,73715.28202618378,119458.15814258836,-45742.876116404586,-0.6109815906627304
072 14 0 286.00,URBAN SERVICES DISTRICT,SINGLE FAMILY,2016,174712.65421425208,158418.1066049379,16294.547609314177,0.222943948844325
149 03 0 002.00,URBAN SERVICES DISTRICT,SINGLE FAMILY,2015,147430.56405236755,165981.75563170182,-18551.191579334263,-0.245462862839071
085 14 0 012.00,URBAN SERVICES DISTRICT,SINGLE FAMILY,2016,184418.91278171053,236530.4440075656,-52111.531225855055,-0.6965909507735546
081 15 0 055.00,URBAN SERVICES DISTRICT,SINGLE FAMILY,2013,23000.0,84321.6546396574,-61321.6546396574,-0.8203961747096601
083 03 0 082.00,URBAN SERVICES DISTRICT,SINGLE FAMILY,2013,124000.0,200539.34064113887,-76539.34064113887,-1.0249568454580387
016 00 0 110.00,GENERAL SERVICES DISTRICT,SINGLE FAMILY,2014,285370.75054068665,235690.29410051208,49680.456440174574,0.6717272857669134
072 13 0 347.00,URBAN SERVICES DISTRICT,SINGLE FAMILY,2014,334572.6040821844,290687.8650251274,43884.739057056955,0.5938195253332208
091 01 0 059.00,URBAN SERVICES DISTRICT,SINGLE FAMILY,2014,146129.50501824816,179930.25674531393,-33800.75172706577,-0.4504519953611912
094 01 0 236.00,URBAN SERVICES DISTRICT,SINGLE FAMILY,2013,140000.0,194450.5720884606,-54450.57208846061,-0.7280330351821748
130 06 0 007.00,URBAN SERVICES DISTRICT,DUPLEX,2013,355000.0,361829.3362228684,-6829.336222868413,-0.08789418952693313
118 10 0 066.00,URBAN SERVICES DISTRICT,SINGLE FAMILY,2015,373490.76226599776,387278.60135936603,-13787.839093368268,-0.18143245904145677
175 08 0 038.00,URBAN SERVICES DISTRICT,SINGLE FAMILY,2015,147332.27700966597,141344.23816110624,5988.038848559721,0.0844007863051109
072 08 0 100.00,URBAN SERVICES DISTRICT,SINGLE FAMILY,2016,135887.6199444183,169304.19082466076,-33416.57088024248,-0.44528772191599053
096 06 0 144.00,URBAN SERVICES DISTRICT,SINGLE FAMILY,2014,123004.63385374426,115472.55475401563,7532.0790997286385,0.10515623555086744
087 13 0 018.00,GENERAL SERVICES DISTRICT,SINGLE FAMILY,2015,108115.7469717362,124403.71653059706,-16287.96955886086,-0.2150399579036249
103 13 0 039.00,URBAN SERVICES DISTRICT,SINGLE FAMILY,2014,455609.16379426874,565756.0923636315,-110146.92856936273,-1.4767200588771687
172 08 0 012.00,URBAN SERVICES DISTRICT,SINGLE FAMILY,2013,164500.0,173503.81811227245,-9003.818112272449,-0.11712422317221848
148 02 0 040.00,URBAN SERVICES DISTRICT,SINGLE FAMILY,2016,126181.36137695983,145851.5537539297,-19670.192376969877,-0.26050480507063156
146 11 0 107.00,URBAN SERVICES DISTRICT,SINGLE FAMILY,2016,343153.1241422125,289525.01921172073,53628.10493049177,0.7247927533405967
133 07 0 293.00,URBAN SERVICES DISTRICT,SINGLE FAMILY,2016,182477.66106821885,167612.11160516733,14865.549463051517,0.20373492986014952
132 01 0 102.00,CITY OF OAK HILL,SINGLE FAMILY,2013,295000.0,483123.53333343903,-188123.53333343903,-2.5249048204544415
083 13 0 360.00,URBAN SERVICES DISTRICT,VACANT RESIDENTIAL LAND,2014,66914.52081643688,121418.45781632383,-54503.93699988695,-0.7287503822265767
149 09 0 077.00,URBAN SERVICES DISTRICT,SINGLE FAMILY,2014,110212.15193295486,110759.30042468963,-547.1484917347698,-0.0034471496863932314
161 05 0 027.00,URBAN SERVICES DISTRICT,SINGLE FAMILY,2014,295211.1212489862,306464.54300416005,-11253.421755173826,-0.14736406581748673
091 11 0 226.00,URBAN SERVICES DISTRICT,SINGLE FAMILY,2013,285500.0,278888.24080956646,6611.759190433542,0.09278502103571946
103 06 0 095.00,URBAN SERVICES DISTRICT,DUPLEX,2014,214520.08144093,267286.59595092153,-52766.51450999154,-0.7053954312917419
083 13 0 215.00,URBAN SERVICES DISTRICT,SINGLE FAMILY,2015,396096.7820873608,387357.1780788539,8739.604008506925,0.12138814526835102
144 16 0 014.00,CITY OF FOREST HILLS,SINGLE FAMILY,2013,320000.0,482051.1829671241,-162051.1829671241,-2.174432516163178
083 06 0 298.00,URBAN SERVICES DISTRICT,SINGLE FAMILY,2016,458135.4043840388,416676.88761033124,41458.51677370758,0.5612055222831976
075 08 0 090.00,GENERAL SERVICES DISTRICT,SINGLE FAMILY,2014,132788.9144490065,150004.50796226235,-17215.59351325585,-0.2275093555699212
083 04 0 281.00,URBAN SERVICES DISTRICT,DUPLEX,2013,92000.0,135511.25584058498,-43511.255840584985,-0.5809834857975822
108 08 0 224.00,GENERAL SERVICES DISTRICT,ZERO LOT LINE,2015,83543.98629634161,101426.54541599746,-17882.559119655853,-0.2364749060352154
095 04 0 202.00,URBAN SERVICES DISTRICT,SINGLE FAMILY,2016,383397.21341460873,238310.51035696312,145086.70305764562,1.9542064879107306
118 14 0 125.00,CITY OF OAK HILL,SINGLE FAMILY,2015,516006.9741832864,445798.8768076002,70208.09737568622,0.9476659533305193
133 07 0 237.00,URBAN SERVICES DISTRICT,SINGLE FAMILY,2015,88458.33843142053,171789.81210785193,-83331.4736764314,-1.1162587220624318
084 10 0 027.00,URBAN SERVICES DISTRICT,SINGLE FAMILY,2016,97062.5856745845,165920.04212319994,-68857.45644861544,-0.9216946686145305
131 06 0 039.00,URBAN SERVICES DISTRICT,SINGLE FAMILY,2014,600262.613206272,625392.6368126099,-25130.02360633784,-0.33389748371728817
091 15 0 117.00,URBAN SERVICES DISTRICT,SINGLE FAMILY,2016,247618.30356614597,254770.31719128057,-7152.0136251345975,-0.09223171533975968
132 09 0 012.00,URBAN SERVICES DISTRICT,SINGLE FAMILY,2014,355729.4011050284,333904.9510447756,21824.4500602528,0.2972785457355332
083 13 0 484.00,URBAN SERVICES DISTRICT,SINGLE FAMILY,2013,356000.0,388063.62697620696,-32063.626976206957,-0.4271010467232252
082 03 0 406.00,URBAN SERVICES DISTRICT,SINGLE FAMILY,2013,107000.0,194820.9967783693,-87820.9967783693,-1.176608229667159
133 03 0 036.00,URBAN SERVICES DISTRICT,SINGLE FAMILY,2013,73000.0,123518.70036540338,-50518.700365403376,-0.6751796436161462
150 01 0 314.00,URBAN SERVICES DISTRICT,SINGLE FAMILY,2013,100000.0,132954.17607102983,-32954.176071029826,-0.4390720730772709
129 12 0 129.00,URBAN SERVICES DISTRICT,DUPLEX,2016,509578.57479156856,491910.9160898983,17667.65870167024,0.24140171739317337
129 11 0 071.00,URBAN SERVICES DISTRICT,SINGLE FAMILY,2014,319812.0480197351,356779.2246018828,-36967.17658214772,-0.4930160219922337
116 13 0 065.00,URBAN SERVICES DISTRICT,SINGLE FAMILY,2013,307400.0,328564.6169727104,-21164.616972710413,-0.28059330588854814
061 06 0 052.00,URBAN SERVICES DISTRICT,SINGLE FAMILY,2016,111621.97352577216,163593.53152085646,-51971.557995084295,-0.694709388887569
071 15 0 360.00,URBAN SERVICES DISTRICT,SINGLE FAMILY,2016,165006.39564679362,160969.06084238458,4037.334804409038,0.05817884115101905
081 06 0 374.00,URBAN SERVICES DISTRICT,SINGLE FAMILY,2016,82503.19782339681,151823.76605288524,-69320.56822948843,-0.9279199551999965
071 16 0 241.00,URBAN SERVICES DISTRICT,SINGLE FAMILY,2013,210500.0,186969.84024787482,23530.159752125182,0.3202072037875824
117 04 0 203.00,URBAN SERVICES DISTRICT,SINGLE FAMILY,2016,466385.7241663785,362345.1891688036,104040.53499757487,1.4024516633466455
076 01 0 124.00,GENERAL SERVICES DISTRICT,ZERO LOT LINE,2014,100371.78122465531,99148.2810609606,1223.5001636947127,0.0203544372683585
044 11 0 095.00,GENERAL SERVICES DISTRICT,SINGLE FAMILY,2015,73715.28202618378,126363.9006782303,-52648.61865204653,-0.7038106400312742
117 06 0 014.00,URBAN SERVICES DISTRICT,SINGLE FAMILY,2014,836431.510205461,662601.0301599794,173830.48004548158,2.340588905047023
147 14 0 074.00,URBAN SERVICES DISTRICT,SINGLE FAMILY,2013,199900.0,178361.00484202558,21538.995157974423,0.293441375861428
148 05 0 201.00,URBAN SERVICES DISTRICT,SINGLE FAMILY,2014,124972.70799540417,136084.08626956504,-11111.378274160874,-0.14545467501072312
083 02 0 291.00,URBAN SERVICES DISTRICT,SINGLE FAMILY,2013,189000.0,176034.48076853954,12965.519231460465,0.17819415719743162
063 00 0 069.00,GENERAL SERVICES DISTRICT,SINGLE FAMILY,2015,225961.91117092865,312139.6248417789,-86177.71367085024,-1.1545187283677594
106 13 0 211.00,URBAN SERVICES DISTRICT,SINGLE FAMILY,2016,436781.6355356302,198087.99331013556,238693.64222549467,3.212498863046723
103 14 0 085.00,URBAN SERVICES DISTRICT,SINGLE FAMILY,2014,732123.5806974858,621731.4861746663,110392.0945228195,1.487831219519365
080 08 0 325.00,URBAN SERVICES DISTRICT,SINGLE FAMILY,2014,42313.59404568803,92011.2180597285,-49697.62401404048,-0.6641424905855163
043 10 0 093.00,GENERAL SERVICES DISTRICT,SINGLE FAMILY,2013,103000.0,133660.49514640792,-30660.49514640792,-0.40823973047421414
071 02 0 051.00,URBAN SERVICES DISTRICT,SINGLE FAMILY,2013,46000.0,112828.5352611857,-66828.5352611857,-0.8944213053084523
063 04 0 050.00,GENERAL SERVICES DISTRICT,SINGLE FAMILY,2014,157445.93133279265,242361.4506303642,-84915.51929757156,-1.1375519354146404
071 11 0 258.00,URBAN SERVICES DISTRICT,SINGLE FAMILY,2016,203831.4299166274,171761.1623298134,32070.267586814007,0.43500587861615736
150 11 0 062.00,URBAN SERVICES DISTRICT,SINGLE FAMILY,2016,147535.13022536843,157036.48344721907,-9501.353221850644,-0.12381223840175308
159 00 0 194.00,CITY OF FOREST HILLS,SINGLE FAMILY,2013,650000.0,674768.0503012744,-24768.0503012744,-0.3290317306672137
072 11 0 171.00,URBAN SERVICES DISTRICT,SINGLE FAMILY,2014,83643.1510205461,110896.73030744931,-27253.579286903216,-0.362442952085192
150 07 0 364.00,URBAN SERVICES DISTRICT,SINGLE FAMILY,2016,157241.38879282688,151931.73674858036,5309.652044246526,0.0752817086934657
097 08 0 080.00,GENERAL SERVICES DISTRICT,SINGLE FAMILY,2016,247509.59347019045,244140.45232416055,3369.1411460298987,0.04919678284500966
108 04 0 187.00,GENERAL SERVICES DISTRICT,SINGLE FAMILY,2013,180000.0,197446.8976990268,-17446.8976990268,-0.23061861537352119
083 13 0 460.00,URBAN SERVICES DISTRICT,SINGLE FAMILY,2014,226328.52629088942,251259.9826397242,-24931.456348834792,-0.3312282834604597
131 07 0 107.00,URBAN SERVICES DISTRICT,SINGLE FAMILY,2014,361141.60499459313,346198.96314971265,14942.641844880476,0.20477122863349698
095 14 0 038.00,URBAN SERVICES DISTRICT,SINGLE FAMILY,2016,140740.7492281475,159307.8911242581,-18567.14189611061,-0.2456772717510502
103 02 0 098.00,URBAN SERVICES DISTRICT,SINGLE FAMILY,2014,186967.04345769127,161493.40420402357,25473.6392536677,0.3463320344867149
130 16 0 050.00,CITY OF FOREST HILLS,SINGLE FAMILY,2015,417719.9314817081,534893.6205154442,-117173.68903373613,-1.5711758673122012
132 05 0 071.00,URBAN SERVICES DISTRICT,SINGLE FAMILY,2015,380862.2904686162,479236.99017192196,-98374.69970330579,-1.318474249835663
103 10 0 076.00,URBAN SERVICES DISTRICT,SINGLE FAMILY,2014,298330.51876351715,280096.49156028894,18234.02720322821,0.2490150115929731
161 04 0 038.00,URBAN SERVICES DISTRICT,SINGLE FAMILY,2013,158000.0,160646.19631919585,-2646.1963191958494,-0.03166317618848848
075 06 0 117.00,GENERAL SERVICES DISTRICT,SINGLE FAMILY,2013,119800.0,146559.04083430767,-26759.04083430767,-0.3557952188119492
073 11 0 094.00,URBAN SERVICES DISTRICT,DUPLEX,2014,103323.89243714517,147035.89052065034,-43711.99808350517,-0.5836819228566258
061 15 0 367.00,URBAN SERVICES DISTRICT,SINGLE FAMILY,2015,230974.55034870916,229179.82623492597,1794.724113783188,0.02803299985443507
083 13 0 228.00,URBAN SERVICES DISTRICT,SINGLE FAMILY,2015,319924.3239936376,238198.87686497724,81725.44712866034,1.1024856013691695
095 07 0 052.00,URBAN SERVICES DISTRICT,SINGLE FAMILY,2015,230974.55034870916,264206.7269288492,-33232.17658014002,-0.4428090387766837
149 10 0 074.00,URBAN SERVICES DISTRICT,SINGLE FAMILY,2015,157160.9812798238,174388.69298370887,-17227.711703885056,-0.2276722519000942
081 02 0 096.00,URBAN SERVICES DISTRICT,SINGLE FAMILY,2016,131034.49066068906,119003.14989729467,12031.340763394386,0.16563665180484527
064 02 0 008.00,GENERAL SERVICES DISTRICT,SINGLE FAMILY,2014,212552.00729927007,242354.840556208,-29802.833256937913,-0.3967107837363049
147 01 0 034.00,URBAN SERVICES DISTRICT,SINGLE FAMILY,2016,208684.55920035666,257604.1704101259,-48919.61120976924,-0.6536842105896576
043 10 0 013.00,GENERAL SERVICES DISTRICT,SINGLE FAMILY,2014,39361.48283319816,119123.17631329062,-79761.69348009245,-1.0682726727171972
081 08 0 280.00,URBAN SERVICES DISTRICT,SINGLE FAMILY,2014,232862.53244120034,188662.4329184232,44200.099522777135,0.5980586947042382
091 10 0 258.00,URBAN SERVICES DISTRICT,SINGLE FAMILY,2016,244597.71589995292,200536.7207086968,44060.99519125611,0.5961888128209364
042 04 0 044.00,GENERAL SERVICES DISTRICT,SINGLE FAMILY,2015,88654.91251682368,146769.41061482098,-58114.498097997304,-0.7772846206078624
083 11 0 035.00,URBAN SERVICES DISTRICT,SINGLE FAMILY,2016,422222.24768444255,327337.8873901599,94884.36029428267,1.2793716340562233
148 12 0 265.00,URBAN SERVICES DISTRICT,SINGLE FAMILY,2015,130230.33157959134,127702.31133186058,2528.020247730761,0.03789018504033687
033 16 0 065.00,GENERAL SERVICES DISTRICT,SINGLE FAMILY,2013,105900.0,138208.6027388449,-32308.6027388449,-0.4303940839377816
083 06 0 405.00,URBAN SERVICES DISTRICT,SINGLE FAMILY,2013,154000.0,194474.62764314373,-40474.62764314373,-0.54016422452346
098 01 0 035.00,GENERAL SERVICES DISTRICT,SINGLE FAMILY,2014,177028.26904230873,218060.88148059903,-41032.61243829029,-0.5476648224429772
072 09 0 368.00,URBAN SERVICES DISTRICT,SINGLE FAMILY,2015,230974.55034870916,184857.1335757908,46117.41677291837,0.623831844622573
082 07 0 488.00,URBAN SERVICES DISTRICT,SINGLE FAMILY,2015,123841.67380398874,132965.92500681218,-9124.251202823434,-0.11874312066957854
071 14 0 397.00,URBAN SERVICES DISTRICT,ZERO LOT LINE,2013,150000.0,82434.1881026284,67565.8118973716,0.9121475644177687
117 02 0 118.00,URBAN SERVICES DISTRICT,SINGLE FAMILY,2014,767548.9152473642,625865.4642057373,141683.45104162686,1.9084589599978274
053 14 0 131.00,GENERAL SERVICES DISTRICT,SINGLE FAMILY,2014,88464.93266761287,98848.7234103442,-10383.790742731333,-0.13567422656127462
043 14 0 084.00,GENERAL SERVICES DISTRICT,SINGLE FAMILY,2015,226060.19821363024,171617.0660084559,54443.132205174334,0.7357485928796079
162 13 0 154.00,URBAN SERVICES DISTRICT,SINGLE FAMILY,2015,162173.6204576043,149212.69626338079,12960.92419422351,0.1781323893373763
104 12 0 198.00,URBAN SERVICES DISTRICT,SINGLE FAMILY,2016,582375.514047507,505126.8889153695,77248.62513213744,1.0423068258088994
091 07 0 361.00,URBAN SERVICES DISTRICT,VACANT RESIDENTIAL LAND,2013,251115.0,172144.0179973554,78970.9820026446,1.065459260197723
120 13 0 090.00,URBAN SERVICES DISTRICT,ZERO LOT LINE,2013,52125.0,75186.21423923246,-23061.21423923246,-0.30608793161163916
096 10 0 151.00,URBAN SERVICES DISTRICT,SINGLE FAMILY,2015,106150.00611770463,130085.59628409597,-23935.59016639134,-0.31784155342565495
058 11 0 044.00,URBAN SERVICES DISTRICT,SINGLE FAMILY,2015,66835.18903707329,118912.53999036123,-52077.35095328794,-0.6961314893625351
052 09 0 169.00,URBAN SERVICES DISTRICT,VACANT RESIDENTIAL LAND,2015,78629.63416126269,139627.94470849755,-60998.31054723487,-0.81604968704905
115 06 0 018.00,URBAN SERVICES DISTRICT,SINGLE FAMILY,2015,452120.3964272605,412536.8829804111,39583.51344684936,0.5360011687329787
082 03 0 158.00,URBAN SERVICES DISTRICT,SINGLE FAMILY,2014,174174.56153690186,157472.43147921519,16702.130057686678,0.22842279359222087
070 06 0 085.00,URBAN SERVICES DISTRICT,SINGLE FAMILY,2015,41280.55793466292,112207.33697218241,-70926.7790375195,-0.9495111196005593
071 04 0 228.00,URBAN SERVICES DISTRICT,SINGLE FAMILY,2014,111688.2075391998,120641.19703187994,-8952.98949268015,-0.11644096971857232
098 05 0 190.00,GENERAL SERVICES DISTRICT,ZERO LOT LINE,2015,98287.04270157836,115393.06733386764,-17106.024632289278,-0.22603649801579045
104 05 0 184.00,URBAN SERVICES DISTRICT,SINGLE FAMILY,2013,506000.0,545181.7200439775,-39181.72004397749,-0.5227845752341151
105 07 0 210.00,URBAN SERVICES DISTRICT,SINGLE FAMILY,2016,427075.37696817174,339842.5531440082,87232.82382416353,1.1765174003421832
043 13 0 107.00,GENERAL SERVICES DISTRICT,SINGLE FAMILY,2016,59499.36501852029,113516.99361442609,-54017.62859590579,-0.7222132797197124
117 16 0 022.00,URBAN SERVICES DISTRICT,SINGLE FAMILY,2015,570064.8476691545,490298.83411987685,79766.01354927768,1.0761463112007172
102 08 0 087.00,URBAN SERVICES DISTRICT,SINGLE FAMILY,2016,305747.14487494115,312490.4625010196,-6743.3176260784385,-0.08673790191168872
084 05 0 024.00,URBAN SERVICES DISTRICT,SINGLE FAMILY,2016,287305.2535967701,225324.92500414525,61980.328592624865,0.8370658331242179
026 03 0 007.00,CITY OF GOODLETTSVILLE,SINGLE FAMILY,2013,145000.0,149933.73255864045,-4933.732558640448,-0.062412920102014866
130 15 0 005.00,CITY OF FOREST HILLS,SINGLE FAMILY,2014,734091.6548391457,645018.5450018446,89073.10983730108,1.2012550734141356
051 12 0 026.00,GENERAL SERVICES DISTRICT,SINGLE FAMILY,2016,175197.967142625,146087.40031851307,29110.566824111942,0.39522069884744077
060 01 0 033.00,URBAN SERVICES DISTRICT,SINGLE FAMILY,2014,62978.37253311706,99395.47207657463,-36417.099543457574,-0.48562172249185087
084 06 0 014.00,URBAN SERVICES DISTRICT,SINGLE FAMILY,2014,212552.00729927007,229140.921122081,-16588.913822810922,-0.21908534039380828
081 07 0 420.00,URBAN SERVICES DISTRICT,SINGLE FAMILY,2015,57006.48476691545,119895.23343088034,-62888.74866396489,-0.8414615196449485
104 10 0 036.00,URBAN SERVICES DISTRICT,RESIDENTIAL COMBO/MISC,2016,727969.3925593836,524551.7130303677,203417.6795290159,2.738308858746202
116 14 0 015.00,CITY OF BELLE MEADE,SINGLE FAMILY,2015,574979.1998042334,540336.8736257721,34642.32617846131,0.46958025678773235
072 14 0 395.00,URBAN SERVICES DISTRICT,SINGLE FAMILY,2015,177899.54728985683,124461.15844532425,53438.38884453257,0.7222425331696856
072 11 0 190.00,URBAN SERVICES DISTRICT,DUPLEX,2016,155300.1370793352,156826.78058687848,-1526.6435075432819,-0.016613813619988444
150 03 0 464.00,URBAN SERVICES DISTRICT,SINGLE FAMILY,2015,115880.42334516089,133316.06655500075,-17435.643209839865,-0.23046732917555485
104 05 0 043.00,URBAN SERVICES DISTRICT,SINGLE FAMILY,2015,309604.1845099718,306202.02816992573,3402.1563400460873,0.04964058292290468
072 11 0 146.00,URBAN SERVICES DISTRICT,SINGLE FAMILY,2013,254350.0,192290.2085684207,62059.7914315793,0.8381339962887429
142 06 0 001.00,GENERAL SERVICES DISTRICT,SINGLE FAMILY,2016,213537.68848408587,194309.1188165785,19228.56966750737,0.26238394781368923
147 08 0 108.00,URBAN SERVICES DISTRICT,SINGLE FAMILY,2014,71834.70617058665,159826.0518529444,-87991.34568235774,-1.178898110405777
081 08 0 294.00,URBAN SERVICES DISTRICT,SINGLE FAMILY,2014,152525.74597864287,143177.3676239231,9348.378354719753,0.1295714714707433
082 16 0 239.00,URBAN SERVICES DISTRICT,STRIP SHOPPING CENTER,2013,424900.0,386115.69733200356,38784.30266799644,0.5252579392448966
133 16 0 135.00,URBAN SERVICES DISTRICT,SINGLE FAMILY,2014,98403.7070829954,102452.89697383993,-4049.189890844529,-0.05052263393023564
117 12 0 112.00,URBAN SERVICES DISTRICT,SINGLE FAMILY,2016,749808.4743361652,571799.1966465213,178009.2776896439,2.3967615484389535
142 02 0 205.00,GENERAL SERVICES DISTRICT,SINGLE FAMILY,2015,211317.14180839347,215749.37411598914,-4432.2323075956665,-0.055671604259105924
161 04 0 124.00,URBAN SERVICES DISTRICT,SINGLE FAMILY,2015,63886.57775602594,127025.2267384262,-63138.64898240026,-0.8448207542062606
083 03 0 072.00,URBAN SERVICES DISTRICT,SINGLE FAMILY,2014,425596.03313395515,347788.9351092163,77807.09802473884,1.0498139848798782
115 13 0 055.00,URBAN SERVICES DISTRICT,SINGLE FAMILY,2014,205663.7478034604,340037.50248717907,-134373.75468371867,-1.8023842761290243
105 04 0 146.00,URBAN SERVICES DISTRICT,SINGLE FAMILY,2014,235184.85992835902,204286.0242980182,30898.83563034082,0.419259141120791
091 15 0 237.00,URBAN SERVICES DISTRICT,SINGLE FAMILY,2014,570741.5010813733,505782.5604927391,64958.94058863423,0.8771052233274015
119 02 0 135.00,URBAN SERVICES DISTRICT,SINGLE FAMILY,2016,165006.39564679362,132314.78817939674,32691.607467396883,0.44335811447661455
081 11 0 247.00,URBAN SERVICES DISTRICT,SINGLE FAMILY,2016,66973.1841154633,166430.61813540352,-99457.43401994022,-1.3330286872206547
147 15 0 075.00,URBAN SERVICES DISTRICT,SINGLE FAMILY,2013,180000.0,168783.95173724034,11216.048262759665,0.15467724701953656
162 01 0 044.00,URBAN SERVICES DISTRICT,DUPLEX,2016,135887.6199444183,193125.7281074853,-57238.10816306702,-0.7655039259011236
072 14 0 084.00,URBAN SERVICES DISTRICT,SINGLE FAMILY,2015,226060.19821363024,219604.73871512094,6455.459498509299,0.0906839939929302
053 13 0 042.00,GENERAL SERVICES DISTRICT,SINGLE FAMILY,2015,123841.67380398874,144331.43145107402,-20489.75764708528,-0.2715216456967663
129 05 0 021.00,URBAN SERVICES DISTRICT,SINGLE FAMILY,2013,372000.0,395975.5710596923,-23975.5710596923,-0.31837898850941
075 09 0 011.00,GENERAL SERVICES DISTRICT,SINGLE FAMILY,2015,157160.9812798238,142624.1711773288,14536.810102495016,0.19931591739726362
150 03 0 398.00,URBAN SERVICES DISTRICT,SINGLE FAMILY,2015,139567.6006362413,152208.23654007746,-12640.63590383617,-0.16601141185251364
073 07 0 038.00,URBAN SERVICES DISTRICT,SINGLE FAMILY,2014,127924.81920789403,161405.960607607,-33481.14139971297,-0.4461556980834689
071 11 0 104.00,URBAN SERVICES DISTRICT,SINGLE FAMILY,2016,83473.82368014265,124961.50819562442,-41487.68451548177,-0.5537820369353832
082 04 0 036.00,URBAN SERVICES DISTRICT,SINGLE FAMILY,2013,170000.0,181997.77549806822,-11997.775498068222,-0.15736989067848864
092 02 0 285.00,URBAN SERVICES DISTRICT,SINGLE FAMILY,2016,48531.29283729225,117923.84047505182,-69392.54763775958,-0.9288875238588966
105 09 0 176.00,URBAN SERVICES DISTRICT,SINGLE FAMILY,2015,567607.671601615,478745.744206661,88861.92739495402,1.1984162960827733
075 04 0 053.00,GENERAL SERVICES DISTRICT,SINGLE FAMILY,2015,170036.58387373056,158032.59204294914,12003.991830781422,0.16526901930151883
133 12 0 072.00,URBAN SERVICES DISTRICT,SINGLE FAMILY,2013,104000.0,109661.31557116992,-5661.315571169922,-0.07219330780706186
162 13 0 199.00,URBAN SERVICES DISTRICT,SINGLE FAMILY,2016,140740.7492281475,176619.04466135352,-35878.29543320602,-0.4783789570553508
069 04 0 014.00,URBAN SERVICES DISTRICT,SINGLE FAMILY,2015,82069.68065581794,127331.1443367883,-45261.463680970366,-0.6045103012242804
053 03 0 199.00,GENERAL SERVICES DISTRICT,SINGLE FAMILY,2015,245619.31971124434,212253.59157916464,33365.728132079705,0.45241984536785756
118 13 0 079.00,URBAN SERVICES DISTRICT,SINGLE FAMILY,2016,650222.2614340415,512339.78630965215,137882.4751243894,1.8573651088661354
162 10 0 179.00,URBAN SERVICES DISTRICT,SINGLE FAMILY,2013,130000.0,113397.40209364101,16602.59790635899,0.22708485274926757
072 03 0 031.00,URBAN SERVICES DISTRICT,SINGLE FAMILY,2015,245717.6067539459,246422.26734753163,-704.6605935857224,-0.005564474304766946
096 16 0 037.00,URBAN SERVICES DISTRICT,SINGLE FAMILY,2016,146564.50436862258,155165.47900635662,-8600.974637734034,-0.11170908112301578
072 03 0 259.00,URBAN SERVICES DISTRICT,SINGLE FAMILY,2016,218390.8177678151,176776.24038349203,41614.577384323085,0.5633033355237784
081 15 0 099.00,URBAN SERVICES DISTRICT,SINGLE FAMILY,2015,39314.81708063134,109106.07098690509,-69791.25390627375,-0.9342470523516584
070 02 0 017.00,URBAN SERVICES DISTRICT,SINGLE FAMILY,2016,164035.76979004778,211147.47735942525,-47111.70756937747,-0.6293818310234758
052 01 0 297.00,GENERAL SERVICES DISTRICT,SINGLE FAMILY,2015,64869.44818304172,101009.32140042618,-36139.87321738446,-0.4818951635915618
132 01 0 126.00,CITY OF OAK HILL,SINGLE FAMILY,2014,313415.80705934035,418646.7262232749,-105230.91916393454,-1.4106375952699008
071 15 0 133.00,URBAN SERVICES DISTRICT,SINGLE FAMILY,2016,189272.04206543975,233456.92562049942,-44184.88355505967,-0.5900385903052072
083 09 0 470.00,URBAN SERVICES DISTRICT,SINGLE FAMILY,2013,365000.0,363726.8474003529,1273.1525996471173,0.021021880110964532
053 09 0 096.00,GENERAL SERVICES DISTRICT,ZERO LOT LINE,2015,127281.72029854398,108311.9105378858,18969.809760658187,0.25890562002438516
117 04 0 101.00,URBAN SERVICES DISTRICT,SINGLE FAMILY,2013,615000.0,523275.7929253453,91724.2070746547,1.2368919126181668
072 08 0 251.00,URBAN SERVICES DISTRICT,SINGLE FAMILY,2015,208368.53052734613,219914.1474299144,-11545.616902568261,-0.15129184007532123
094 02 0 005.00,URBAN SERVICES DISTRICT,SINGLE FAMILY,2015,412707.29230392753,285818.98840727,126888.30389665754,1.7095781824932026
117 08 0 197.00,URBAN SERVICES DISTRICT,DUPLEX,2015,422634.28361678694,448692.6970444396,-26058.413427652675,-0.34637717639498183
044 15 0 034.00,GENERAL SERVICES DISTRICT,SINGLE FAMILY,2016,135887.6199444183,123199.68910734795,12687.930837070337,0.17446273126691356
094 05 0 129.00,URBAN SERVICES DISTRICT,SINGLE FAMILY,2015,462453.3132264774,333961.60309079307,128491.71013568435,1.7311316470413296
053 16 0 302.00,GENERAL SERVICES DISTRICT,SINGLE FAMILY,2015,170528.01908723847,162080.81424222322,8447.20484501525,0.117457628565332
061 08 0 140.00,URBAN SERVICES DISTRICT,SINGLE FAMILY,2015,255448.02398140216,296962.457284032,-41514.433302629855,-0.5541416021045019
083 16 0 034.00,URBAN SERVICES DISTRICT,SINGLE FAMILY,2016,286334.62774002424,287582.5891984199,-1247.9614583956427,-0.012867686456264349
104 01 0 262.00,URBAN SERVICES DISTRICT,SINGLE FAMILY,2014,142685.37527034333,285703.01888962655,-143017.64361928322,-1.9185780074467447
081 12 0 288.00,URBAN SERVICES DISTRICT,DUPLEX,2015,221145.84607855132,235216.2682613997,-14070.422182848386,-0.18523102515200568
162 09 0 062.00,URBAN SERVICES DISTRICT,SINGLE FAMILY,2016,82503.19782339681,127775.61815453401,-45272.4203311372,-0.6046575837813698
052 02 0 183.00,GENERAL SERVICES DISTRICT,DUPLEX,2015,129738.89636608344,127018.88283596057,2720.013530122873,0.04047101596440048
172 00 0 139.00,GENERAL SERVICES DISTRICT,SINGLE FAMILY,2015,363662.05799584,360514.43512430735,3147.622871532629,0.04621906817736745
136 06 0 033.00,URBAN SERVICES DISTRICT,SINGLE FAMILY,2016,183448.2869249647,205601.9385371088,-22153.65161214411,-0.2938882042861259
026 01 0 050.00,CITY OF GOODLETTSVILLE,VACANT RESIDENTIAL LAND,2014,24502.523063665856,101874.85177115948,-77372.32870749362,-1.036154119311786
108 08 0 114.00,GENERAL SERVICES DISTRICT,SINGLE FAMILY,2015,96321.3018475468,111588.56473836346,-15267.262890816666,-0.20131931465785574
075 11 0 042.00,GENERAL SERVICES DISTRICT,SINGLE FAMILY,2014,101651.02941673425,159051.56854074568,-57400.539124011426,-0.7676873712894603
007 15 0 020.00,GENERAL SERVICES DISTRICT,SINGLE FAMILY,2013,349900.0,324577.25679229933,25322.743207700667,0.3443036448633983
164 09 0 006.00,URBAN SERVICES DISTRICT,SINGLE FAMILY,2015,156276.3978955096,164236.89214498686,-7960.494249477255,-0.10309955285372215
033 16 0 059.00,GENERAL SERVICES DISTRICT,SINGLE FAMILY,2013,130000.0,133576.41226361576,-3576.4122636157554,-0.044167416157222736
131 14 0 022.00,CITY OF FOREST HILLS,SINGLE FAMILY,2015,368576.41013091884,539608.2570902574,-171031.84695933852,-2.2951532781656496
049 00 0 231.00,URBAN SERVICES DISTRICT,SINGLE FAMILY,2015,115487.27517435458,127259.22469303799,-11771.94951868341,-0.15433427055786914
129 10 0 001.00,URBAN SERVICES DISTRICT,SINGLE FAMILY,2015,363662.05799584,469044.43972779455,-105382.38173195458,-1.4126736002515017
105 07 0 250.00,URBAN SERVICES DISTRICT,SINGLE FAMILY,2014,88464.93266761287,134864.81581284164,-46399.88314522877,-0.6198132749601716
102 12 0 068.00,URBAN SERVICES DISTRICT,SINGLE FAMILY,2013,319000.0,318235.43632767943,764.563672320568,0.014185276168749598
147 01 0 256.00,URBAN SERVICES DISTRICT,SINGLE FAMILY,2014,201727.5995201406,227655.2021879697,-25927.60266782911,-0.34461877917427375
083 09 0 396.00,URBAN SERVICES DISTRICT,SINGLE FAMILY,2016,508025.57342077524,474385.36306156823,33640.210359207005,0.456109517272259
150 07 0 288.00,URBAN SERVICES DISTRICT,ZERO LOT LINE,2016,72796.93925593837,98196.14135112465,-25399.20209518628,-0.337515861191006
052 02 0 235.00,GENERAL SERVICES DISTRICT,SINGLE FAMILY,2013,112900.0,109438.89893402556,3461.101065974435,0.050432935496864235
091 08 0 069.00,URBAN SERVICES DISTRICT,SINGLE FAMILY,2015,78629.63416126269,136326.15322802332,-57696.51906676064,-0.7716660218944833
116 16 0 161.00,URBAN SERVICES DISTRICT,SINGLE FAMILY,2015,879669.0321791264,693633.435554257,186035.5966248694,2.504653719750038
042 03 0 095.00,GENERAL SERVICES DISTRICT,SINGLE FAMILY,2014,226328.52629088942,223502.48350525482,2826.042785634607,0.04189629281820861
146 08 0 001.00,URBAN SERVICES DISTRICT,SINGLE FAMILY,2015,313535.666218035,301524.74837418046,12010.91784385452,0.16536212083349336
081 07 0 322.00,URBAN SERVICES DISTRICT,SINGLE FAMILY,2016,67943.80997220914,122040.03362582343,-54096.22365361429,-0.7232697779100937
072 06 0 053.00,URBAN SERVICES DISTRICT,SINGLE FAMILY,2015,127773.15551205188,148587.96357858396,-20814.80806653209,-0.2758910703137946
072 07 0 331.00,URBAN SERVICES DISTRICT,SINGLE FAMILY,2016,192669.2325640502,189406.28309145715,3262.9494725930563,0.04776932272104479
103 02 0 246.00,URBAN SERVICES DISTRICT,SINGLE FAMILY,2015,358747.70586076105,283784.33111593797,74963.37474482309,1.0115878090009887
133 08 0 028.00,URBAN SERVICES DISTRICT,SINGLE FAMILY,2016,271775.2398888366,146858.91150668522,124916.32838215135,1.6830702998947908
052 02 0 002.00,GENERAL SERVICES DISTRICT,SINGLE FAMILY,2016,58237.551404750695,107253.36698496717,-49015.81558021648,-0.6549774184101961
083 07 0 153.00,URBAN SERVICES DISTRICT,SINGLE FAMILY,2013,160000.0,183460.52283442454,-23460.52283442454,-0.3114555567591243
082 08 0 193.00,URBAN SERVICES DISTRICT,SINGLE FAMILY,2014,157348.51166278048,160647.52495530838,-3299.013292527903,-0.040438536511190025
105 05 0 065.00,URBAN SERVICES DISTRICT,SINGLE FAMILY,2014,226328.52629088942,190544.71996837517,35783.806322514254,0.4849243730936341
131 14 0 072.00,URBAN SERVICES DISTRICT,SINGLE FAMILY,2016,679438.0997220915,492222.10567304294,187215.99404904852,2.520520973734398
118 05 0 084.00,URBAN SERVICES DISTRICT,SINGLE FAMILY,2015,230974.55034870916,617315.9885483439,-386341.4381996347,-5.189408975016434
061 12 0 142.00,URBAN SERVICES DISTRICT,SINGLE FAMILY,2014,243549.17503041364,251254.19336965168,-7705.018339238042,-0.09966536952561969
083 14 0 252.00,URBAN SERVICES DISTRICT,SINGLE FAMILY,2015,528292.8545209838,498589.4486562099,29703.405864773842,0.40318981792321995
034 04 0 005.00,GENERAL SERVICES DISTRICT,SINGLE FAMILY,2015,211317.14180839347,249375.69082544342,-38058.549017049954,-0.5076865755375072
090 11 0 003.00,URBAN SERVICES DISTRICT,SINGLE FAMILY,2014,354253.34549878346,291439.6319017404,62813.71359704307,0.8482684427377184
142 15 0 021.00,GENERAL SERVICES DISTRICT,SINGLE FAMILY,2015,160207.87960357274,178411.86308843287,-18203.98348486013,-0.24079558815039756
069 04 0 195.00,URBAN SERVICES DISTRICT,SINGLE FAMILY,2016,68623.24807193123,131599.8981420638,-62976.65007013256,-0.842643116545005
161 10 0 018.00,URBAN SERVICES DISTRICT,SINGLE FAMILY,2014,118084.44849959448,188000.8344790795,-69916.38597948501,-0.9359291149744343
061 07 0 226.00,URBAN SERVICES DISTRICT,SINGLE FAMILY,2015,119222.18279701455,183794.1309153701,-64571.94811835555,-0.8640875883757619
052 12 0 031.00,GENERAL SERVICES DISTRICT,SINGLE FAMILY,2015,150379.1753334149,155100.04513866192,-4720.869805247028,-0.05955155552876335
026 02 0 010.00,CITY OF GOODLETTSVILLE,SINGLE FAMILY,2016,191213.29377893143,196219.18127713565,-5005.887498204218,-0.06338284830486625
026 05 0 017.00,CITY OF GOODLETTSVILLE,SINGLE FAMILY,2016,150447.00779560595,187310.65052535737,-36863.64272975142,-0.4916242890908393
063 01 0 026.00,GENERAL SERVICES DISTRICT,SINGLE FAMILY,2013,149500.0,197268.63204545065,-47768.63204545065,-0.6382124056222338
075 03 0 025.00,GENERAL SERVICES DISTRICT,SINGLE FAMILY,2014,132845.0045620438,178052.67532424894,-45207.67076220515,-0.6037872007776649
073 01 0 198.00,URBAN SERVICES DISTRICT,SINGLE FAMILY,2014,224360.45214922953,221713.5646441108,2646.887505118735,0.039488034141634994
092 06 0 361.00,URBAN SERVICES DISTRICT,TRIPLEX,2014,16689.26872127602,177337.7256839174,-160648.4569626414,-2.155576655139022
105 09 0 194.00,URBAN SERVICES DISTRICT,SINGLE FAMILY,2013,336000.0,323326.271690577,12673.728309423022,0.17427181665732216
114 00 0 043.00,GENERAL SERVICES DISTRICT,SINGLE FAMILY,2015,230974.55034870916,197509.6880310912,33464.86231761795,0.4537524366360585
044 15 0 364.00,GENERAL SERVICES DISTRICT,SINGLE FAMILY,2015,131704.63722011502,111695.42901993741,20009.208200177614,0.27287752363326584
072 07 0 120.00,URBAN SERVICES DISTRICT,SINGLE FAMILY,2014,164727.8056569343,191700.77018803384,-26972.96453109954,-0.35867084490256884
147 08 0 072.00,URBAN SERVICES DISTRICT,SINGLE FAMILY,2013,113000.0,135377.20082758207,-22377.20082758207,-0.2968932194671995
091 05 0 208.00,URBAN SERVICES DISTRICT,SINGLE FAMILY,2014,122512.61531832928,111045.48715200253,11467.128166326744,0.15805233791575557
062 13 0 104.00,URBAN SERVICES DISTRICT,SINGLE FAMILY,2016,339719.0498610457,351823.51277377346,-12104.46291272773,-0.1588040147037205
130 02 0 015.00,URBAN SERVICES DISTRICT,SINGLE FAMILY,2013,450000.0,430380.39680899563,19619.603191004368,0.26764033698112644
150 03 0 439.00,URBAN SERVICES DISTRICT,SINGLE FAMILY,2014,157347.52762570966,171763.55741817824,-14416.029792468587,-0.18987678564626018
072 11 0 114.00,URBAN SERVICES DISTRICT,SINGLE FAMILY,2015,329261.5930502875,238742.26363822172,90519.3294120658,1.2206955879729526
130 09 0 095.00,URBAN SERVICES DISTRICT,SINGLE FAMILY,2016,592081.7726149653,516207.5025025619,75874.27011240344,1.0238323360174935
043 09 0 126.00,GENERAL SERVICES DISTRICT,SINGLE FAMILY,2013,45500.0,80335.70700720149,-34835.70700720149,-0.46436417269738595
150 05 0 099.00,URBAN SERVICES DISTRICT,DUPLEX,2015,114012.9695338309,134007.89273318194,-19994.923199351048,-0.26486993356865013
059 14 0 083.00,URBAN SERVICES DISTRICT,SINGLE FAMILY,2015,124726.25718830294,128259.63677650782,-3533.3795882048726,-0.04358895810878551
146 16 0 040.00,URBAN SERVICES DISTRICT,SINGLE FAMILY,2016,368837.82556342107,320636.25276723795,48201.572796183114,0.6518476910542713
133 01 0 220.00,URBAN SERVICES DISTRICT,SINGLE FAMILY,2016,77650.0685396676,150208.1448107445,-72558.0762710769,-0.971439503209867
117 09 0 091.00,URBAN SERVICES DISTRICT,SINGLE FAMILY,2016,718263.1339919253,625688.2526299984,92574.8813619269,1.248326929924731
033 02 0 015.00,GENERAL SERVICES DISTRICT,SINGLE FAMILY,2015,287981.0351156246,237875.67020403664,50105.36491158797,0.6774390320804153
081 07 0 237.00,URBAN SERVICES DISTRICT,SINGLE FAMILY,2015,44229.169215710266,85853.70776899726,-41624.538553287,-0.5556216696998743
091 16 0 059.00,URBAN SERVICES DISTRICT,SINGLE FAMILY,2016,410865.92516051617,578485.0403561867,-167619.1151956705,-2.2492783206594784
071 11 0 193.00,URBAN SERVICES DISTRICT,SINGLE FAMILY,2015,68800.92989110485,199997.5557874197,-131196.62589631486,-1.759676364049485
060 04 0 042.00,URBAN SERVICES DISTRICT,SINGLE FAMILY,2015,176818.38982013948,180591.57182942278,-3773.1820092833077,-0.04681245372422364
117 04 0 331.00,URBAN SERVICES DISTRICT,SINGLE FAMILY,2015,433789.8629634161,578584.5794852856,-144794.71652186947,-1.9424659510464761
083 09 0 241.00,URBAN SERVICES DISTRICT,SINGLE FAMILY,2013,535000.0,436785.49118983356,98214.50881016644,1.3241364829323654
073 13 0 029.00,URBAN SERVICES DISTRICT,SINGLE FAMILY,2014,162366.11668694243,190832.05870430038,-28465.942017357942,-0.3787398932435265
083 08 0 134.00,URBAN SERVICES DISTRICT,SINGLE FAMILY,2014,289789.0769887132,210462.0425883769,79327.03440033627,1.0702454226462246
147 05 0 028.00,URBAN SERVICES DISTRICT,SINGLE FAMILY,2014,260769.82376993782,250577.03834965936,10192.785420278466,0.14092224291513666
092 05 0 156.00,URBAN SERVICES DISTRICT,DUPLEX,2016,121328.23209323062,147148.01883910393,-25819.78674587331,-0.34316948541762204
150 06 0 080.00,URBAN SERVICES DISTRICT,SINGLE FAMILY,2014,167286.3020410922,154793.5663962638,12492.735644828383,0.1718388593163433
150 08 0 037.00,URBAN SERVICES DISTRICT,SINGLE FAMILY,2015,114995.83996084669,178199.5347764794,-63203.69481563273,-0.8456951196829912
162 03 0 121.00,URBAN SERVICES DISTRICT,SINGLE FAMILY,2013,67000.0,118259.31807951425,-51259.318079514254,-0.6851352476647449
108 16 0 228.00,GENERAL SERVICES DISTRICT,ZERO LOT LINE,2013,99900.0,106633.51041835052,-6733.510418350517,-0.08660607050244575
148 14 0 066.00,URBAN SERVICES DISTRICT,SINGLE FAMILY,2015,150870.61054692278,135427.10133012966,15443.509216793114,0.2115040371264868
147 05 0 134.00,URBAN SERVICES DISTRICT,SINGLE FAMILY,2013,210000.0,248492.2107998396,-38492.21079983961,-0.5135159864713872
095 02 0 004.00,URBAN SERVICES DISTRICT,SINGLE FAMILY,2015,178882.41771687262,182846.07267058326,-3963.6549537106475,-0.04937284781223953
119 13 0 284.00,URBAN SERVICES DISTRICT,SINGLE FAMILY,2014,76262.87298932143,120895.56659796539,-44632.69360864395,-0.596058186511894
094 12 0 025.00,URBAN SERVICES DISTRICT,SINGLE FAMILY,2016,197037.04891940652,202538.23970251917,-5501.190783112659,-0.07004086268201151
052 08 0 157.00,GENERAL SERVICES DISTRICT,SINGLE FAMILY,2014,117986.04479251149,132333.11857313992,-14347.07378062843,-0.18894985838328587
162 02 0 233.00,URBAN SERVICES DISTRICT,SINGLE FAMILY,2015,115978.71038786248,132301.01600064134,-16322.305612778859,-0.21550151337399237
072 16 0 123.00,URBAN SERVICES DISTRICT,SINGLE FAMILY,2015,313535.666218035,258041.70012973328,55493.966088301706,0.7498742151297143
104 05 0 083.00,URBAN SERVICES DISTRICT,SINGLE FAMILY,2013,613000.0,482274.3774343917,130725.6225656083,1.7611605637251078
061 08 0 023.00,URBAN SERVICES DISTRICT,SINGLE FAMILY,2014,123988.67092457421,208087.3793889107,-84098.70846433648,-1.1265721207499901
083 10 0 250.00,URBAN SERVICES DISTRICT,SINGLE FAMILY,2015,355799.09457971365,288816.24545001524,66982.84912969841,0.9043112051470524
081 06 0 350.00,URBAN SERVICES DISTRICT,SINGLE FAMILY,2016,145593.87851187674,167463.513780412,-21869.63526853526,-0.29007037194640806
059 05 0 293.00,URBAN SERVICES DISTRICT,SINGLE FAMILY,2016,160153.2663630644,142380.72401446605,17772.542348598363,0.24281159463496063
133 13 0 115.00,URBAN SERVICES DISTRICT,SINGLE FAMILY,2013,125000.0,210979.47225843463,-85979.47225843463,-1.151853908217712
072 12 0 266.00,URBAN SERVICES DISTRICT,SINGLE FAMILY,2015,223209.87397528446,213174.3909902365,10035.482985047944,0.1388077366979643
103 10 0 055.00,URBAN SERVICES DISTRICT,SINGLE FAMILY,2015,363563.77095313836,344966.67877667974,18597.092176458624,0.25389543917191154
105 01 0 063.00,URBAN SERVICES DISTRICT,SINGLE FAMILY,2014,290290.93589483644,222111.43508137224,68179.5008134642,0.9203969537332353
147 05 0 123.00,URBAN SERVICES DISTRICT,SINGLE FAMILY,2013,257780.0,281479.8697709918,-23699.86977099179,-0.31467292961600934
160 12 0 200.00,URBAN SERVICES DISTRICT,SINGLE FAMILY,2015,331718.769117827,322699.6617681003,9019.10734972672,0.12514531248488894
128 10 0 181.00,GENERAL SERVICES DISTRICT,DUPLEX,2013,132000.0,115905.18976890626,16094.81023109374,0.22025901947606774
147 11 0 068.00,URBAN SERVICES DISTRICT,SINGLE FAMILY,2013,169900.0,159158.1447292435,10741.855270756496,0.14830300349138742
072 02 0 079.00,URBAN SERVICES DISTRICT,SINGLE FAMILY,2015,304591.54533219134,266844.91880956123,37746.626522630104,0.5113091872273386
095 11 0 069.00,URBAN SERVICES DISTRICT,SINGLE FAMILY,2015,122858.80337697295,170948.33311584694,-48089.529738873985,-0.6425260080583659
105 14 0 111.00,URBAN SERVICES DISTRICT,SINGLE FAMILY,2014,334572.6040821844,268897.4489014529,65675.1551807315,0.8867327933367268
131 04 0 152.00,URBAN SERVICES DISTRICT,SINGLE FAMILY,2013,660000.0,566049.8708468054,93950.1291531946,1.2668134206171766
050 15 0 176.00,URBAN SERVICES DISTRICT,SINGLE FAMILY,2013,89000.0,107317.79398796722,-18317.79398796722,-0.24232546285352458
072 03 0 362.00,URBAN SERVICES DISTRICT,SINGLE FAMILY,2015,206402.78967331458,201207.40259633368,5195.3870769809,0.07374572494767002
043 04 0 006.00,GENERAL SERVICES DISTRICT,SINGLE FAMILY,2016,138702.43492898124,120523.35678892607,18179.078140055164,0.24827636990864746
083 10 0 119.00,URBAN SERVICES DISTRICT,DUPLEX,2013,110000.0,236328.77692946384,-126328.77692946384,-1.694241287411427
083 13 0 207.00,URBAN SERVICES DISTRICT,SINGLE FAMILY,2013,280000.0,271974.1558414784,8025.844158521621,0.11179357263411202
131 04 0 242.00,URBAN SERVICES DISTRICT,SINGLE FAMILY,2016,621200.5483173408,471452.0304621324,149748.51785520837,2.0168719918382867
103 16 0 073.00,URBAN SERVICES DISTRICT,DUPLEX,2016,484342.3025161766,367720.5417806304,116621.76073554618,1.5715722494558364
133 04 0 036.00,URBAN SERVICES DISTRICT,SINGLE FAMILY,2013,110060.0,111610.02034091011,-1550.0203409101086,-0.01692805198139409
118 13 0 075.00,URBAN SERVICES DISTRICT,SINGLE FAMILY,2015,363662.05799584,350524.7970452914,13137.260950548574,0.18050276057173723
073 07 0 103.00,URBAN SERVICES DISTRICT,SINGLE FAMILY,2016,218390.8177678151,196129.77215786802,22261.04560994709,0.30314739323853246
117 04 0 187.00,URBAN SERVICES DISTRICT,DUPLEX,2013,123000.0,369989.30129222455,-246989.30129222455,-3.3161960178543155
091 07 0 278.00,URBAN SERVICES DISTRICT,SINGLE FAMILY,2013,244139.0,230943.17999939105,13195.820000608946,0.1812899287757317
104 01 0 114.00,URBAN SERVICES DISTRICT,VACANT RESIDENTIAL LAND,2015,329261.5930502875,346761.82819876075,-17500.235148473235,-0.23133559326580444
103 09 0 039.00,URBAN SERVICES DISTRICT,SINGLE FAMILY,2013,350000.0,396445.3587449285,-46445.3587449285,-0.6204245715249945
119 11 0 096.00,URBAN SERVICES DISTRICT,SINGLE FAMILY,2016,258089.41530872017,266068.03610226366,-7978.620793543494,-0.1033432152615402
127 00 0 205.00,GENERAL SERVICES DISTRICT,SINGLE FAMILY,2016,359130.59637010586,304903.0736388678,54227.522731238045,0.7328503060701799
042 13 0 086.00,GENERAL SERVICES DISTRICT,SINGLE FAMILY,2013,161500.0,165491.73421218648,-3991.7342121864785,-0.049750297573482725
092 06 0 460.00,URBAN SERVICES DISTRICT,SINGLE FAMILY,2013,35000.0,66466.82640749667,-31466.826407496672,-0.4190786756067161
096 11 0 180.00,URBAN SERVICES DISTRICT,SINGLE FAMILY,2014,154592.22382738578,154088.244563557,503.9792638287763,0.01068242288458662
072 07 0 025.00,URBAN SERVICES DISTRICT,SINGLE FAMILY,2014,354499.3547664909,261475.76800159703,93023.5867648939,1.2543585616846724
090 16 0 086.00,URBAN SERVICES DISTRICT,SINGLE FAMILY,2013,87500.0,132173.86494044092,-44673.86494044092,-0.5966116238247137
091 13 0 259.00,URBAN SERVICES DISTRICT,SINGLE FAMILY,2013,138000.0,127423.11178479229,10576.888215207713,0.1460854671635148
041 06 0 027.00,GENERAL SERVICES DISTRICT,SINGLE FAMILY,2016,136858.24580116413,181701.96799528238,-44843.72219411825,-0.5988948956533168
071 11 0 147.00,URBAN SERVICES DISTRICT,SINGLE FAMILY,2015,109196.90444145356,113641.56249359806,-4444.658052144499,-0.05583863482073072
104 16 0 069.00,URBAN SERVICES DISTRICT,SINGLE FAMILY,2015,801039.3980178636,582413.005167137,218626.3928507266,2.9427489160588625
172 02 0 039.00,URBAN SERVICES DISTRICT,SINGLE FAMILY,2013,275000.0,315900.0534758284,-40900.053475828376,-0.5458829253613657
061 15 0 080.00,URBAN SERVICES DISTRICT,SINGLE FAMILY,2016,247509.59347019045,193229.62139929383,54279.97207089662,0.7335553457260002
063 08 0 020.00,GENERAL SERVICES DISTRICT,SINGLE FAMILY,2016,134916.99408767244,144218.9130945337,-9301.919006861252,-0.12113138424400301
147 11 0 086.00,URBAN SERVICES DISTRICT,SINGLE FAMILY,2013,167000.0,181797.72334506828,-14797.723345068283,-0.195007624141188
119 08 0 003.00,URBAN SERVICES DISTRICT,SINGLE FAMILY,2015,172002.32472776214,130533.27802449919,41469.04670326295,0.561347068734647
090 08 0 156.00,URBAN SERVICES DISTRICT,SINGLE FAMILY,2016,89297.57882061772,159363.0804478714,-70065.50162725369,-0.9379335719545342
106 15 0 002.00,URBAN SERVICES DISTRICT,SINGLE FAMILY,2013,133450.0,128566.12048636991,4883.8795136300905,0.06955834743863014
075 08 0 172.00,GENERAL SERVICES DISTRICT,SINGLE FAMILY,2015,167087.97259268322,161851.30245807586,5236.670134607353,0.07430066411238857
034 03 0 049.00,GENERAL SERVICES DISTRICT,SINGLE FAMILY,2016,131034.49066068906,173022.59456127207,-41988.10390058301,-0.5605088234561352
044 11 0 061.00,GENERAL SERVICES DISTRICT,SINGLE FAMILY,2014,98403.7070829954,96041.0734505786,2362.633632416808,0.035667008865054195
119 08 0 070.00,URBAN SERVICES DISTRICT,SINGLE FAMILY,2015,122858.80337697295,241823.11885066534,-118964.31547369239,-1.5952460016007899
133 13 0 062.00,URBAN SERVICES DISTRICT,SINGLE FAMILY,2016,258186.47789439475,235459.0526452594,22727.425249135355,0.30941660734943277
147 06 0 123.00,URBAN SERVICES DISTRICT,SINGLE FAMILY,2016,320500.65789747797,266103.2245703543,54397.4333271237,0.7351342949406456
083 04 0 082.00,URBAN SERVICES DISTRICT,SINGLE FAMILY,2014,157445.93133279265,231469.0096256094,-74023.07829281676,-0.9911324970188903
071 16 0 238.00,URBAN SERVICES DISTRICT,SINGLE FAMILY,2014,210387.12574344416,265849.94140002824,-55462.815656584076,-0.7416399149164464
117 04 0 083.00,URBAN SERVICES DISTRICT,SINGLE FAMILY,2013,385000.0,511832.2646583098,-126832.26465830981,-1.7010093195232923
070 07 0 076.00,URBAN SERVICES DISTRICT,CHURCH,2016,228097.07633527354,205691.68957676203,22405.386758511508,0.30508766997732534
131 14 0 023.00,CITY OF FOREST HILLS,SINGLE FAMILY,2016,685261.8548625665,657562.0122019608,27699.842660605675,0.37625732418589936
104 10 0 160.00,URBAN SERVICES DISTRICT,SINGLE FAMILY,2015,407891.2272115502,537645.2857960819,-129754.05858453165,-1.7402849442981951
098 05 0 003.00,GENERAL SERVICES DISTRICT,SINGLE FAMILY,2015,304689.83237489295,284671.67454984324,20018.15782504971,0.27299782715816473
007 14 0 024.00,GENERAL SERVICES DISTRICT,SINGLE FAMILY,2016,254303.97446741138,241498.35634812454,12805.618119286839,0.17604471879027406
147 01 0 269.00,URBAN SERVICES DISTRICT,SINGLE FAMILY,2014,221408.34093673967,212985.17577649228,8423.165160247387,0.11713447995783575
119 01 0 020.00,URBAN SERVICES DISTRICT,SINGLE FAMILY,2015,166989.68554998163,118392.60945022998,48597.07609975165,0.6571641643376143
073 13 0 007.00,URBAN SERVICES DISTRICT,DUPLEX,2013,169900.0,162317.46664855914,7582.533351440856,0.10583445663989201
092 13 0 483.00,URBAN SERVICES DISTRICT,VACANT RESIDENTIAL LAND,2015,147430.56405236755,192134.14928195163,-44703.585229584074,-0.5970111328092838
093 04 0 108.00,URBAN SERVICES DISTRICT,SINGLE FAMILY,2013,200000.0,170043.74297006193,29956.257029938075,0.4065887186457391
115 15 0 020.00,URBAN SERVICES DISTRICT,SINGLE FAMILY,2013,285000.0,353214.9685588428,-68214.96855884278,-0.9130581549115399
061 11 0 324.00,URBAN SERVICES DISTRICT,SINGLE FAMILY,2016,417272.05581503874,333191.8788532317,84080.17696180701,1.1341385815957827
105 13 0 321.00,URBAN SERVICES DISTRICT,DUPLEX,2015,378405.1144010767,475764.03715572914,-97358.92275465245,-1.3048198733472114
119 13 0 046.00,URBAN SERVICES DISTRICT,SINGLE FAMILY,2014,29521.11212489862,109271.83464010488,-79750.72251520626,-1.0681251977373838
092 13 0 338.00,URBAN SERVICES DISTRICT,DUPLEX,2016,194125.171349169,268998.2447037416,-74873.07335457264,-1.002558383973626
052 06 0 037.00,GENERAL SERVICES DISTRICT,SINGLE FAMILY,2015,275203.7195644194,339703.3832689107,-64499.66370449128,-0.8631159197407744
091 08 0 172.00,URBAN SERVICES DISTRICT,VACANT RESIDENTIAL LAND,2013,164000.0,209710.88140472426,-45710.88140472426,-0.6105515082125411
061 15 0 302.00,URBAN SERVICES DISTRICT,SINGLE FAMILY,2013,287500.0,226664.40424659778,60835.595753402216,0.8216779931204037
133 14 0 069.00,URBAN SERVICES DISTRICT,SINGLE FAMILY,2016,279443.18415712874,241231.181924602,38212.00223252675,0.5175649062214874
072 03 0 235.00,URBAN SERVICES DISTRICT,SINGLE FAMILY,2014,150656.07554406597,207185.24399727868,-56529.16845321271,-0.7559741470271317
148 14 0 302.00,URBAN SERVICES DISTRICT,ZERO LOT LINE,2013,43000.0,68612.63991626883,-25612.639916268832,-0.3403849559955294
052 06 0 105.00,GENERAL SERVICES DISTRICT,SINGLE FAMILY,2016,225185.198765036,320297.4704843001,-95112.2717192641,-1.2746197205321357
130 16 0 007.00,CITY OF FOREST HILLS,SINGLE FAMILY,2013,400000.0,486682.4844086199,-86682.48440861987,-1.1613040070679679
086 07 0 059.00,GENERAL SERVICES DISTRICT,SINGLE FAMILY,2014,157445.93133279265,133769.09439589953,23676.836936893116,0.3221788822212609
164 13 0 092.00,URBAN SERVICES DISTRICT,SINGLE FAMILY,2015,172002.32472776214,168495.69787858482,3506.6268491773226,0.05104490664329355
161 03 0 111.00,URBAN SERVICES DISTRICT,SINGLE FAMILY,2014,138749.22698702352,127252.78608237987,11496.440904643649,0.15844636848065186
071 04 0 178.00,URBAN SERVICES DISTRICT,SINGLE FAMILY,2013,132000.0,145490.71826559096,-13490.718265590956,-0.17743847231985382
091 10 0 421.00,URBAN SERVICES DISTRICT,SINGLE FAMILY,2015,216231.4939434724,206878.2108521212,9353.283091351186,0.12963740240236277
162 01 0 099.00,URBAN SERVICES DISTRICT,SINGLE FAMILY,2013,110000.0,115632.08585846255,-5632.085858462553,-0.07180039329715412
161 09 0 132.00,URBAN SERVICES DISTRICT,ZERO LOT LINE,2014,140618.89742160044,138642.1238588116,1976.773562788847,0.030480162806433484
127 00 0 161.00,GENERAL SERVICES DISTRICT,SINGLE FAMILY,2016,305747.14487494115,275546.21041561343,30200.93445932772,0.40987774557585593
061 15 0 150.00,URBAN SERVICES DISTRICT,SINGLE FAMILY,2015,235888.9024837881,250481.14875663494,-14592.246272846853,-0.19224554009549688
083 01 0 101.00,URBAN SERVICES DISTRICT,SINGLE FAMILY,2014,374918.1239862125,241056.13673658232,133861.98724963015,1.8033205125775533
072 04 0 442.00,URBAN SERVICES DISTRICT,SINGLE FAMILY,2015,422535.9965740854,360234.0574028374,62301.939171248,0.8413890183756758
081 08 0 116.00,URBAN SERVICES DISTRICT,DUPLEX,2013,152000.0,88680.73637817167,63319.26362182833,0.8550641968462513
083 13 0 211.00,URBAN SERVICES DISTRICT,DUPLEX,2016,257215.8520376489,313391.8481575419,-56175.99611989298,-0.7512266992622995
061 11 0 218.00,URBAN SERVICES DISTRICT,SINGLE FAMILY,2014,295112.7175419032,238177.36345885025,56935.35408305295,0.7692497821499742
146 15 0 082.00,URBAN SERVICES DISTRICT,SINGLE FAMILY,2015,399045.39336840814,321505.5695743053,77539.82379410282,1.0462212050126014
146 16 0 147.00,URBAN SERVICES DISTRICT,SINGLE FAMILY,2015,368576.41013091884,332361.340741729,36215.069389189826,0.49072153977058947
086 07 0 155.00,GENERAL SERVICES DISTRICT,SINGLE FAMILY,2016,157241.38879282688,149000.62204828,8240.766744546883,0.11468262609151834
051 10 0 017.00,GENERAL SERVICES DISTRICT,SINGLE FAMILY,2013,215000.0,188814.423837343,26185.576162657002,0.3559021026047718
075 07 0 298.00,GENERAL SERVICES DISTRICT,DUPLEX,2013,115000.0,120864.51104293585,-5864.5110429358465,-0.07492472189941625
072 06 0 272.00,URBAN SERVICES DISTRICT,SINGLE FAMILY,2014,88563.33637469586,161076.63426589422,-72513.29789119835,-0.9708375788816813
071 12 0 035.00,URBAN SERVICES DISTRICT,SINGLE FAMILY,2014,78722.96566639633,108782.67364567528,-30059.70797927896,-0.40016377031358563
050 14 0 199.00,URBAN SERVICES DISTRICT,SINGLE FAMILY,2016,135887.6199444183,142377.6896403764,-6490.069695958111,-0.08333366775637696
091 12 0 321.00,URBAN SERVICES DISTRICT,SINGLE FAMILY,2015,344397.7976263306,321077.6991508214,23320.09847550915,0.3173834975001315
149 08 0 081.00,URBAN SERVICES DISTRICT,ZERO LOT LINE,2013,73500.0,85296.33208673977,-11796.33208673977,-0.15466202830472314
102 15 0 063.00,URBAN SERVICES DISTRICT,SINGLE FAMILY,2016,315356.340856725,304812.0202135261,10544.32064319891,0.1456476841540534
012 03 0 012.00,GENERAL SERVICES DISTRICT,SINGLE FAMILY,2014,202613.23288388754,232400.69193534087,-29787.459051453334,-0.3965041190840153
083 01 0 118.00,URBAN SERVICES DISTRICT,SINGLE FAMILY,2013,410000.0,98953.62658177404,311046.37341822596,4.185085839924902
162 10 0 230.00,URBAN SERVICES DISTRICT,SINGLE FAMILY,2016,183351.22433929011,167742.93792422675,15608.286415063369,0.21371902133623594
091 07 0 383.00,URBAN SERVICES DISTRICT,SINGLE FAMILY,2015,369559.28055793466,337431.9685788986,32127.31197903608,0.43577268633805705
157 00 0 084.00,GENERAL SERVICES DISTRICT,SINGLE FAMILY,2014,806910.3980805624,648299.3886828688,158611.00939769356,2.1360042445510916
086 07 0 084.00,GENERAL SERVICES DISTRICT,SINGLE FAMILY,2015,174950.93600880948,158477.88053257976,16473.055476229725,0.22534350479432633
050 02 0 080.00,GENERAL SERVICES DISTRICT,SINGLE FAMILY,2016,40280.97305495256,147125.35513691005,-106844.38208195748,-1.4323262446944112
150 10 0 196.00,URBAN SERVICES DISTRICT,SINGLE FAMILY,2015,165122.23173865167,148823.43141218598,16298.800326465687,0.22300111513576587
118 10 0 062.00,URBAN SERVICES DISTRICT,SINGLE FAMILY,2013,274500.0,271087.04665632907,3412.9533436709316,0.049785719463595286
092 06 0 360.00,URBAN SERVICES DISTRICT,SINGLE FAMILY,2013,31100.0,75688.43423597545,-44588.43423597545,-0.5954632388333121
076 01 0 118.00,GENERAL SERVICES DISTRICT,ZERO LOT LINE,2015,102218.5244096415,99968.42032020348,2250.104089438013,0.034154353209752214
150 14 0 039.00,URBAN SERVICES DISTRICT,SINGLE FAMILY,2015,132687.50764713078,143887.92458451883,-11200.416937388043,-0.14665155925912435
082 04 0 374.00,URBAN SERVICES DISTRICT,SINGLE FAMILY,2014,255849.63841578807,201987.0835548169,53862.55486097117,0.7279442991821332
103 06 0 167.00,URBAN SERVICES DISTRICT,SINGLE FAMILY,2015,334175.94518536644,305589.2312506162,28586.713934750238,0.38817891217824063
094 01 0 284.01,URBAN SERVICES DISTRICT,SINGLE FAMILY,2015,452120.3964272605,325079.19352736935,127041.20289989113,1.7116334964650626
146 12 0 024.00,URBAN SERVICES DISTRICT,SINGLE FAMILY,2013,184000.0,199755.9323891383,-15755.932389138296,-0.20788815569855107
096 05 0 039.00,URBAN SERVICES DISTRICT,SINGLE FAMILY,2014,206647.78487429034,216766.94966245274,-10119.164788162394,-0.1321170456101903
096 01 0 078.00,URBAN SERVICES DISTRICT,SINGLE FAMILY,2015,212300.01223540926,224802.7375514404,-12502.725316031137,-0.16415757662802852
150 01 0 016.00,URBAN SERVICES DISTRICT,SINGLE FAMILY,2015,164139.36131163588,155357.88878579048,8781.472525845398,0.12195095435701038
118 01 0 231.00,URBAN SERVICES DISTRICT,TRIPLEX,2016,630906.8068847992,449345.2709039,181561.53598089918,2.4445120631137813
071 08 0 073.00,URBAN SERVICES DISTRICT,SINGLE FAMILY,2016,87356.32710712604,120905.96847704532,-33549.64136991928,-0.4470764950988812
103 04 0 025.00,URBAN SERVICES DISTRICT,SINGLE FAMILY,2014,265690.0091240876,265192.3013898852,497.707734202384,0.01059811911416658
118 01 0 203.00,URBAN SERVICES DISTRICT,SINGLE FAMILY,2013,341500.0,341157.37861937314,342.62138062686427,0.0085134021270872
081 08 0 126.00,URBAN SERVICES DISTRICT,VACANT RESIDENTIAL LAND,2013,20000.0,144382.84494402845,-124382.84494402845,-1.668083489692862
148 09 0 131.00,URBAN SERVICES DISTRICT,SINGLE FAMILY,2013,129999.0,113912.78582353286,16086.21417646714,0.22014346874778776
073 12 0 044.00,URBAN SERVICES DISTRICT,SINGLE FAMILY,2016,183448.2869249647,160720.50075728114,22727.786167683546,0.3094214589241266
042 08 0 040.00,GENERAL SERVICES DISTRICT,SINGLE FAMILY,2014,132746.6008549608,138361.9045213398,-5615.303666379012,-0.07157480206936147
072 07 0 139.00,URBAN SERVICES DISTRICT,SINGLE FAMILY,2013,114000.0,127290.1806557112,-13290.1806557112,-0.17474278599912896
120 05 0 138.00,URBAN SERVICES DISTRICT,SINGLE FAMILY,2016,199948.92648964404,231973.8787259586,-32024.952236314566,-0.4265811693428773
150 02 0 235.00,URBAN SERVICES DISTRICT,ZERO LOT LINE,2015,95141.85733512786,113315.46985351425,-18173.61251838639,-0.2403873325672202
086 12 0 018.00,GENERAL SERVICES DISTRICT,SINGLE FAMILY,2015,114012.9695338309,132064.0698350181,-18051.10030118721,-0.23874048682978707
117 11 0 037.00,URBAN SERVICES DISTRICT,SINGLE FAMILY,2016,679438.0997220915,489906.7005295813,189531.39919251017,2.551645339761838
083 01 0 102.00,URBAN SERVICES DISTRICT,SINGLE FAMILY,2016,407662.8598332548,298098.5141657333,109564.34566752153,1.4767043727021505
129 15 0 099.00,URBAN SERVICES DISTRICT,SINGLE FAMILY,2014,342936.919184239,356934.83225838834,-13997.913074149343,-0.18425633610208053
146 08 0 072.00,URBAN SERVICES DISTRICT,SINGLE FAMILY,2016,363984.6962796918,298417.30396016623,65567.39231952559,0.8852842128384896
108 08 0 039.00,GENERAL SERVICES DISTRICT,ZERO LOT LINE,2013,98250.0,95911.83660096694,2338.1633990330592,0.035338072694741464
142 15 0 053.00,GENERAL SERVICES DISTRICT,SINGLE FAMILY,2016,269833.9881753449,257828.69311332272,12005.295062022167,0.16528653772427518
148 05 0 145.00,URBAN SERVICES DISTRICT,SINGLE FAMILY,2015,65852.31861005751,178495.11693723963,-112642.79832718211,-1.5102702840369218
096 10 0 272.00,URBAN SERVICES DISTRICT,SINGLE FAMILY,2015,127773.15551205188,124861.50494441681,2911.6505676350644,0.0430470581386121
118 13 0 068.00,URBAN SERVICES DISTRICT,SINGLE FAMILY,2015,368576.41013091884,324346.70522927097,44229.70490164787,0.5984566590306784
091 10 0 255.00,URBAN SERVICES DISTRICT,SINGLE FAMILY,2015,132687.50764713078,198032.35818087115,-65344.85053374036,-0.8744771730010964
062 04 0 004.00,GENERAL SERVICES DISTRICT,SINGLE FAMILY,2016,179565.78349798132,147703.25771273597,31862.52578524535,0.43221335140359535
150 10 0 049.00,URBAN SERVICES DISTRICT,ZERO LOT LINE,2016,130937.42807501448,109940.83297706823,20996.59509794625,0.2861502725962849
163 01 0 058.00,URBAN SERVICES DISTRICT,SINGLE FAMILY,2014,112180.22607461477,122353.17841682154,-10172.952342206772,-0.1328400739426294
082 12 0 068.00,URBAN SERVICES DISTRICT,SINGLE FAMILY,2013,47000.0,270127.09608558554,-223127.09608558554,-2.9954331435165003
015 14 0 060.00,GENERAL SERVICES DISTRICT,SINGLE FAMILY,2016,155300.1370793352,170080.91832026214,-14780.781240926939,-0.19477988332785376
052 11 0 046.00,GENERAL SERVICES DISTRICT,DUPLEX,2016,372584.44137046003,322763.7814716097,49820.65989885031,0.6736119424450154
091 02 0 329.00,URBAN SERVICES DISTRICT,ZERO LOT LINE,2016,118901.667451366,90202.86507218005,28698.802379185945,0.38968563845546034
091 11 0 267.00,URBAN SERVICES DISTRICT,SINGLE FAMILY,2016,242656.46418646123,250779.88137473192,-8123.417188270687,-0.10528961155493578
149 16 0 003.00,URBAN SERVICES DISTRICT,SINGLE FAMILY,2016,227417.63823555145,237048.80885306795,-9631.170617516502,-0.12555728252538859
094 01 0 439.00,URBAN SERVICES DISTRICT,SINGLE FAMILY,2014,285272.3468336037,192668.28927151547,92604.05756208822,1.2487191251030456
147 10 0 193.00,URBAN SERVICES DISTRICT,SINGLE FAMILY,2013,195000.0,179720.8675070404,15279.132492959587,0.20929443621347454
105 01 0 541.00,URBAN SERVICES DISTRICT,SINGLE FAMILY,2016,359131.56699596264,197528.86505322868,161602.70194273395,2.1762194673929094
084 16 0 003.00,URBAN SERVICES DISTRICT,SINGLE FAMILY,2014,66914.52081643688,203886.99700764962,-136972.47619121274,-1.8373170651620925
071 15 0 515.00,URBAN SERVICES DISTRICT,SINGLE FAMILY,2014,236168.89699918896,200788.6908956996,35380.206103489356,0.47949905865950215
119 02 0 219.00,URBAN SERVICES DISTRICT,SINGLE FAMILY,2016,262068.98132137812,193963.53400540148,68105.44731597663,0.9194015045489214
133 06 0 170.00,URBAN SERVICES DISTRICT,SINGLE FAMILY,2015,206402.78967331458,180096.98424379184,26305.805429522734,0.3575182602434066
053 02 0 005.00,GENERAL SERVICES DISTRICT,SINGLE FAMILY,2015,69767.09152086137,106816.17727132507,-37049.085750463695,-0.49411706944514655
050 15 0 203.00,URBAN SERVICES DISTRICT,SINGLE FAMILY,2016,213537.68848408587,315407.4421089429,-101869.75362485702,-1.3654558063235989
053 03 0 207.00,GENERAL SERVICES DISTRICT,SINGLE FAMILY,2016,228097.07633527354,172780.47020461588,55316.60613065766,0.7474900897182661
043 13 0 198.00,GENERAL SERVICES DISTRICT,SINGLE FAMILY,2014,47233.7793998378,136191.68603190908,-88957.90663207127,-1.1918909107680224
172 02 0 112.00,URBAN SERVICES DISTRICT,SINGLE FAMILY,2013,340000.0,358112.2552181901,-18112.255218190083,-0.23956254945090116
102 12 0 013.00,URBAN SERVICES DISTRICT,SINGLE FAMILY,2014,324732.23337388487,285529.80898935784,39202.424384527025,0.5308784559765228
096 10 0 156.00,URBAN SERVICES DISTRICT,SINGLE FAMILY,2016,169859.52493052286,146757.9974465519,23101.527483970975,0.31444540108844093
150 11 0 116.00,URBAN SERVICES DISTRICT,SINGLE FAMILY,2014,98305.30337591241,119577.66425274646,-21272.36087683405,-0.28204163156003553
162 16 0 038.00,URBAN SERVICES DISTRICT,ZERO LOT LINE,2013,75000.0,92486.54727671959,-17486.54727671959,-0.2311515968141251
083 01 0 342.00,URBAN SERVICES DISTRICT,SINGLE FAMILY,2015,196673.35531628533,286275.96228931093,-89602.6069730256,-1.2005571648992017
129 07 0 030.00,URBAN SERVICES DISTRICT,SINGLE FAMILY,2015,501263.91777804965,451726.6590631499,49537.25871489977,0.6698023792647683
130 01 0 023.00,URBAN SERVICES DISTRICT,SINGLE FAMILY,2015,382336.59610913985,322839.8042008659,59496.79190827394,0.8036813928138072
072 07 0 332.00,URBAN SERVICES DISTRICT,DUPLEX,2016,194125.171349169,180783.3122302225,13341.859118946479,0.18325303013028185
147 02 0 098.00,URBAN SERVICES DISTRICT,SINGLE FAMILY,2013,85000.0,208809.15159284225,-123809.15159284225,-1.6603717326812435
094 02 0 191.00,URBAN SERVICES DISTRICT,SINGLE FAMILY,2016,679341.0371364169,368895.0907358546,310445.9464005623,4.177014721000726
083 03 0 037.00,URBAN SERVICES DISTRICT,SINGLE FAMILY,2013,80000.0,217647.8208695103,-137647.8208695103,-1.8463952496091527
043 05 0 094.00,GENERAL SERVICES DISTRICT,SINGLE FAMILY,2015,94355.56099351523,117406.63596988723,-23051.074976371994,-0.30595163661833796
104 01 0 283.00,URBAN SERVICES DISTRICT,SINGLE FAMILY,2015,710615.3187324116,655727.5079773191,54887.810755092534,0.7417260944806943
136 10 0 020.00,URBAN SERVICES DISTRICT,SINGLE FAMILY,2014,148589.59769532306,143249.33108955782,5340.266605765239,0.07569323875383925
147 09 0 086.00,URBAN SERVICES DISTRICT,SINGLE FAMILY,2016,310600.2741586704,304944.6246528777,5655.6495057927095,0.07993270969350166
064 09 0 238.00,GENERAL SERVICES DISTRICT,SINGLE FAMILY,2015,159225.00917655695,164643.9675390018,-5418.958362444857,-0.06893546997464255
060 02 0 027.00,URBAN SERVICES DISTRICT,SINGLE FAMILY,2015,156276.3978955096,122488.07800762127,33788.31988788834,0.45810044969972075
103 02 0 139.00,URBAN SERVICES DISTRICT,SINGLE FAMILY,2015,422634.28361678694,156994.03208797664,265640.2515288103,3.5747232165354283
148 01 0 117.00,URBAN SERVICES DISTRICT,SINGLE FAMILY,2014,142685.37527034333,205217.41808182103,-62532.0428114777,-0.8366665732623285
087 09 0 041.00,GENERAL SERVICES DISTRICT,DUPLEX,2016,114436.78851033511,137006.17528522832,-22569.38677489321,-0.299476640250527
148 10 0 072.00,URBAN SERVICES DISTRICT,SINGLE FAMILY,2016,131034.49066068906,146802.8536168483,-15768.362956159239,-0.20805525108528328
161 05 0 018.00,URBAN SERVICES DISTRICT,SINGLE FAMILY,2014,275530.37983238715,322948.83624439663,-47418.45641200949,-0.6335052403903129
073 07 0 028.00,URBAN SERVICES DISTRICT,SINGLE FAMILY,2014,130384.91188496891,171296.58817142114,-40911.67628645223,-0.5460391626458626
072 09 0 281.00,URBAN SERVICES DISTRICT,SINGLE FAMILY,2016,291187.7570237535,261452.38159327555,29735.37543047793,0.40361956235370205
103 10 0 001.00,URBAN SERVICES DISTRICT,SINGLE FAMILY,2013,390000.0,383292.5428594141,6707.457140585873,0.09407142140371891
108 16 0 191.00,GENERAL SERVICES DISTRICT,ZERO LOT LINE,2014,102339.85536631523,118105.2668176442,-15765.411451328968,-0.20801557607768104
164 13 0 035.00,URBAN SERVICES DISTRICT,SINGLE FAMILY,2014,134714.6749966207,134620.913752841,93.761243779707,0.005168149996702077
069 02 0 020.00,URBAN SERVICES DISTRICT,SINGLE FAMILY,2016,164035.76979004778,227372.53394914934,-63336.764159101556,-0.8474838774582127
083 07 0 069.00,URBAN SERVICES DISTRICT,SINGLE FAMILY,2014,329652.4187280346,309238.83450097207,20413.58422706253,0.2783132667078758
148 08 0 066.00,URBAN SERVICES DISTRICT,SINGLE FAMILY,2016,119872.29330811184,135779.52178400272,-15907.228475890879,-0.2099219227893361
091 07 0 128.00,URBAN SERVICES DISTRICT,SINGLE FAMILY,2014,89547.37344552582,147990.87558508437,-58443.50213955855,-0.7817071909917003
104 16 0 358.00,URBAN SERVICES DISTRICT,QUADPLEX,2016,693997.4875732791,533645.1330203281,160352.35455295094,2.1594119251228427
071 11 0 171.00,URBAN SERVICES DISTRICT,SINGLE FAMILY,2014,147507.15691741012,138697.90829074138,8809.248626668734,0.12232432898273489
134 09 0 031.00,URBAN SERVICES DISTRICT,SINGLE FAMILY,2016,131034.49066068906,202871.11453408655,-71836.62387339749,-0.961741525056818
108 15 0 043.00,GENERAL SERVICES DISTRICT,ZERO LOT LINE,2014,92499.48465801569,114029.84130666805,-21530.356648652363,-0.28550968761851003
082 08 0 271.00,URBAN SERVICES DISTRICT,SINGLE FAMILY,2014,329652.4187280346,219529.7452065262,110122.6735215084,1.4842095821208452
121 00 0 245.00,URBAN SERVICES DISTRICT,SINGLE FAMILY,2016,441634.7648193594,414422.16991427843,27212.594905080972,0.36970759463562003
061 15 0 131.00,URBAN SERVICES DISTRICT,SINGLE FAMILY,2015,184484.7791508626,167083.69325625792,17401.08589460468,0.2378183662705848
051 08 0 143.00,GENERAL SERVICES DISTRICT,TRIPLEX,2016,218390.8177678151,221624.6905243755,-3233.8727565603913,-0.03956289801206961
116 12 0 047.00,URBAN SERVICES DISTRICT,SINGLE FAMILY,2015,491435.2135078918,410700.24113238114,80734.97237551067,1.0891713445338065
053 03 0 268.00,GENERAL SERVICES DISTRICT,SINGLE FAMILY,2013,218000.0,182868.86690896266,35131.133091037336,0.4761509449917905
147 11 0 093.00,URBAN SERVICES DISTRICT,DUPLEX,2014,130384.91188496891,156520.48614929218,-26135.574264323266,-0.347414395358713
061 16 0 294.00,URBAN SERVICES DISTRICT,SINGLE FAMILY,2014,177126.67274939173,156769.53323660154,20357.139512790192,0.27755452003570596
032 09 0 149.00,GENERAL SERVICES DISTRICT,SINGLE FAMILY,2015,132589.22060442923,148541.81709364205,-15952.596489212825,-0.2105317731460037
025 12 0 029.00,CITY OF GOODLETTSVILLE,SINGLE FAMILY,2014,194839.34002433092,206174.3351645065,-11334.995140175597,-0.14846059957101232
033 01 0 005.00,GENERAL SERVICES DISTRICT,SINGLE FAMILY,2013,135000.0,165979.5589638737,-30979.558963873686,-0.41252868140315174
052 05 0 256.00,GENERAL SERVICES DISTRICT,DUPLEX,2014,157445.93133279265,114762.7856264061,42683.14570638655,0.5776673493876795
071 16 0 211.00,URBAN SERVICES DISTRICT,SINGLE FAMILY,2013,48500.0,265135.3751216819,-216635.3751216819,-2.9081694955112676
081 14 0 028.00,URBAN SERVICES DISTRICT,TRIPLEX,2015,117944.45124189404,166883.4358416959,-48938.98459980186,-0.6539446334725688
150 11 0 028.00,URBAN SERVICES DISTRICT,SINGLE FAMILY,2013,115750.0,120404.82031602874,-4654.820316028738,-0.0586636986091393
136 13 0 134.00,URBAN SERVICES DISTRICT,SINGLE FAMILY,2013,116000.0,120324.11756673495,-4324.117566734945,-0.054218293689673534
083 12 0 062.00,URBAN SERVICES DISTRICT,SINGLE FAMILY,2013,155000.0,247777.62806031152,-92777.62806031152,-1.243236744645572
132 07 0 047.00,CITY OF OAK HILL,SINGLE FAMILY,2015,293878.2576777193,323759.2970847076,-29881.039406988304,-0.3977620541140351
149 06 0 169.00,URBAN SERVICES DISTRICT,SINGLE FAMILY,2013,137000.0,145265.01521683633,-8265.015216836327,-0.1071930144571389
072 12 0 171.00,URBAN SERVICES DISTRICT,SINGLE FAMILY,2013,153000.0,150658.93120449944,2341.068795500556,0.03537712789998904
133 13 0 043.00,URBAN SERVICES DISTRICT,SINGLE FAMILY,2014,213536.04437010002,203933.31104071482,9602.733329385199,0.13299058684877682
119 06 0 231.00,URBAN SERVICES DISTRICT,SINGLE FAMILY,2015,206402.78967331458,133412.18986394568,72990.5998093689,0.9850691803479326
072 10 0 261.00,URBAN SERVICES DISTRICT,SINGLE FAMILY,2016,296040.88630748267,210703.848942591,85337.03736489167,1.1510336737318043
059 09 0 027.00,URBAN SERVICES DISTRICT,SINGLE FAMILY,2016,92112.39380518068,134815.20445590853,-42702.81065072786,-0.5701161246045351
103 12 0 079.00,URBAN SERVICES DISTRICT,SINGLE FAMILY,2014,590422.2424979724,593313.1903514456,-2890.9478534731315,-0.034953199258591354
105 01 0 153.00,URBAN SERVICES DISTRICT,SINGLE FAMILY,2013,275000.0,275338.04298702936,-338.0429870293592,-0.0006362911698255484
172 02 0 098.00,URBAN SERVICES DISTRICT,SINGLE FAMILY,2015,344004.6494555243,379920.421782907,-35915.7723273827,-0.47888273263657916
083 09 0 457.00,URBAN SERVICES DISTRICT,SINGLE FAMILY,2015,226060.19821363024,279105.56510135636,-53045.36688772612,-0.7091438480630968
092 06 0 018.00,URBAN SERVICES DISTRICT,DUPLEX,2014,83643.1510205461,115002.38408503881,-31359.233064492713,-0.417632373822673
082 04 0 323.00,URBAN SERVICES DISTRICT,SINGLE FAMILY,2013,145500.0,172055.80317044875,-26555.80317044875,-0.35306323756090574
104 11 0 243.00,URBAN SERVICES DISTRICT,SINGLE FAMILY,2015,490452.34308087605,411609.76638491993,78842.57669595612,1.063733197794984
134 13 0 157.00,URBAN SERVICES DISTRICT,SINGLE FAMILY,2014,78722.96566639633,111351.54890484194,-32628.583238445615,-0.43469535718118746
105 07 0 269.00,URBAN SERVICES DISTRICT,SINGLE FAMILY,2014,172206.48739524197,230991.17587333758,-58784.6884780956,-0.7862935194423286
072 10 0 255.00,URBAN SERVICES DISTRICT,SINGLE FAMILY,2016,208587.49661468208,162319.2238478111,46268.27276687097,0.6258596958547744
107 13 0 083.00,URBAN SERVICES DISTRICT,SINGLE FAMILY,2014,78722.96566639633,101735.78186369559,-23012.816197299268,-0.30543735070730205
118 01 0 306.00,URBAN SERVICES DISTRICT,SINGLE FAMILY,2014,521539.64753987564,416451.2310655857,105088.41647428996,1.4165375984698156
053 03 0 115.00,GENERAL SERVICES DISTRICT,SINGLE FAMILY,2016,99974.46324482202,135809.32639667985,-35834.86315185783,-0.4777951273848048
074 12 0 121.00,GENERAL SERVICES DISTRICT,SINGLE FAMILY,2014,127826.41550081104,125416.0500403903,2410.3654604207404,0.03630863432319416
129 12 0 053.00,URBAN SERVICES DISTRICT,SINGLE FAMILY,2013,255000.0,304657.48051449686,-49657.480514496856,-0.6636028697001839
071 08 0 292.00,URBAN SERVICES DISTRICT,SINGLE FAMILY,2013,90000.0,154654.5054126639,-64654.505412663886,-0.8651973481314331
083 05 0 189.00,URBAN SERVICES DISTRICT,SINGLE FAMILY,2014,302689.80298729386,325364.56267826125,-22674.75969096739,-0.30089309439399853
091 10 0 287.00,URBAN SERVICES DISTRICT,SINGLE FAMILY,2015,132687.50764713078,119704.303740396,12983.20390673478,0.17843187987325299
108 08 0 046.00,GENERAL SERVICES DISTRICT,SINGLE FAMILY,2015,122858.80337697295,140292.319204986,-17433.515828013056,-0.2304387322749888
146 15 0 025.00,URBAN SERVICES DISTRICT,SINGLE FAMILY,2015,285818.7201761899,371253.3324610582,-85434.61228486832,-1.1445297380616306
162 06 0 178.00,URBAN SERVICES DISTRICT,SINGLE FAMILY,2015,103692.83005016517,125285.571780627,-21592.74173046183,-0.28634828648159566
072 16 0 248.00,URBAN SERVICES DISTRICT,SINGLE FAMILY,2014,182046.8581035415,162894.6615985296,19152.196505011903,0.26135731700098047
116 13 0 134.00,URBAN SERVICES DISTRICT,SINGLE FAMILY,2013,755000.0,609567.2970157951,145432.70298420487,1.9588575220462068
082 07 0 266.00,URBAN SERVICES DISTRICT,DUPLEX,2015,125807.41465802031,160511.02245556258,-34703.60779754227,-0.4625884557499742
117 09 0 131.00,URBAN SERVICES DISTRICT,SINGLE FAMILY,2013,780000.0,677493.4121642879,102506.58783571213,1.3818318884155116
129 15 0 135.00,URBAN SERVICES DISTRICT,SINGLE FAMILY,2016,281481.498456295,287267.2573179601,-5785.75886166509,-0.07386611160728146
081 07 0 570.00,URBAN SERVICES DISTRICT,SINGLE FAMILY,2016,116378.0402238268,135869.09812275833,-19491.057898931525,-0.2580968260271608
092 03 0 163.00,URBAN SERVICES DISTRICT,TRIPLEX,2014,106276.00364963504,185065.87140821706,-78789.86775858203,-1.0552091017233323
052 08 0 114.00,GENERAL SERVICES DISTRICT,DUPLEX,2013,85000.0,95426.82431501307,-10426.824315013073,-0.1362526966657172
136 10 0 090.00,URBAN SERVICES DISTRICT,SINGLE FAMILY,2013,145000.0,162142.67308875808,-17142.673088758078,-0.22652913749043993
094 02 0 174.00,URBAN SERVICES DISTRICT,SINGLE FAMILY,2016,271775.2398888366,224547.92868020225,47227.31120863432,0.638751376423127
043 09 0 060.00,GENERAL SERVICES DISTRICT,DUPLEX,2014,127924.81920789403,110186.00688207017,17738.812325823863,0.24235818561584707
104 01 0 249.00,URBAN SERVICES DISTRICT,SINGLE FAMILY,2016,660025.5825871745,587032.3634696244,72993.21911755006,0.9851043898691688
058 11 0 030.00,URBAN SERVICES DISTRICT,SINGLE FAMILY,2015,158005.26697663037,149661.89047370182,8343.376502928557,0.1160619370457489
096 06 0 211.00,URBAN SERVICES DISTRICT,SINGLE FAMILY,2013,116000.0,110955.24605976313,5044.753940236871,0.07172086942848721
081 12 0 076.00,URBAN SERVICES DISTRICT,SINGLE FAMILY,2015,53959.586443166525,189863.87201195778,-135904.28556879127,-1.8229581284493495
072 11 0 455.00,URBAN SERVICES DISTRICT,SINGLE FAMILY,2015,238837.51376483543,164007.95162191644,74829.56214291899,1.0097890601243578
026 09 0 048.00,CITY OF GOODLETTSVILLE,SINGLE FAMILY,2014,103323.89243714517,125951.59233435325,-22627.699897208076,-0.3002605026204695
103 04 0 131.00,URBAN SERVICES DISTRICT,SINGLE FAMILY,2013,198000.0,498407.13237320055,-300407.13237320055,-4.034254424026202
082 04 0 114.00,URBAN SERVICES DISTRICT,SINGLE FAMILY,2014,218456.2297242498,195904.57410367884,22551.655620570964,0.307053859615459
071 08 0 314.00,URBAN SERVICES DISTRICT,SINGLE FAMILY,2014,135698.71206745066,132116.9814700624,3581.7305973882612,0.05205447361085033
098 05 0 105.00,GENERAL SERVICES DISTRICT,ZERO LOT LINE,2014,87480.89559678291,99078.03018611846,-11597.134589335546,-0.1519843561753048
128 14 0 100.00,GENERAL SERVICES DISTRICT,SINGLE FAMILY,2016,193154.54549242315,164536.0138852138,28618.531607209356,0.38860661481445324
083 03 0 028.00,URBAN SERVICES DISTRICT,SINGLE FAMILY,2014,378755.8685624493,246863.35859094618,131892.5099715031,1.7768462120171304
042 08 0 126.00,GENERAL SERVICES DISTRICT,SINGLE FAMILY,2016,136858.24580116413,140059.4642362417,-3201.2184350775788,-0.039123948890323564
073 09 0 122.00,URBAN SERVICES DISTRICT,SINGLE FAMILY,2013,128000.0,209478.1445491517,-81478.14454915171,-1.091345719562779
091 02 0 143.00,URBAN SERVICES DISTRICT,VACANT RESIDENTIAL LAND,2015,314420.2496023492,148000.58299208104,166419.66661026815,2.2409705421138693
053 03 0 258.00,GENERAL SERVICES DISTRICT,SINGLE FAMILY,2013,201000.0,186164.66759803222,14835.332401967782,0.20332874311909493
103 06 0 018.00,URBAN SERVICES DISTRICT,SINGLE FAMILY,2015,275203.7195644194,308338.89584499644,-33135.17628057703,-0.44150513183975076
173 01 0 180.00,URBAN SERVICES DISTRICT,ZERO LOT LINE,2015,48160.6509237734,82321.08583122397,-34160.43490745057,-0.4552869638727811
086 07 0 088.00,GENERAL SERVICES DISTRICT,SINGLE FAMILY,2015,137601.8597822097,138832.13044518052,-1230.2706629708118,-0.012629881511555708
146 08 0 110.00,URBAN SERVICES DISTRICT,SINGLE FAMILY,2013,190000.0,211122.33625073262,-21122.336250732624,-0.2800249558222726
059 10 0 197.00,URBAN SERVICES DISTRICT,SINGLE FAMILY,2016,142196.68801326628,133813.82921418652,8382.858799079753,0.11659266983801367
131 07 0 088.00,URBAN SERVICES DISTRICT,SINGLE FAMILY,2014,337032.69675925927,465240.9561744966,-128208.25941523735,-1.7195058511507648
083 08 0 035.00,URBAN SERVICES DISTRICT,SINGLE FAMILY,2014,194347.3214889159,256199.77117065067,-61852.44968173475,-0.8275312798647203
083 04 0 247.00,URBAN SERVICES DISTRICT,SINGLE FAMILY,2016,313706.27690025704,258326.24112012566,55380.03578013138,0.7483427299712203
083 06 0 197.00,URBAN SERVICES DISTRICT,SINGLE FAMILY,2016,232950.20561900278,219499.00180865682,13451.203810345964,0.18472287406143378
044 15 0 256.00,GENERAL SERVICES DISTRICT,SINGLE FAMILY,2013,89900.0,95533.5717359171,-5633.571735917096,-0.07182036690475266
147 05 0 002.00,URBAN SERVICES DISTRICT,SINGLE FAMILY,2015,312061.3605775113,271830.82223627676,40230.538341234555,0.544698670204191
082 07 0 358.00,URBAN SERVICES DISTRICT,ZERO LOT LINE,2015,153327.78661446224,108338.28935643214,44989.4972580301,0.6086700143355459
096 16 0 067.00,URBAN SERVICES DISTRICT,SINGLE FAMILY,2015,176818.38982013948,187905.114604971,-11086.724784831516,-0.14512327545937148
083 13 0 104.00,URBAN SERVICES DISTRICT,SINGLE FAMILY,2016,577522.3847637777,455768.6096767672,121753.77508701052,1.6405583159263661
160 07 0 018.00,URBAN SERVICES DISTRICT,SINGLE FAMILY,2015,287981.0351156246,383212.4752788267,-95231.44016320212,-1.276221618272806
072 10 0 053.00,URBAN SERVICES DISTRICT,SINGLE FAMILY,2016,198978.3006328982,150621.8437788699,48356.45685402831,0.6539296887218509
082 07 0 120.00,URBAN SERVICES DISTRICT,SINGLE FAMILY,2015,272746.54349688,192953.33998578027,79793.20351109971,1.076511806771292
146 15 0 012.00,URBAN SERVICES DISTRICT,SINGLE FAMILY,2015,270289.3674293405,291930.2301033991,-21640.86267405859,-0.2869951425475074
073 10 0 048.00,URBAN SERVICES DISTRICT,SINGLE FAMILY,2013,174900.0,151965.61755596285,22934.382444037154,0.31219858764533276
050 10 0 116.00,GENERAL SERVICES DISTRICT,ZERO LOT LINE,2015,206402.78967331458,105536.81807519316,100865.97159812141,1.3597782359765294
071 15 0 083.00,URBAN SERVICES DISTRICT,SINGLE FAMILY,2013,15000.0,104748.77606944079,-89748.77606944079,-1.2025220134578107
094 02 0 018.00,URBAN SERVICES DISTRICT,SINGLE FAMILY,2014,137765.18991619357,196741.2898090088,-58976.099892815226,-0.7888665287277173
081 07 0 089.00,URBAN SERVICES DISTRICT,SINGLE FAMILY,2016,137828.87165790997,160461.57315115133,-22632.70149324136,-0.3003277355650368
160 08 0 017.00,URBAN SERVICES DISTRICT,SINGLE FAMILY,2015,451235.8130429463,411003.6522683404,40232.16077460587,0.5447204794371223
108 16 0 180.00,GENERAL SERVICES DISTRICT,ZERO LOT LINE,2013,104500.0,110213.80341190612,-5713.803411906119,-0.07289886500584263
103 04 0 165.00,URBAN SERVICES DISTRICT,SINGLE FAMILY,2013,310000.0,308366.1165792456,1633.8834207543987,0.0258709313213874
034 09 0 142.00,CITY OF GOODLETTSVILLE,SINGLE FAMILY,2014,86103.24369762099,107995.0209313194,-21891.77723369842,-0.2903680108413768
081 08 0 461.00,URBAN SERVICES DISTRICT,SINGLE FAMILY,2013,115000.0,318208.6008564146,-203208.6008564146,-2.727682794088807
083 08 0 084.00,URBAN SERVICES DISTRICT,SINGLE FAMILY,2014,189427.13613476616,179183.19041304468,10243.94572172148,0.1416099549350754
149 04 0 162.00,URBAN SERVICES DISTRICT,SINGLE FAMILY,2015,133572.091031445,162177.94968202515,-28605.858650580165,-0.38062069432839624
147 01 0 057.00,URBAN SERVICES DISTRICT,SINGLE FAMILY,2015,181831.02899792,202098.3372235715,-20267.308225651504,-0.26853141427448224
132 15 0 013.00,CITY OF OAK HILL,SINGLE FAMILY,2014,293243.04710732633,523108.69417543657,-229865.64706811024,-3.0860147541978615
083 02 0 314.00,URBAN SERVICES DISTRICT,SINGLE FAMILY,2016,310600.2741586704,289090.34047797014,21509.933680700255,0.2930507228223546
053 03 0 359.00,GENERAL SERVICES DISTRICT,SINGLE FAMILY,2013,145000.0,153003.06249602942,-8003.062496029423,-0.103671767911021
083 12 0 190.00,URBAN SERVICES DISTRICT,SINGLE FAMILY,2013,219000.0,219880.99994843587,-880.9999484358705,-0.007934880469276514
147 08 0 075.00,URBAN SERVICES DISTRICT,SINGLE FAMILY,2016,193154.54549242315,190863.74362948834,2290.801862934808,0.03470142481076038
150 11 0 209.00,URBAN SERVICES DISTRICT,SINGLE FAMILY,2015,118927.32166890982,140103.9111609475,-21176.589492037674,-0.2807542440616642
105 13 0 360.00,URBAN SERVICES DISTRICT,SINGLE FAMILY,2015,751895.8766670745,597642.0835480206,154253.79311905394,2.07743324469819
072 15 0 278.00,URBAN SERVICES DISTRICT,DUPLEX,2014,162366.11668694243,180583.36871256874,-18217.25202562631,-0.24097394782996495
053 08 0 049.00,GENERAL SERVICES DISTRICT,SINGLE FAMILY,2016,150447.00779560595,177438.63199125504,-26991.624195649085,-0.35892167367481603
102 03 0 095.00,URBAN SERVICES DISTRICT,SINGLE FAMILY,2015,294762.8410620335,263545.4578390702,31217.38322296331,0.4235411528015284
160 15 0 031.00,URBAN SERVICES DISTRICT,SINGLE FAMILY,2014,404931.2546465261,370596.36470821523,34334.889938310895,0.46544760721857925
061 07 0 124.00,URBAN SERVICES DISTRICT,SINGLE FAMILY,2015,258003.4870916432,252909.9340774535,5093.553014189703,0.07237684112475688
025 16 0 063.00,CITY OF GOODLETTSVILLE,DUPLEX,2013,163500.0,175606.19714143133,-12106.19714143133,-0.15882732672282807
176 05 0 080.00,URBAN SERVICES DISTRICT,SINGLE FAMILY,2014,162267.7129798594,143235.43072251914,19032.282257340266,0.2597453939442418
118 01 0 356.00,URBAN SERVICES DISTRICT,SINGLE FAMILY,2015,402976.8750764713,484686.29461603187,-81709.41953956056,-1.0944545869136202
075 11 0 284.00,GENERAL SERVICES DISTRICT,SINGLE FAMILY,2014,146621.52355366317,143884.51322812145,2737.01032554172,0.04069949195418722
096 15 0 019.00,URBAN SERVICES DISTRICT,SINGLE FAMILY,2014,92499.48465801569,138178.8227877652,-45679.33812974952,-0.6101274941090956
150 14 0 038.00,URBAN SERVICES DISTRICT,SINGLE FAMILY,2016,157726.7017211998,156983.33870299975,743.3630182000343,0.013900290657366424
129 08 0 090.00,URBAN SERVICES DISTRICT,SINGLE FAMILY,2015,412805.57934662915,245785.62516530644,167019.9541813227,2.249039786555165
119 13 0 156.00,URBAN SERVICES DISTRICT,SINGLE FAMILY,2015,191659.7332680778,152820.3654477888,38839.367820289015,0.5259981414337666
086 10 0 043.00,GENERAL SERVICES DISTRICT,DUPLEX,2015,88458.33843142053,116804.42482530323,-28346.086393882695,-0.37712875823070824
145 10 0 052.00,CITY OF FOREST HILLS,SINGLE FAMILY,2014,494478.6280920519,528862.405074767,-34383.77698271506,-0.4582891946139063
119 14 0 350.00,URBAN SERVICES DISTRICT,SINGLE FAMILY,2013,100000.0,186496.215457281,-86496.21545728101,-1.1588001243080157
142 11 0 028.00,GENERAL SERVICES DISTRICT,SINGLE FAMILY,2016,266533.860262409,241394.99431158561,25138.865950823412,0.3418319119732256
083 06 0 351.00,URBAN SERVICES DISTRICT,SINGLE FAMILY,2015,535664.3827236021,473475.22417638026,62189.15854722186,0.8398729876141026
161 06 0 035.00,URBAN SERVICES DISTRICT,SINGLE FAMILY,2014,230264.67457420926,210101.47970618884,20163.194868020422,0.27494745831697304
081 10 0 235.00,URBAN SERVICES DISTRICT,SINGLE FAMILY,2013,48000.0,111387.77214948199,-63387.772149481985,-0.848169542067453
083 13 0 145.00,URBAN SERVICES DISTRICT,SINGLE FAMILY,2014,491920.13170789403,422244.37000330107,69675.76170459297,0.9405101385810545
082 16 0 431.00,URBAN SERVICES DISTRICT,ZERO LOT LINE,2013,270000.0,265889.245838892,4110.754161107994,0.05916576602585159
148 05 0 083.00,URBAN SERVICES DISTRICT,SINGLE FAMILY,2014,135305.09723911868,127165.97472257807,8139.122516540607,0.11331629408436293
142 02 0 177.00,GENERAL SERVICES DISTRICT,SINGLE FAMILY,2014,157445.93133279265,201863.61827880747,-44417.686946014815,-0.59316800287172
073 09 0 203.00,URBAN SERVICES DISTRICT,SINGLE FAMILY,2014,186868.63975060827,162609.03711450484,24259.60263610343,0.33001259243896447
103 03 0 094.00,URBAN SERVICES DISTRICT,SINGLE FAMILY,2016,436781.6355356302,398725.47816021956,38056.157375410665,0.5154699932037495
128 00 0 102.00,GENERAL SERVICES DISTRICT,SINGLE FAMILY,2015,264392.1448672458,287089.65226869367,-22697.50740144786,-0.30119887589806044
075 09 0 061.00,GENERAL SERVICES DISTRICT,SINGLE FAMILY,2015,136618.98935519392,135391.64830107472,1227.3410541191988,0.02040606766219285
149 05 0 027.00,URBAN SERVICES DISTRICT,SINGLE FAMILY,2013,102000.0,107149.52342103081,-5149.523421030812,-0.0653136451891041
083 06 0 225.00,URBAN SERVICES DISTRICT,SINGLE FAMILY,2015,469320.6289000367,382611.6400893725,86708.98881066416,1.1694758539656522
095 06 0 011.00,URBAN SERVICES DISTRICT,DUPLEX,2016,242656.46418646123,183657.08230640937,58999.381880051864,0.7969950589651412
043 11 0 155.00,GENERAL SERVICES DISTRICT,DUPLEX,2015,71651.25412945062,123853.37854475871,-52202.12441530809,-0.6978087314267987
095 09 0 040.00,URBAN SERVICES DISTRICT,SINGLE FAMILY,2013,176000.0,217614.17854342627,-41614.17854342627,-0.5554824073596035
091 02 0 603.00,URBAN SERVICES DISTRICT,SINGLE FAMILY,2016,368837.82556342107,374684.89474891854,-5847.069185497472,-0.07469026325331565
147 01 0 239.00,URBAN SERVICES DISTRICT,SINGLE FAMILY,2014,170730.43178899703,185359.21523765262,-14628.783448655595,-0.1927366837023475
157 00 0 070.00,GENERAL SERVICES DISTRICT,SINGLE FAMILY,2016,752235.0389780297,653808.469043732,98426.5699342977,1.3269870717661554
082 04 0 009.00,URBAN SERVICES DISTRICT,SINGLE FAMILY,2014,134321.06016828874,138208.14345961,-3887.0832913212653,-0.04834354870479537
103 12 0 011.00,URBAN SERVICES DISTRICT,SINGLE FAMILY,2016,607126.4733945259,546128.4580020214,60998.015392504516,0.8238612863171644
091 12 0 023.00,URBAN SERVICES DISTRICT,SINGLE FAMILY,2014,162366.11668694243,167867.5294345134,-5501.412747570954,-0.07004384639441474
119 05 0 434.00,URBAN SERVICES DISTRICT,SINGLE FAMILY,2016,329042.16543684143,333369.49836940056,-4327.332932559133,-0.05426151559539778
083 07 0 256.00,URBAN SERVICES DISTRICT,SINGLE FAMILY,2016,169859.52493052286,206154.92408599757,-36295.399155474704,-0.48398578960470295
162 03 0 193.00,URBAN SERVICES DISTRICT,SINGLE FAMILY,2016,163938.7072043732,134135.7000260597,29803.007178313506,0.4045286884652399
032 13 0 046.00,GENERAL SERVICES DISTRICT,SINGLE FAMILY,2013,151000.0,164801.66445831666,-13801.664458316664,-0.1816183037176388
092 04 0 295.00,URBAN SERVICES DISTRICT,SINGLE FAMILY,2016,475509.6072197894,360491.1567912059,115018.45042858348,1.550020074455107
105 01 0 111.00,URBAN SERVICES DISTRICT,SINGLE FAMILY,2016,380485.3358443712,249863.69669658024,130621.63914779093,1.7597627876313338
133 11 0 063.00,URBAN SERVICES DISTRICT,SINGLE FAMILY,2015,146447.69362535176,146464.51105107594,-16.817425724177156,0.0036817185640929603
091 15 0 075.00,URBAN SERVICES DISTRICT,SINGLE FAMILY,2015,280118.07169949834,262950.10398503597,17167.96771446237,0.23468472221399767
075 05 0 008.00,GENERAL SERVICES DISTRICT,SINGLE FAMILY,2016,178595.15764123545,165940.49509949406,12654.662541741389,0.1740155289257375
083 01 0 168.00,URBAN SERVICES DISTRICT,DUPLEX,2013,70000.0,123770.84439750192,-53770.84439750192,-0.7188959329725996
090 12 0 257.00,URBAN SERVICES DISTRICT,SINGLE FAMILY,2013,123000.0,140505.53008170926,-17505.530081709265,-0.23140676933647805
149 04 0 256.00,URBAN SERVICES DISTRICT,ZERO LOT LINE,2016,94150.70810434695,116982.75281566175,-22832.044711314797,-0.30300736651512167
133 02 0 262.00,URBAN SERVICES DISTRICT,SINGLE FAMILY,2014,221408.34093673967,174711.9313107349,46696.40962600478,0.6316148391182108
092 09 0 349.00,URBAN SERVICES DISTRICT,SINGLE FAMILY,2013,95000.0,135853.22319351044,-40853.223193510436,-0.5452534187490358
071 16 0 295.00,URBAN SERVICES DISTRICT,SINGLE FAMILY,2015,334175.94518536644,334398.06868182553,-222.12349645909853,0.0009219331713492135
061 11 0 211.00,URBAN SERVICES DISTRICT,SINGLE FAMILY,2013,256000.0,258388.25590240592,-2388.2559024059155,-0.02819586422880365
043 05 0 231.00,GENERAL SERVICES DISTRICT,DUPLEX,2015,117846.16419919246,117099.58005824973,746.584140942723,0.01394358994930497
118 10 0 114.00,URBAN SERVICES DISTRICT,SINGLE FAMILY,2015,378405.1144010767,383792.16744521743,-5387.053044140746,-0.06850658917685937
091 07 0 204.00,URBAN SERVICES DISTRICT,SINGLE FAMILY,2014,157445.93133279265,247781.32577847675,-90335.3944456841,-1.210407512508453
044 15 0 115.00,GENERAL SERVICES DISTRICT,DUPLEX,2015,126790.28508503608,122597.4695050424,4192.815579993679,0.06026886007629955
074 08 0 081.00,GENERAL SERVICES DISTRICT,SINGLE FAMILY,2013,64000.0,138372.38340922896,-74372.38340922896,-0.9958279605014568
071 16 0 358.00,URBAN SERVICES DISTRICT,SINGLE FAMILY,2015,167087.97259268322,123066.64348796583,44021.329104717384,0.5956556094635052
052 07 0 082.00,GENERAL SERVICES DISTRICT,SINGLE FAMILY,2016,153358.88536584348,135164.71462145456,18194.170744388917,0.2484792491943386
147 02 0 167.00,URBAN SERVICES DISTRICT,SINGLE FAMILY,2016,291187.7570237535,259275.6439795483,31912.11304420518,0.43287991811764165
148 12 0 012.00,URBAN SERVICES DISTRICT,SINGLE FAMILY,2016,160153.2663630644,147401.59191809126,12751.674444973149,0.1753195918426444
071 12 0 162.00,URBAN SERVICES DISTRICT,SINGLE FAMILY,2016,92209.45639085527,310365.84735038533,-218156.39095953008,-2.928615443730914
119 02 0 163.00,URBAN SERVICES DISTRICT,SINGLE FAMILY,2016,160153.2663630644,145771.9926215839,14381.273741480516,0.19722515127606816
073 01 0 253.00,URBAN SERVICES DISTRICT,SINGLE FAMILY,2015,434920.1639544843,408389.7368140623,26530.42714042199,0.3605376922281201
118 02 0 127.00,URBAN SERVICES DISTRICT,SINGLE FAMILY,2015,424600.0244708185,390744.4310476758,33855.59342314274,0.45900476061097983
069 04 0 022.00,URBAN SERVICES DISTRICT,SINGLE FAMILY,2013,10000.0,89153.28869365905,-79153.28869365905,-1.0600943142475046
130 10 0 096.00,CITY OF BELLE MEADE,SINGLE FAMILY,2013,616224.0,453580.2201894686,162643.7798105314,2.190213946377244
119 05 0 388.00,URBAN SERVICES DISTRICT,SINGLE FAMILY,2015,113030.09910681512,149596.77261847077,-36566.67351165565,-0.4876323403517618
061 16 0 129.00,URBAN SERVICES DISTRICT,SINGLE FAMILY,2014,185983.00638686132,184472.88154168357,1510.12484517775,0.024207331663176644
095 14 0 090.00,URBAN SERVICES DISTRICT,SINGLE FAMILY,2013,165000.0,144974.9876682053,20025.012331794685,0.27308996748076464
044 15 0 112.00,GENERAL SERVICES DISTRICT,SINGLE FAMILY,2014,42313.59404568803,84882.59391750736,-42568.99987181933,-0.5683174002331539
150 01 0 028.00,URBAN SERVICES DISTRICT,SINGLE FAMILY,2015,125807.41465802031,145053.9326257112,-19246.51796769089,-0.25480964738814316
147 15 0 107.00,URBAN SERVICES DISTRICT,SINGLE FAMILY,2015,221145.84607855132,204357.7411362623,16788.104942289006,0.22957849361521088
162 03 0 130.00,URBAN SERVICES DISTRICT,SINGLE FAMILY,2016,87356.32710712604,129860.35695158191,-42504.02984445587,-0.567444053761508
147 01 0 123.00,URBAN SERVICES DISTRICT,SINGLE FAMILY,2013,239000.0,206836.88180438092,32163.118195619085,0.4362540041731384
074 04 0 078.00,GENERAL SERVICES DISTRICT,SINGLE FAMILY,2013,135000.0,115196.21686917896,19803.783130821044,0.27011613862558326
116 13 0 141.00,URBAN SERVICES DISTRICT,SINGLE FAMILY,2013,375000.0,615402.9548892222,-240402.95488922216,-3.227660386494319
136 13 0 069.00,URBAN SERVICES DISTRICT,SINGLE FAMILY,2016,179468.72091230672,169342.99704095378,10125.723871352937,0.14002078158729114
150 07 0 482.00,URBAN SERVICES DISTRICT,SINGLE FAMILY,2016,160153.2663630644,145501.93393086066,14651.332432203752,0.20085536068572452
098 05 0 189.00,GENERAL SERVICES DISTRICT,ZERO LOT LINE,2014,91023.42905177076,111733.21072338472,-20709.781671613964,-0.27447927421098084
146 12 0 107.00,URBAN SERVICES DISTRICT,SINGLE FAMILY,2014,314891.8626655853,274303.74570352136,40588.11696206394,0.5495053485989889
091 15 0 077.00,URBAN SERVICES DISTRICT,SINGLE FAMILY,2016,417369.1184007133,342862.2118188686,74506.90658184473,1.0054518279073426
162 13 0 176.00,URBAN SERVICES DISTRICT,SINGLE FAMILY,2013,27800.0,115415.71850240181,-87615.71850240181,-1.173848817899963
156 09 0 049.00,GENERAL SERVICES DISTRICT,SINGLE FAMILY,2013,647000.0,566271.9452900903,80728.05470990972,1.0890783552110406
060 02 0 233.00,URBAN SERVICES DISTRICT,SINGLE FAMILY,2016,126181.36137695983,174938.25426008014,-48756.89288312031,-0.6514969023458735
118 13 0 079.00,URBAN SERVICES DISTRICT,SINGLE FAMILY,2015,245717.6067539459,505870.87140325276,-260153.26464930686,-3.4931499367201457
115 10 0 009.00,URBAN SERVICES DISTRICT,SINGLE FAMILY,2014,398535.0136861314,386676.16920203884,11858.844484092551,0.16331790540725577
072 12 0 043.00,URBAN SERVICES DISTRICT,SINGLE FAMILY,2016,194173.70264200628,168133.8459162148,26039.85672579147,0.35394329850384687
136 13 0 067.00,URBAN SERVICES DISTRICT,SINGLE FAMILY,2013,129900.0,131383.80152663856,-1483.8015266385628,-0.01603791894393813
096 06 0 111.00,URBAN SERVICES DISTRICT,SINGLE FAMILY,2016,90413.79855587546,140239.99237632466,-49826.1938204492,-0.6658707642425229
084 11 0 013.00,URBAN SERVICES DISTRICT,SINGLE FAMILY,2016,140740.7492281475,144191.41333138483,-3450.66410323733,-0.04247707190712576
136 07 0 180.00,URBAN SERVICES DISTRICT,SINGLE FAMILY,2013,112500.0,137222.34319100445,-24722.343191004446,-0.32841732206830565
133 11 0 070.00,URBAN SERVICES DISTRICT,SINGLE FAMILY,2016,82503.19782339681,139576.3898879729,-57073.1920645761,-0.76328707455321
043 16 0 116.00,GENERAL SERVICES DISTRICT,MOBILE HOME,2015,27520.37195644194,112560.94165741146,-85040.56970096951,-1.1392329002074446
081 11 0 436.00,URBAN SERVICES DISTRICT,SINGLE FAMILY,2016,156270.76293608104,161329.86838937458,-5059.105453293538,-0.06409821991838675
071 03 0 118.00,URBAN SERVICES DISTRICT,SINGLE FAMILY,2014,54122.03889564747,103101.96985175685,-48979.930956109376,-0.654495046597807
087 01 0 033.00,GENERAL SERVICES DISTRICT,SINGLE FAMILY,2013,255000.0,237903.75288674922,17096.247113250778,0.2337206325167275
083 10 0 098.00,URBAN SERVICES DISTRICT,SINGLE FAMILY,2015,309604.1845099718,341644.31864881,-32040.134138838155,-0.4267852490014509
147 05 0 175.00,URBAN SERVICES DISTRICT,SINGLE FAMILY,2016,298952.7638777202,307021.75935003516,-8068.995472314942,-0.10455805862907695
149 10 0 061.00,URBAN SERVICES DISTRICT,SINGLE FAMILY,2015,131508.06313471185,135056.12520059836,-3548.062065886508,-0.043786324349783724
090 12 0 003.00,URBAN SERVICES DISTRICT,SINGLE FAMILY,2016,234406.14440412153,204999.06447996132,29407.079924160207,0.3992065163117812
150 07 0 384.00,URBAN SERVICES DISTRICT,SINGLE FAMILY,2016,148505.75608211427,151186.8983337647,-2681.1422516504244,-0.03213292982791431
075 03 0 059.00,GENERAL SERVICES DISTRICT,SINGLE FAMILY,2015,208368.53052734613,184876.6591609062,23491.87136643994,0.31969251989563696
091 07 0 114.00,URBAN SERVICES DISTRICT,VACANT RESIDENTIAL LAND,2016,203831.4299166274,156881.85938228734,46949.57053434008,0.6350179035007519
083 02 0 190.00,URBAN SERVICES DISTRICT,SINGLE FAMILY,2013,215000.0,192793.77989055187,22206.220109448128,0.3024104125204987
133 13 0 058.00,URBAN SERVICES DISTRICT,SINGLE FAMILY,2015,211317.14180839347,246132.61232077822,-34815.47051238475,-0.46409214770272483
128 14 0 218.00,GENERAL SERVICES DISTRICT,ZERO LOT LINE,2014,103323.89243714517,104946.79128929036,-1622.898852145183,-0.017907706650306214
083 13 0 303.00,URBAN SERVICES DISTRICT,SINGLE FAMILY,2015,172002.32472776214,174084.45356379767,-2082.1288360355247,-0.02408081296379107
133 04 0 007.00,URBAN SERVICES DISTRICT,SINGLE FAMILY,2015,124824.54423100452,141678.88193213128,-16854.33770112676,-0.22265324727371352
082 03 0 325.00,URBAN SERVICES DISTRICT,SINGLE FAMILY,2016,305747.14487494115,259961.25421258475,45785.890662356396,0.6193753718355438
083 04 0 041.00,URBAN SERVICES DISTRICT,SINGLE FAMILY,2013,159900.0,197523.40964737043,-37623.40964737043,-0.5018373024402698
026 16 0 014.00,GENERAL SERVICES DISTRICT,SINGLE FAMILY,2016,177624.5317844896,185201.34948273926,-7576.817698249652,-0.09794205830022022
081 16 0 159.00,URBAN SERVICES DISTRICT,TRIPLEX,2015,178882.41771687262,227531.477466392,-48649.059749519394,-0.6500473772251584
104 13 0 032.00,URBAN SERVICES DISTRICT,SINGLE FAMILY,2013,630000.0,541985.289303106,88014.71069689398,1.1870277567209073
074 04 0 081.00,GENERAL SERVICES DISTRICT,SINGLE FAMILY,2016,169859.52493052286,194588.9861148652,-24729.461184342334,-0.32851300425621777
083 07 0 356.00,URBAN SERVICES DISTRICT,DUPLEX,2013,120000.0,146678.68002869718,-26678.680028697185,-0.35471498491200143
084 04 0 015.00,URBAN SERVICES DISTRICT,SINGLE FAMILY,2013,219901.0,208849.18732653392,11051.812673466076,0.15246954327907425
052 00 0 020.00,GENERAL SERVICES DISTRICT,RESIDENTIAL COMBO/MISC,2014,98403.7070829954,267828.59095826827,-169424.88387527288,-2.27355200144642
104 10 0 021.00,URBAN SERVICES DISTRICT,SINGLE FAMILY,2016,422222.24768444255,459247.9789963871,-37025.731311944546,-0.493803132121958
072 08 0 071.00,URBAN SERVICES DISTRICT,SINGLE FAMILY,2013,129900.0,122964.9687647414,6935.031235258604,0.09713054021105116
158 07 0 016.00,CITY OF FOREST HILLS,SINGLE FAMILY,2016,533844.2212102147,582430.2761384883,-48586.05492827366,-0.6492004476398618
083 01 0 403.00,URBAN SERVICES DISTRICT,SINGLE FAMILY,2015,201488.43753823565,200991.87763800018,496.559900235472,0.010582689587880098
082 07 0 039.00,URBAN SERVICES DISTRICT,SINGLE FAMILY,2014,157445.93133279265,154420.5176466161,3025.4136861765583,0.04457629588428577
104 01 0 460.00,URBAN SERVICES DISTRICT,SINGLE FAMILY,2015,670022.7700966597,413228.60569032346,256794.1644063362,3.455811476925626
091 05 0 207.00,URBAN SERVICES DISTRICT,SINGLE FAMILY,2015,135636.11892817816,132206.56317188413,3429.555756294023,0.05000889404229866
070 04 0 044.00,URBAN SERVICES DISTRICT,SINGLE FAMILY,2014,30505.149195728576,90428.23534186342,-59923.08614613484,-0.8015962001869454
082 04 0 042.00,URBAN SERVICES DISTRICT,SINGLE FAMILY,2015,29486.11281047351,142677.9629663847,-113191.85015591118,-1.5176508023594517
146 06 0 033.00,CITY OF OAK HILL,SINGLE FAMILY,2015,486520.8613728129,558950.5295585591,-72429.66818574618,-0.9697134034557907
083 09 0 381.00,URBAN SERVICES DISTRICT,SINGLE FAMILY,2016,344572.1791447749,270264.3326979265,74307.84644684842,1.0027760022443513
053 03 0 061.00,GENERAL SERVICES DISTRICT,SINGLE FAMILY,2015,176425.24164933315,169120.5279384074,7304.7137109257455,0.10209992223004076
161 06 0 036.00,URBAN SERVICES DISTRICT,SINGLE FAMILY,2015,324838.6761287165,261900.05033064072,62938.62579807578,0.8499475497731389
059 05 0 054.00,URBAN SERVICES DISTRICT,SINGLE FAMILY,2014,44281.66818734793,119310.81023397935,-75029.14204663143,-1.004656305847376
061 07 0 131.00,URBAN SERVICES DISTRICT,SINGLE FAMILY,2015,186745.38113299888,151033.73179652885,35711.64933647003,0.48395441738138256
150 02 0 203.00,URBAN SERVICES DISTRICT,SINGLE FAMILY,2014,118084.44849959448,141029.07901957526,-22944.630519980783,-0.3045207785105604
114 07 0 001.00,GENERAL SERVICES DISTRICT,SINGLE FAMILY,2016,343380.25059269107,302039.42495262175,41340.82564006932,0.559623482987878
087 02 0 001.00,GENERAL SERVICES DISTRICT,SINGLE FAMILY,2014,186475.0249222763,199529.63021750315,-13054.605295226851,-0.17157611179204005
091 11 0 172.00,URBAN SERVICES DISTRICT,SINGLE FAMILY,2013,265000.0,271776.2629740284,-6776.262974028417,-0.08718076309794465
081 15 0 624.00,URBAN SERVICES DISTRICT,DUPLEX,2015,119418.75688241771,151667.75348871647,-32248.99660629875,-0.42959284053893837
083 15 0 178.00,URBAN SERVICES DISTRICT,SINGLE FAMILY,2013,200000.0,200033.15969895702,-33.159698957024375,0.003462040856605826
098 01 0 091.00,GENERAL SERVICES DISTRICT,SINGLE FAMILY,2015,167087.97259268322,157710.63102450268,9377.341568180535,0.12996080361835033
052 08 0 042.00,GENERAL SERVICES DISTRICT,SINGLE FAMILY,2015,139567.6006362413,157576.38186104945,-18008.78122480816,-0.23817162119221857
073 01 0 169.00,URBAN SERVICES DISTRICT,SINGLE FAMILY,2014,132845.0045620438,152967.04816755222,-20122.04360550843,-0.2665787239554953
133 12 0 167.00,URBAN SERVICES DISTRICT,SINGLE FAMILY,2016,167821.21063135657,149975.36700252115,17845.843628835428,0.24379693229080063
146 16 0 001.00,URBAN SERVICES DISTRICT,SINGLE FAMILY,2015,280118.07169949834,270821.7370977421,9296.334601756244,0.12887188383216003
061 06 0 111.00,URBAN SERVICES DISTRICT,CONVENIENCE MARKET WITHOUT GAS,2014,63962.40960394702,130354.76766733691,-66392.3580633899,-0.8885580814163593
165 14 0 080.00,URBAN SERVICES DISTRICT,SINGLE FAMILY,2016,130937.42807501448,135473.27824180873,-4535.850166794247,-0.05706446640497417
133 12 0 262.00,URBAN SERVICES DISTRICT,SINGLE FAMILY,2015,129738.89636608344,139700.93197466357,-9962.035608580132,-0.13000486834707944
083 13 0 071.00,URBAN SERVICES DISTRICT,SINGLE FAMILY,2014,167187.8983340092,217613.41120731205,-50425.512873302854,-0.6739269895735023
161 13 0 007.00,URBAN SERVICES DISTRICT,ZERO LOT LINE,2015,155834.1062033525,152244.3882628586,3589.7179404938943,0.05216184185744358
070 13 0 133.00,URBAN SERVICES DISTRICT,SINGLE FAMILY,2016,97062.5856745845,136092.660832068,-39030.075157483516,-0.5207461194732491
103 04 0 103.00,URBAN SERVICES DISTRICT,SINGLE FAMILY,2015,368576.41013091884,441931.7617965814,-73355.35166566254,-0.9821567166858015
084 16 0 093.00,URBAN SERVICES DISTRICT,SINGLE FAMILY,2013,164000.0,175357.59388319467,-11357.59388319467,-0.14876437861005948
104 13 0 238.00,URBAN SERVICES DISTRICT,VACANT RESIDENTIAL LAND,2013,275000.0,408141.9981569003,-133141.99815690028,-1.785826637779795
034 05 0 037.00,CITY OF GOODLETTSVILLE,SINGLE FAMILY,2015,142516.21191728863,130995.9017122298,11520.310205058835,0.15876722673089763
096 15 0 028.00,URBAN SERVICES DISTRICT,SINGLE FAMILY,2016,150932.3207239789,153171.23219209275,-2238.91146811386,-0.026188331832068302
145 12 0 028.00,CITY OF OAK HILL,SINGLE FAMILY,2015,393049.8837636119,502920.27382418234,-109870.39006057044,-1.4730027458217674
053 16 0 013.00,GENERAL SERVICES DISTRICT,SINGLE FAMILY,2013,112000.0,132862.51204854387,-20862.512048543867,-0.27653232145780876
136 14 0 174.00,URBAN SERVICES DISTRICT,SINGLE FAMILY,2016,192669.2325640502,171402.55084989834,21266.68171415187,0.28978085738859843
119 06 0 244.00,URBAN SERVICES DISTRICT,SINGLE FAMILY,2015,117944.45124189404,178450.7298953193,-60506.27865342525,-0.8094356476860686
161 06 0 181.00,URBAN SERVICES DISTRICT,SINGLE FAMILY,2013,182000.0,161379.79621108924,20620.20378891076,0.2810907084396408
060 16 0 172.00,URBAN SERVICES DISTRICT,SINGLE FAMILY,2015,71258.10595864432,195016.3904313187,-123758.28447267438,-1.6596879616913858
149 06 0 018.00,URBAN SERVICES DISTRICT,SINGLE FAMILY,2013,130000.0,133467.26187899846,-3467.2618789984554,-0.04270018415574861
073 05 0 059.00,URBAN SERVICES DISTRICT,SINGLE FAMILY,2016,198978.3006328982,314420.26503771514,-115441.96440481694,-1.5478975087228133
053 08 0 101.00,GENERAL SERVICES DISTRICT,SINGLE FAMILY,2013,79900.0,81386.35803840525,-1486.3580384052475,-0.016072284337054946
133 01 0 294.00,URBAN SERVICES DISTRICT,SINGLE FAMILY,2014,210583.93315761018,201288.71680163726,9295.216355972923,0.12885685203905592
081 08 0 302.00,URBAN SERVICES DISTRICT,SINGLE FAMILY,2015,274220.84913740365,241991.33693718424,32229.51220021941,0.437146492171208
119 11 0 078.00,URBAN SERVICES DISTRICT,SINGLE FAMILY,2015,130230.33157959134,187825.97562742408,-57595.64404783274,-0.7703100298250165
119 14 0 172.00,URBAN SERVICES DISTRICT,SINGLE FAMILY,2015,194116.90933561727,162644.0151529667,31472.894182650576,0.4269758072747578
105 04 0 183.00,URBAN SERVICES DISTRICT,SINGLE FAMILY,2014,118084.44849959448,97297.64714608349,20786.801353510993,0.28333016255614396
096 06 0 054.00,URBAN SERVICES DISTRICT,SINGLE FAMILY,2015,108115.7469717362,119175.07856968557,-11059.331597949378,-0.14475504807696915
116 04 0 160.00,URBAN SERVICES DISTRICT,SINGLE FAMILY,2015,481606.50923773396,432639.6848762958,48966.824361438164,0.6621344306718834
085 07 0 097.00,URBAN SERVICES DISTRICT,SINGLE FAMILY,2015,201488.43753823565,179731.9050898488,21756.53244838686,0.2963655769544996
130 04 0 087.00,URBAN SERVICES DISTRICT,SINGLE FAMILY,2016,776403.6228110014,574196.213061987,202207.40974901442,2.7220400516516485
115 01 0 012.00,URBAN SERVICES DISTRICT,SINGLE FAMILY,2013,264000.0,288158.7461387894,-24158.7461387894,-0.32084128251658306
104 15 0 165.00,URBAN SERVICES DISTRICT,SINGLE FAMILY,2013,424000.0,387028.43795141333,36971.56204858667,0.5008905395651296
081 15 0 439.00,URBAN SERVICES DISTRICT,SINGLE FAMILY,2015,80595.37501529425,197709.24696619905,-117113.8719509048,-1.5703717882567525
042 16 0 133.00,GENERAL SERVICES DISTRICT,SINGLE FAMILY,2015,218197.23479750397,179179.2576689868,39017.977128517174,0.5283990609881257
083 14 0 244.00,URBAN SERVICES DISTRICT,SINGLE FAMILY,2015,211317.14180839347,241490.93775035386,-30173.795941960387,-0.40169737471100564
071 04 0 032.00,URBAN SERVICES DISTRICT,SINGLE FAMILY,2014,78722.96566639633,135184.55466601212,-56461.58899961579,-0.7550657238703359
052 09 0 063.00,GENERAL SERVICES DISTRICT,SINGLE FAMILY,2015,511092.6220482075,109092.23273755595,402000.3893106516,5.4077168297088924
044 11 0 014.00,GENERAL SERVICES DISTRICT,SINGLE FAMILY,2013,98621.0,96797.08347852547,1823.9165214745299,0.028425412899198886
081 15 0 430.00,URBAN SERVICES DISTRICT,SINGLE FAMILY,2016,196066.42306266067,163232.2914595916,32834.13160306908,0.44527396638656325
172 01 0 017.00,URBAN SERVICES DISTRICT,SINGLE FAMILY,2016,264980.85889161564,347459.74457331636,-82478.88568170072,-1.1047979801298446
091 12 0 318.00,URBAN SERVICES DISTRICT,SINGLE FAMILY,2014,334966.21891051636,252409.48351562186,82556.7353948945,1.1136600260030831
162 07 0 227.00,URBAN SERVICES DISTRICT,SINGLE FAMILY,2014,102831.8739017302,117426.91104887876,-14595.037147148556,-0.1922830558596594
083 06 0 047.00,URBAN SERVICES DISTRICT,SINGLE FAMILY,2013,249900.0,284477.48310179706,-34577.48310179706,-0.4608930499992534
071 15 0 214.00,URBAN SERVICES DISTRICT,SINGLE FAMILY,2013,205000.0,186865.78253627694,18134.217463723064,0.24767333932700536
085 05 0 003.00,URBAN SERVICES DISTRICT,VACANT RESIDENTIAL LAND,2014,67406.53935185185,176741.14578311009,-109334.60643125823,-1.4658005825902853
104 15 0 035.00,URBAN SERVICES DISTRICT,SINGLE FAMILY,2016,412515.98911698407,354797.5233566433,57718.4657603408,0.7797766027166027
136 14 0 122.00,URBAN SERVICES DISTRICT,SINGLE FAMILY,2015,157259.26832252537,148243.0147158806,9016.25360664478,0.1251069516198449
145 02 0 058.00,URBAN SERVICES DISTRICT,ZERO LOT LINE,2015,425288.0337697296,424023.86735873343,1264.1664109961712,0.020901085084852805
051 08 0 140.00,GENERAL SERVICES DISTRICT,SINGLE FAMILY,2016,58237.551404750695,116416.9267319036,-58179.375327152906,-0.7781567196583405
104 05 0 299.00,URBAN SERVICES DISTRICT,SINGLE FAMILY,2016,616347.4190336115,471432.5840982285,144914.83493538306,1.9518961853872805
094 01 0 284.01,URBAN SERVICES DISTRICT,SINGLE FAMILY,2013,71000.0,268842.8921738686,-197842.8921738686,-2.655555338769046
075 06 0 024.00,GENERAL SERVICES DISTRICT,SINGLE FAMILY,2015,132687.50764713078,141653.94268330044,-8966.435036169656,-0.11662170872150103
133 07 0 286.00,URBAN SERVICES DISTRICT,SINGLE FAMILY,2015,186647.09409029732,156378.08914657123,30269.00494372609,0.41079276931503295
053 02 0 066.00,GENERAL SERVICES DISTRICT,SINGLE FAMILY,2015,152344.91618744648,151740.24718887138,604.6689985751,0.012035924308862236
150 04 0 105.00,URBAN SERVICES DISTRICT,SINGLE FAMILY,2014,154985.83865571776,145664.21223465574,9321.626421062014,0.12921186400530404
084 05 0 019.00,URBAN SERVICES DISTRICT,SINGLE FAMILY,2014,222884.39654298458,196438.60859236232,26445.787950622267,0.35939994701276046
108 16 0 108.00,GENERAL SERVICES DISTRICT,ZERO LOT LINE,2015,95338.43142053101,97561.27474411805,-2222.843323587047,-0.025972339044349674
161 02 0 047.00,URBAN SERVICES DISTRICT,SINGLE FAMILY,2016,101915.7149583137,211495.93292113283,-109580.21796281912,-1.4691021660001902
081 15 0 039.00,URBAN SERVICES DISTRICT,SINGLE FAMILY,2015,196475.79836045514,177517.66424355615,18958.13411689899,0.2587486725411365
071 11 0 194.00,URBAN SERVICES DISTRICT,SINGLE FAMILY,2013,128000.0,115442.15801435814,12557.841985641862,0.17271403815401162
105 11 0 025.00,URBAN SERVICES DISTRICT,DUPLEX,2016,252362.72275391966,253503.97716286144,-1141.2544089417788,-0.01143329849427474
083 02 0 002.00,URBAN SERVICES DISTRICT,SINGLE FAMILY,2014,423135.94045688026,344471.9441250366,78663.99633184366,1.0613326673160546
043 02 0 102.00,GENERAL SERVICES DISTRICT,SINGLE FAMILY,2015,142417.92487458704,128499.45696907006,13918.467905516984,0.19100397729325974
081 15 0 304.00,URBAN SERVICES DISTRICT,SINGLE FAMILY,2014,29521.11212489862,87348.40756554647,-57827.29544064785,-0.7734239568891865
105 01 0 542.00,URBAN SERVICES DISTRICT,SINGLE FAMILY,2016,320209.47014045424,242552.4470235029,77657.02311695134,1.047796633240705
136 03 0 043.00,URBAN SERVICES DISTRICT,SINGLE FAMILY,2015,173968.0655817937,172287.24848443584,1680.8170973578526,0.026501827790519128
104 01 0 181.00,URBAN SERVICES DISTRICT,SINGLE FAMILY,2013,295000.0,301367.16595329664,-6367.165953296644,-0.08168155901698858
103 07 0 039.00,URBAN SERVICES DISTRICT,SINGLE FAMILY,2013,162000.0,144809.78317546178,17190.21682453822,0.23498380138281655
133 11 0 156.00,URBAN SERVICES DISTRICT,SINGLE FAMILY,2016,139770.12337140166,156078.3466121533,-16308.223240751657,-0.21531221393205804
026 03 0 008.00,CITY OF GOODLETTSVILLE,SINGLE FAMILY,2014,151541.70890781292,148945.5392971472,2596.1696106657328,0.03880626908831206
093 16 0 116.00,URBAN SERVICES DISTRICT,SINGLE FAMILY,2014,44281.66818734793,75029.63769717385,-30747.969509825918,-0.4094155869383527
149 04 0 223.00,URBAN SERVICES DISTRICT,SINGLE FAMILY,2016,160153.2663630644,189145.69779233195,-28992.43142926754,-0.38581712083461117
119 01 0 467.00,URBAN SERVICES DISTRICT,SINGLE FAMILY,2014,32473.223337388485,181541.38766941105,-149068.16433202257,-1.9999109101794221
072 04 0 210.00,URBAN SERVICES DISTRICT,SINGLE FAMILY,2016,145593.87851187674,170000.43630431526,-24406.557792438514,-0.3241724406233276
072 12 0 131.00,URBAN SERVICES DISTRICT,SINGLE FAMILY,2015,147332.27700966597,250305.95994333367,-102973.6829336677,-1.380295153110431
147 16 0 101.00,URBAN SERVICES DISTRICT,SINGLE FAMILY,2014,88563.33637469586,113442.56689754118,-24879.23052284532,-0.3305262483419959
147 08 0 135.00,URBAN SERVICES DISTRICT,SINGLE FAMILY,2016,232950.20561900278,229010.50544141646,3939.7001775863173,0.05686640739800437
081 14 0 100.00,URBAN SERVICES DISTRICT,SINGLE FAMILY,2014,34933.316014463366,88638.12761629865,-53704.81160183528,-0.7180083004526723
090 16 0 283.00,URBAN SERVICES DISTRICT,SINGLE FAMILY,2016,212567.06262734003,225109.61462611918,-12542.551998779149,-0.1646929387675695
083 06 0 281.00,URBAN SERVICES DISTRICT,SINGLE FAMILY,2013,464000.0,450047.01060269313,13952.989397306868,0.19146802547476946
161 02 0 098.00,URBAN SERVICES DISTRICT,SINGLE FAMILY,2015,188711.12198703046,206034.82056840806,-17323.698581377597,-0.2289625361155134
120 09 0 144.00,URBAN SERVICES DISTRICT,SINGLE FAMILY,2013,125000.0,176437.7607612166,-51437.7607612166,-0.6875339273756824
060 02 0 119.00,URBAN SERVICES DISTRICT,SINGLE FAMILY,2016,134916.99408767244,174178.3548063513,-39261.36071867886,-0.5238551289197529
118 01 0 218.00,URBAN SERVICES DISTRICT,SINGLE FAMILY,2015,475409.51119539945,448236.267331102,27173.24386429746,0.3691786262171273
044 09 0 041.00,GENERAL SERVICES DISTRICT,SINGLE FAMILY,2014,117986.04479251149,103732.20450391971,14253.840288591775,0.1955121528217588
146 08 0 040.00,URBAN SERVICES DISTRICT,SINGLE FAMILY,2016,431928.506251901,326331.99037464394,105596.51587725704,1.4233676220796916
129 07 0 052.00,URBAN SERVICES DISTRICT,SINGLE FAMILY,2015,466863.45283249725,547569.8588469337,-80706.40601443645,-1.0809717801682903
096 10 0 168.00,URBAN SERVICES DISTRICT,SINGLE FAMILY,2013,105000.0,109641.55721449923,-4641.557214499233,-0.05848541204541239
105 01 0 624.00,URBAN SERVICES DISTRICT,SINGLE FAMILY,2015,210334.2713813777,180833.7865586036,29500.484822774102,0.40046209279757433
131 03 0 027.00,URBAN SERVICES DISTRICT,SINGLE FAMILY,2016,461047.2819542763,422398.187232003,38649.094722273294,0.5234404337407783
091 06 0 030.00,URBAN SERVICES DISTRICT,SINGLE FAMILY,2014,59042.22424979724,122927.4604662316,-63885.23621643436,-0.8548566023208376
103 06 0 139.00,URBAN SERVICES DISTRICT,SINGLE FAMILY,2013,264500.0,280386.5448417545,-15886.544841754483,-0.2096438872146736
081 07 0 370.00,URBAN SERVICES DISTRICT,SINGLE FAMILY,2013,35000.0,79996.35960194789,-44996.35960194789,-0.6009466931817902
176 02 0 046.00,URBAN SERVICES DISTRICT,SINGLE FAMILY,2015,125807.41465802031,130244.62639332068,-4437.2117353003705,-0.0557385392103934
095 10 0 115.00,URBAN SERVICES DISTRICT,SINGLE FAMILY,2016,92209.45639085527,143446.36499148954,-51236.90860063427,-0.6848340127706641
075 01 0 038.00,GENERAL SERVICES DISTRICT,SINGLE FAMILY,2014,113242.98611111111,100499.9797681302,12743.006342980909,0.17520307263220233
129 08 0 112.00,URBAN SERVICES DISTRICT,VACANT RESIDENTIAL LAND,2015,494875.26000244706,439702.38476400456,55172.8752384425,0.7455580162272024
094 01 0 453.00,URBAN SERVICES DISTRICT,SINGLE FAMILY,2014,132845.0045620438,200791.51270932276,-67946.50814727898,-0.9094494300466995
091 05 0 106.00,URBAN SERVICES DISTRICT,SINGLE FAMILY,2016,150447.00779560595,134095.43308846973,16351.574707136228,0.22371052408974512
081 11 0 235.00,URBAN SERVICES DISTRICT,SINGLE FAMILY,2016,315453.4034423996,284310.23875647876,31143.164685920812,0.4225434851063283
104 11 0 152.00,URBAN SERVICES DISTRICT,SINGLE FAMILY,2015,393148.17080631346,658253.827533011,-265105.6567266975,-3.5597214670475132
149 05 0 095.00,URBAN SERVICES DISTRICT,SINGLE FAMILY,2014,81675.07687888619,101317.91826179097,-19642.84138290478,-0.2601371448566511
096 01 0 095.00,URBAN SERVICES DISTRICT,SINGLE FAMILY,2015,319432.88878012967,293257.8624611612,26175.02631896845,0.35576028846160895
071 15 0 338.00,URBAN SERVICES DISTRICT,SINGLE FAMILY,2015,113030.09910681512,131239.1244456194,-18209.02533880429,-0.24086336225380148
083 09 0 301.00,URBAN SERVICES DISTRICT,SINGLE FAMILY,2015,265945.0801419307,489647.7549572421,-223702.6748153114,-3.0031702443483717
082 04 0 044.00,URBAN SERVICES DISTRICT,SINGLE FAMILY,2014,352678.88618545554,262475.0387216927,90203.84746376285,1.2164547855968508
102 08 0 027.00,URBAN SERVICES DISTRICT,SINGLE FAMILY,2014,223376.4150783996,263582.04354206444,-40205.62846366485,-0.5365482573797297
103 03 0 108.00,URBAN SERVICES DISTRICT,SINGLE FAMILY,2015,457034.7485623394,407302.6082902753,49732.140272064076,0.6724220352391481
044 05 0 113.00,GENERAL SERVICES DISTRICT,SINGLE FAMILY,2016,63090.680688479915,129905.8904919928,-66815.20980351289,-0.8942421805348624
063 02 0 046.00,GENERAL SERVICES DISTRICT,SINGLE FAMILY,2015,113030.09910681512,115211.45278005322,-2181.3536732381035,-0.02541462279868201
053 12 0 135.00,GENERAL SERVICES DISTRICT,SINGLE FAMILY,2014,27553.037983238715,104148.35556670079,-76595.31758346208,-1.0257093042002525
116 13 0 076.00,URBAN SERVICES DISTRICT,SINGLE FAMILY,2016,426978.31438249716,476850.47578440973,-49872.16140191257,-0.6664886741728442
119 05 0 420.00,URBAN SERVICES DISTRICT,SINGLE FAMILY,2014,33457.26040821844,118622.94192650124,-85165.6815182828,-1.1409146905444028
103 03 0 288.00,URBAN SERVICES DISTRICT,SINGLE FAMILY,2015,567116.2363881072,548289.0214732196,18827.21491488756,0.2569888176082188
136 06 0 003.00,URBAN SERVICES DISTRICT,SINGLE FAMILY,2014,186868.63975060827,200208.3474213818,-13339.707670773525,-0.17540854289674981
091 11 0 408.00,URBAN SERVICES DISTRICT,SINGLE FAMILY,2016,387279.7168415921,245825.19361555274,141454.52322603937,1.9053816440704927
064 13 0 001.00,GENERAL SERVICES DISTRICT,SINGLE FAMILY,2014,123004.63385374426,116775.6412580434,6228.992595700867,0.08763975838862803
148 14 0 004.00,URBAN SERVICES DISTRICT,SINGLE FAMILY,2013,48000.0,94780.37167786488,-46780.37167786488,-0.6249279152176017
173 01 0 048.00,URBAN SERVICES DISTRICT,SINGLE FAMILY,2015,142516.21191728863,141023.6135787914,1492.5983384972205,0.023971735136733924
096 16 0 097.00,URBAN SERVICES DISTRICT,DUPLEX,2013,89000.0,128691.64520589012,-39691.64520589012,-0.5296391412398908
160 05 0 031.00,CITY OF OAK HILL,SINGLE FAMILY,2013,400000.0,421137.42480025184,-21137.424800251843,-0.28022778060193826
150 06 0 177.00,URBAN SERVICES DISTRICT,VACANT RESIDENTIAL LAND,2013,30000.0,94460.22471000424,-64460.224710004244,-0.862585769022385
090 16 0 032.00,URBAN SERVICES DISTRICT,SINGLE FAMILY,2016,196066.42306266067,198132.2661139432,-2065.8430512825144,-0.02386189459128587
176 05 0 078.00,URBAN SERVICES DISTRICT,SINGLE FAMILY,2015,147430.56405236755,148923.70529181458,-1493.1412394470244,-0.016163466147140388
032 09 0 022.00,GENERAL SERVICES DISTRICT,SINGLE FAMILY,2015,143597.36938700598,140263.3731336834,3333.996253322577,0.048724354722567816
146 04 0 108.00,URBAN SERVICES DISTRICT,SINGLE FAMILY,2013,252500.0,272137.4265923643,-19637.426592364325,-0.2600643576283689
072 02 0 128.00,URBAN SERVICES DISTRICT,SINGLE FAMILY,2014,226328.52629088942,211948.03863870256,14380.487652186857,0.1972145844294948
105 13 0 378.00,URBAN SERVICES DISTRICT,SINGLE FAMILY,2015,798451.5001835311,550301.0114184397,248150.4887650914,3.3396206127737225
108 16 0 250.00,GENERAL SERVICES DISTRICT,ZERO LOT LINE,2015,141435.05444757125,136282.1186194728,5152.935828098445,0.07317508260791772
050 15 0 179.00,URBAN SERVICES DISTRICT,SINGLE FAMILY,2016,106768.84424204293,164123.89847856975,-57355.05423652682,-0.7670759498754648
130 16 0 007.00,CITY OF FOREST HILLS,SINGLE FAMILY,2014,429532.18141727493,486370.6333462879,-56838.451929012954,-0.7601316276884444
084 05 0 074.00,URBAN SERVICES DISTRICT,SINGLE FAMILY,2015,368576.41013091884,309219.54928959406,59356.860841324786,0.8018003977064784
072 13 0 213.00,URBAN SERVICES DISTRICT,SINGLE FAMILY,2016,218390.8177678151,166219.65118041186,52171.16658740325,0.7052081539033233
134 13 0 039.00,URBAN SERVICES DISTRICT,SINGLE FAMILY,2016,140740.7492281475,139523.6149263905,1217.1343017570034,0.020268865454894706
107 13 0 107.00,URBAN SERVICES DISTRICT,SINGLE FAMILY,2013,70000.0,106125.49597584736,-36125.495975847356,-0.4817019004257917
084 16 0 049.00,URBAN SERVICES DISTRICT,SINGLE FAMILY,2013,68500.0,108245.69467394447,-39745.69467394447,-0.5303656902985133
043 16 0 160.00,GENERAL SERVICES DISTRICT,SINGLE FAMILY,2013,61000.0,123560.92949005646,-62560.92949005646,-0.8370548766052406
104 15 0 304.00,URBAN SERVICES DISTRICT,SINGLE FAMILY,2015,412805.57934662915,297551.58395751036,115253.99538911879,1.5531863400170205
084 10 0 069.00,URBAN SERVICES DISTRICT,SINGLE FAMILY,2014,164334.19082860232,170586.9086426271,-6252.717814024771,-0.08014311301849189
091 12 0 009.00,URBAN SERVICES DISTRICT,SINGLE FAMILY,2015,365334.9034626208,323261.0420343808,42073.86142824002,0.569477168528253
102 15 0 050.00,URBAN SERVICES DISTRICT,SINGLE FAMILY,2016,286334.62774002424,325437.93834929256,-39103.310609268316,-0.5217305722434141
081 02 0 136.00,URBAN SERVICES DISTRICT,SINGLE FAMILY,2016,135887.6199444183,164352.1536668861,-28464.533722467808,-0.3787209625238817
071 04 0 109.00,URBAN SERVICES DISTRICT,SINGLE FAMILY,2016,208684.55920035666,162578.93147444937,46105.62772590728,0.6236733727390135
063 12 0 032.00,GENERAL SERVICES DISTRICT,SINGLE FAMILY,2013,155000.0,151570.32138121253,3429.6786187874677,0.05001054559655378
118 04 0 304.00,URBAN SERVICES DISTRICT,SINGLE FAMILY,2013,57000.0,84507.03644886301,-27507.036448863015,-0.36584999879724994
133 02 0 152.00,URBAN SERVICES DISTRICT,SINGLE FAMILY,2014,196807.4141659908,154179.90282853838,42627.51133745242,0.5769194956190631
090 11 0 034.00,URBAN SERVICES DISTRICT,SINGLE FAMILY,2016,194125.171349169,225499.52352017796,-31374.35217100897,-0.41783560935860015
094 01 0 040.00,URBAN SERVICES DISTRICT,SINGLE FAMILY,2014,123004.63385374426,257088.76406784236,-134084.13021409808,-1.798491057687997
091 16 0 350.00,URBAN SERVICES DISTRICT,SINGLE FAMILY,2013,360000.0,318413.0535750196,41586.946424980415,0.5629319119330954
171 07 0 055.00,URBAN SERVICES DISTRICT,SINGLE FAMILY,2016,509578.57479156856,502680.7705930585,6897.804198510072,0.09663012328784004
033 13 0 002.00,GENERAL SERVICES DISTRICT,SINGLE FAMILY,2015,304689.83237489295,307725.80799098406,-3035.9756160911056,-0.03690270566813229
073 09 0 007.00,URBAN SERVICES DISTRICT,SINGLE FAMILY,2015,227043.06864064603,199922.2980605212,27120.770580124838,0.36847326469201264
033 15 0 055.00,GENERAL SERVICES DISTRICT,SINGLE FAMILY,2014,142685.37527034333,132161.94465462008,10523.43061572325,0.14536687417861055
074 08 0 136.00,GENERAL SERVICES DISTRICT,SINGLE FAMILY,2016,175683.28007099792,169733.1479867162,5950.132084281708,0.08389123228186082
110 00 0 077.00,GENERAL SERVICES DISTRICT,SINGLE FAMILY,2015,273237.97871038783,258009.38595728332,15228.592753104516,0.20861506596735463
073 13 0 241.00,URBAN SERVICES DISTRICT,SINGLE FAMILY,2016,468812.28880824306,372619.7950802046,96192.49372803845,1.2969559535520658
075 10 0 083.00,GENERAL SERVICES DISTRICT,SINGLE FAMILY,2014,134321.06016828874,138338.97532081747,-4017.9151525287307,-0.05010222957659496
150 04 0 121.00,URBAN SERVICES DISTRICT,SINGLE FAMILY,2014,152427.34227155987,144513.44999918275,7913.892272377125,0.11028868201414295
054 14 0 085.00,GENERAL SERVICES DISTRICT,SINGLE FAMILY,2015,180459.92475223297,287912.0985191006,-107452.1737668676,-1.4404963616706978
071 16 0 244.00,URBAN SERVICES DISTRICT,SINGLE FAMILY,2015,371525.02141196624,336125.40746047115,35399.61395149509,0.47975994473675787
083 05 0 103.00,URBAN SERVICES DISTRICT,SINGLE FAMILY,2016,344183.9288020766,192527.7552472044,151656.17355487222,2.0425152683155523
117 02 0 029.00,URBAN SERVICES DISTRICT,ZERO LOT LINE,2015,240803.25461886698,266519.3512386131,-25716.096619746095,-0.3417756518381605
082 08 0 173.00,URBAN SERVICES DISTRICT,SINGLE FAMILY,2013,35000.0,101404.67977243665,-66404.67977243665,-0.888723713501758
150 10 0 089.00,URBAN SERVICES DISTRICT,SINGLE FAMILY,2016,150447.00779560595,154186.87678411452,-3739.8689885085623,-0.046364650170275086
120 02 0 075.00,URBAN SERVICES DISTRICT,SINGLE FAMILY,2015,68800.92989110485,115040.22112579724,-46239.291234692384,-0.6176545506355344
071 15 0 326.00,URBAN SERVICES DISTRICT,SINGLE FAMILY,2014,105783.98511422006,241657.4505019407,-135873.46538772064,-1.8225438343896758
071 04 0 112.00,URBAN SERVICES DISTRICT,SINGLE FAMILY,2013,59900.0,112503.02681885741,-52603.02681885741,-0.7031977810212444
148 05 0 074.00,URBAN SERVICES DISTRICT,SINGLE FAMILY,2016,155300.1370793352,153940.23362095375,1359.90345838145,0.022188011009510167
091 05 0 242.00,URBAN SERVICES DISTRICT,SINGLE FAMILY,2013,130000.0,125516.61211329255,4483.387886707453,0.06417481962602915
116 03 0 063.00,URBAN SERVICES DISTRICT,SINGLE FAMILY,2016,606641.1604661531,594718.2357137861,11922.924752366962,0.16417929147204074
071 15 0 058.00,URBAN SERVICES DISTRICT,SINGLE FAMILY,2015,58972.22562094702,97917.20361739893,-38944.97799645191,-0.5196022180720957
119 05 0 414.00,URBAN SERVICES DISTRICT,SINGLE FAMILY,2016,250178.8145762415,220941.4637894773,29237.350786764204,0.3969249666604157
061 04 0 086.00,URBAN SERVICES DISTRICT,SINGLE FAMILY,2016,286334.62774002424,252375.7426439225,33958.88509610173,0.4603932380641982
074 16 0 072.00,GENERAL SERVICES DISTRICT,SINGLE FAMILY,2016,155300.1370793352,152340.05861888855,2960.078460446646,0.04369804030735335
082 09 0 106.00,URBAN SERVICES DISTRICT,SINGLE FAMILY,2013,315000.0,262203.52830776665,52796.47169223335,0.7136136914899167
072 06 0 353.00,URBAN SERVICES DISTRICT,SINGLE FAMILY,2015,174814.3170194543,147376.29786152832,27438.01915792597,0.3727378146283598
093 08 0 066.00,URBAN SERVICES DISTRICT,SINGLE FAMILY,2014,117100.41142876454,106078.26276431617,11022.148664448367,0.15207079082872416
156 01 0 009.00,GENERAL SERVICES DISTRICT,SINGLE FAMILY,2014,180866.01361854555,176690.00504174535,4176.008576800203,0.06004293533017238
161 08 0 040.00,URBAN SERVICES DISTRICT,SINGLE FAMILY,2013,140000.0,163051.34394033658,-23051.343940336577,-0.3059552521121126
160 05 0 015.00,CITY OF OAK HILL,SINGLE FAMILY,2016,436781.6355356302,446463.00179070793,-9681.366255077708,-0.12623202724591726
133 11 0 076.00,URBAN SERVICES DISTRICT,SINGLE FAMILY,2015,162173.6204576043,171636.12173635347,-9462.501278749172,-0.12328997900305466
162 03 0 111.00,URBAN SERVICES DISTRICT,SINGLE FAMILY,2014,143669.4123411733,141327.24935514087,2342.162986032432,0.03539183633523375
149 13 0 032.00,URBAN SERVICES DISTRICT,SINGLE FAMILY,2015,150379.1753334149,160519.08565378777,-10139.910320372874,-0.1323959132372129
072 15 0 203.00,URBAN SERVICES DISTRICT,SINGLE FAMILY,2013,130000.0,130129.27547271845,-129.27547271845106,0.002170023979123747
061 11 0 190.00,URBAN SERVICES DISTRICT,SINGLE FAMILY,2013,161000.0,143038.9185881733,17961.081411826686,0.24534599291552064
062 13 0 068.00,URBAN SERVICES DISTRICT,SINGLE FAMILY,2016,490166.05765665165,414907.6341398724,75258.42351677926,1.0155539425306834
091 02 0 325.00,URBAN SERVICES DISTRICT,SINGLE FAMILY,2016,338748.42400429986,337034.8739865471,1713.5500177527429,0.02694183346226713
162 08 0 002.00,URBAN SERVICES DISTRICT,SINGLE FAMILY,2015,144481.95277132018,134050.78521682136,10431.167554498825,0.14412664661132274
071 05 0 078.00,URBAN SERVICES DISTRICT,SINGLE FAMILY,2016,124143.04707779356,173563.82162230837,-49420.77454451482,-0.6604209975032574
094 01 0 109.00,URBAN SERVICES DISTRICT,SINGLE FAMILY,2015,113030.09910681512,132141.18634964182,-19111.087242826703,-0.2529891472204134
162 01 0 128.00,URBAN SERVICES DISTRICT,DUPLEX,2013,128750.0,135826.51075836233,-7076.510758362332,-0.09121678330154727
119 01 0 030.00,URBAN SERVICES DISTRICT,SINGLE FAMILY,2014,42805.612581103,95322.48221879482,-52516.869637691816,-0.7020396305135188
133 02 0 393.00,URBAN SERVICES DISTRICT,SINGLE FAMILY,2016,291187.7570237535,313554.52448921395,-22366.767465460463,-0.296752971103976
162 13 0 165.00,URBAN SERVICES DISTRICT,SINGLE FAMILY,2015,58972.22562094702,117724.87174310806,-58752.64612216104,-0.7858627965438738
093 08 0 063.00,URBAN SERVICES DISTRICT,SINGLE FAMILY,2013,316700.0,110282.39843977142,206417.60156022856,2.778634704793884
043 13 0 198.00,GENERAL SERVICES DISTRICT,SINGLE FAMILY,2014,112180.22607461477,136191.68603190908,-24011.45995729431,-0.3188614177673913
072 07 0 331.00,URBAN SERVICES DISTRICT,SINGLE FAMILY,2013,140000.0,145167.65321487468,-5167.653214874677,-0.06555735128140157
119 14 0 080.00,URBAN SERVICES DISTRICT,SINGLE FAMILY,2013,156000.0,129249.78827133015,26750.21172866985,0.3634921021684856
150 02 0 095.00,URBAN SERVICES DISTRICT,SINGLE FAMILY,2014,93483.52172884563,137319.02947758927,-43835.507748743636,-0.5853421765878848
072 09 0 264.00,URBAN SERVICES DISTRICT,SINGLE FAMILY,2013,190000.0,210058.72471237573,-20058.724712375726,-0.2657275725222873
150 07 0 344.00,URBAN SERVICES DISTRICT,SINGLE FAMILY,2014,162366.11668694243,136119.0058109201,26247.110876022343,0.3567292705617856
071 15 0 529.00,URBAN SERVICES DISTRICT,SINGLE FAMILY,2016,329042.16543684143,332291.95516997814,-3249.789733136713,-0.039776858755143266
102 11 0 022.00,URBAN SERVICES DISTRICT,SINGLE FAMILY,2015,260460.66315918267,256420.73984504267,4039.9233141400036,0.05821363667030849
083 02 0 084.00,URBAN SERVICES DISTRICT,SINGLE FAMILY,2016,291187.7570237535,334360.16372553667,-43172.406701783184,-0.5764285746823798
162 03 0 039.00,URBAN SERVICES DISTRICT,SINGLE FAMILY,2016,158697.32757794563,139862.4098723506,18834.917705595028,0.2570923608166672
133 07 0 291.00,URBAN SERVICES DISTRICT,SINGLE FAMILY,2016,165006.39564679362,151888.83171767526,13117.563929118362,0.18023798733912375
118 04 0 164.00,URBAN SERVICES DISTRICT,SINGLE FAMILY,2013,85000.0,91397.90815599138,-6397.908155991376,-0.08209480486809266
060 07 0 061.00,URBAN SERVICES DISTRICT,SINGLE FAMILY,2016,202860.80405988157,201578.7613533479,1282.0427065336844,0.021141383577363032
082 07 0 304.00,URBAN SERVICES DISTRICT,SINGLE FAMILY,2015,300758.3506668298,261148.75411325126,39609.596553578536,0.5363517856275053
118 13 0 138.00,URBAN SERVICES DISTRICT,SINGLE FAMILY,2014,817980.8151273993,632660.9992296117,185319.81589778757,2.4950319818835607
076 01 0 059.00,GENERAL SERVICES DISTRICT,SINGLE FAMILY,2015,114897.55291814511,132015.10327315333,-17117.55035500822,-0.22619143021573318
173 01 0 257.00,URBAN SERVICES DISTRICT,ZERO LOT LINE,2014,75770.85445390646,87764.59964328315,-11993.745189376685,-0.15731571406785388
119 06 0 217.00,URBAN SERVICES DISTRICT,SINGLE FAMILY,2013,119900.0,138140.49208830408,-18240.492088304076,-0.24128634767900478
083 07 0 082.00,URBAN SERVICES DISTRICT,SINGLE FAMILY,2013,123497.0,124763.23328394801,-1266.2332839480077,-0.013113301781118948
149 05 0 132.00,URBAN SERVICES DISTRICT,SINGLE FAMILY,2013,160000.0,144445.22066542704,15554.779334572959,0.21299976321290232
034 05 0 041.00,CITY OF GOODLETTSVILLE,SINGLE FAMILY,2016,167432.96028865824,174856.00181729675,-7423.0415286385105,-0.09587495319648047
083 02 0 228.00,URBAN SERVICES DISTRICT,SINGLE FAMILY,2014,157445.93133279265,181615.05412374073,-24169.12279094808,-0.32098076856758295
149 03 0 124.00,URBAN SERVICES DISTRICT,SINGLE FAMILY,2016,168888.89907377702,203020.24306023994,-34131.34398646292,-0.45489591504253557
102 16 0 069.00,URBAN SERVICES DISTRICT,SINGLE FAMILY,2016,553256.7383451316,578219.2252165994,-24962.486871467787,-0.3316454049941055
104 13 0 199.00,URBAN SERVICES DISTRICT,SINGLE FAMILY,2015,532715.7714425548,415348.5177499238,117367.25369263097,1.5815933879735198
072 07 0 214.00,URBAN SERVICES DISTRICT,SINGLE FAMILY,2013,159900.0,146026.33030695052,13873.66969304948,0.19040178636950242
083 13 0 427.00,URBAN SERVICES DISTRICT,SINGLE FAMILY,2013,246000.0,388588.80633899407,-142588.80633899407,-1.912813448913383
073 01 0 008.00,URBAN SERVICES DISTRICT,SINGLE FAMILY,2016,237803.334902732,278650.1578830271,-40846.82298029511,-0.5451673851754602
131 04 0 101.00,URBAN SERVICES DISTRICT,SINGLE FAMILY,2013,365000.0,573687.48825468,-208687.48825467995,-2.8013316314373293
072 09 0 047.00,URBAN SERVICES DISTRICT,SINGLE FAMILY,2016,134916.99408767244,139999.57605461768,-5082.581966945232,-0.06441379821189055
083 01 0 063.00,URBAN SERVICES DISTRICT,SINGLE FAMILY,2015,247683.34760797748,170644.66938322035,77038.67822475714,1.0394846569068021
043 11 0 116.00,GENERAL SERVICES DISTRICT,SINGLE FAMILY,2013,80000.0,94239.16923044912,-14239.169230449115,-0.1874993732596387
129 10 0 022.00,URBAN SERVICES DISTRICT,SINGLE FAMILY,2014,344412.97479048395,432673.40016041696,-88260.42536993301,-1.1825151597633339
162 16 0 034.00,URBAN SERVICES DISTRICT,ZERO LOT LINE,2016,118416.35452299308,111550.2955435743,6866.058979418769,0.09620339459139178
034 13 0 291.00,GENERAL SERVICES DISTRICT,SINGLE FAMILY,2015,137503.57273950812,138209.38582333253,-705.8130838244106,-0.00557996642204641
069 11 0 042.00,URBAN SERVICES DISTRICT,SINGLE FAMILY,2013,236900.0,341963.83257364517,-105063.83257364517,-1.408391567524334
133 11 0 202.00,URBAN SERVICES DISTRICT,SINGLE FAMILY,2014,138749.22698702352,134090.13551967262,4659.091467350896,0.06653667952416449
091 08 0 058.00,URBAN SERVICES DISTRICT,DUPLEX,2014,77738.92859556637,145300.7286847356,-67561.80008916924,-0.904278069670255
117 09 0 060.00,URBAN SERVICES DISTRICT,SINGLE FAMILY,2013,646050.0,597721.9174989859,48328.08250101411,0.6535482722118724
165 14 0 162.00,URBAN SERVICES DISTRICT,SINGLE FAMILY,2016,142682.0009416392,165986.96255333268,-23304.961611693463,-0.30936445643932475
042 07 0 015.00,GENERAL SERVICES DISTRICT,SINGLE FAMILY,2016,179565.78349798132,183272.9599686755,-3707.1764706941904,-0.0459251876020561
081 10 0 239.00,URBAN SERVICES DISTRICT,SINGLE FAMILY,2016,264020.909919294,188457.71919254406,75563.19072674995,1.019650714200676
108 12 0 138.00,GENERAL SERVICES DISTRICT,SINGLE FAMILY,2015,171510.88951425423,175743.57528865503,-4232.685774400801,-0.0529892402865623
053 08 0 124.00,GENERAL SERVICES DISTRICT,SINGLE FAMILY,2016,186845.47742357515,181793.10253600287,5052.374887572281,0.07182331247393563
081 15 0 176.00,URBAN SERVICES DISTRICT,SINGLE FAMILY,2015,63886.57775602594,110223.88984575686,-46337.31208973092,-0.6189721761833386
115 14 0 036.00,URBAN SERVICES DISTRICT,SINGLE FAMILY,2013,294376.0,405155.13251974,-110779.13251973997,-1.4852183328017559
042 03 0 022.00,GENERAL SERVICES DISTRICT,SINGLE FAMILY,2013,120000.0,136851.96727332263,-16851.967273322633,-0.22262138327668235
007 14 0 026.00,GENERAL SERVICES DISTRICT,SINGLE FAMILY,2015,280118.07169949834,287422.93985734985,-7304.86815785151,-0.0942864315256803
060 16 0 047.00,URBAN SERVICES DISTRICT,ZERO LOT LINE,2014,71342.68763517166,75926.5325201705,-4583.8448849988345,-0.05770962571154378
095 12 0 063.00,URBAN SERVICES DISTRICT,SINGLE FAMILY,2013,139000.0,146978.9462395404,-7978.946239540412,-0.10334759000362749
133 07 0 060.00,URBAN SERVICES DISTRICT,SINGLE FAMILY,2015,157259.26832252537,118828.2890570837,38430.97926544167,0.5205084607623818
091 07 0 072.00,URBAN SERVICES DISTRICT,SINGLE FAMILY,2013,179000.0,185485.52602869013,-6485.526028690132,-0.08327259042675506
072 13 0 048.00,URBAN SERVICES DISTRICT,SINGLE FAMILY,2016,310600.2741586704,302754.5741038988,7845.700054771616,0.1093720219009139
082 07 0 213.03,URBAN SERVICES DISTRICT,SINGLE FAMILY,2014,118084.44849959448,195587.4087354479,-77502.96023585343,-1.0379101072497396
161 06 0 048.00,URBAN SERVICES DISTRICT,SINGLE FAMILY,2013,220000.0,225355.19939278066,-5355.199392780662,-0.06807840290153672
161 06 0 255.00,URBAN SERVICES DISTRICT,SINGLE FAMILY,2014,170238.41325358205,162388.6613976113,7849.751855970768,0.10942648742024166
096 14 0 231.00,URBAN SERVICES DISTRICT,SINGLE FAMILY,2016,165006.39564679362,175966.1728845554,-10959.777237761766,-0.14341680869590157
095 12 0 008.00,URBAN SERVICES DISTRICT,SINGLE FAMILY,2013,133900.0,150038.8488342619,-16138.84883426191,-0.21303543267925926
026 06 0 006.00,CITY OF GOODLETTSVILLE,ZERO LOT LINE,2016,111621.97352577216,122509.73662828217,-10887.763102510013,-0.14244877322657798
051 01 0 049.00,GENERAL SERVICES DISTRICT,SINGLE FAMILY,2014,69222.08774753312,123737.13229870953,-54515.04455117641,-0.7288996932415315
108 16 0 265.00,GENERAL SERVICES DISTRICT,ZERO LOT LINE,2014,118084.44849959448,115562.58632167906,2521.86217791542,0.03780740643051283
071 16 0 272.00,URBAN SERVICES DISTRICT,SINGLE FAMILY,2016,305747.14487494115,281426.35990408226,24320.78497085889,0.33083502361768047
119 05 0 238.00,URBAN SERVICES DISTRICT,SINGLE FAMILY,2015,157259.26832252537,136516.22632371532,20743.041998810048,0.2827419362681084
025 04 0 051.00,CITY OF GOODLETTSVILLE,SINGLE FAMILY,2014,162366.11668694243,147281.66360402945,15084.45308291298,0.20667749756089912
081 07 0 512.00,URBAN SERVICES DISTRICT,SINGLE FAMILY,2014,66422.5022810219,132907.6694124441,-66485.16713142222,-0.889805648569892
081 03 0 299.00,URBAN SERVICES DISTRICT,SINGLE FAMILY,2013,50000.0,81951.46252827562,-31951.462528275617,-0.4255932987843649
131 12 0 058.00,URBAN SERVICES DISTRICT,SINGLE FAMILY,2014,349333.1601446337,340020.32082210475,9312.839322528918,0.12909374520789377
042 01 0 020.00,GENERAL SERVICES DISTRICT,SINGLE FAMILY,2013,235000.0,218034.25168377563,16965.748316224373,0.231966428792917
148 08 0 115.00,URBAN SERVICES DISTRICT,SINGLE FAMILY,2015,127773.15551205188,138771.69970845577,-10998.544196403891,-0.14393792570816846
096 16 0 190.00,GENERAL SERVICES DISTRICT,SINGLE FAMILY,2016,232950.20561900278,180576.2147186424,52373.99090036037,0.7079345787683485
105 09 0 408.00,URBAN SERVICES DISTRICT,SINGLE FAMILY,2013,350000.0,305855.87084239913,44144.129157600866,0.5973063243739939
108 16 0 169.00,GENERAL SERVICES DISTRICT,ZERO LOT LINE,2015,122367.36816346506,121639.9572975101,727.4108659549529,0.013685857072469455
155 16 0 008.00,GENERAL SERVICES DISTRICT,SINGLE FAMILY,2013,211500.0,206895.50271290116,4604.497287098842,0.06580280828183298
034 03 0 076.00,GENERAL SERVICES DISTRICT,SINGLE FAMILY,2014,157445.93133279265,162136.89054177492,-4690.959208982269,-0.05914948837914498
075 11 0 190.00,GENERAL SERVICES DISTRICT,ZERO LOT LINE,2015,79612.50458827848,92285.19722541838,-12672.692637139902,-0.16644232801584985
072 16 0 201.00,URBAN SERVICES DISTRICT,SINGLE FAMILY,2013,140000.0,150731.28706681306,-10731.287066813064,-0.14034537571823807
033 16 0 117.00,GENERAL SERVICES DISTRICT,ZERO LOT LINE,2015,110081.48782576776,130148.16187499663,-20066.674049228866,-0.26583442987750705
072 10 0 091.00,URBAN SERVICES DISTRICT,SINGLE FAMILY,2013,200000.0,230049.91422629144,-30049.91422629144,-0.4000321197669732
083 01 0 347.01,URBAN SERVICES DISTRICT,DUPLEX,2013,115000.0,196545.89098556567,-81545.89098556567,-1.0922563873523694
118 06 0 037.01,URBAN SERVICES DISTRICT,SINGLE FAMILY,2015,482589.3796647498,494155.91814956226,-11566.538484812481,-0.15157307421936772
119 06 0 029.00,URBAN SERVICES DISTRICT,SINGLE FAMILY,2016,126181.36137695983,137218.3316714785,-11036.970294518658,-0.14445446077163568
096 14 0 085.00,URBAN SERVICES DISTRICT,SINGLE FAMILY,2014,128908.85627872398,132381.03890305813,-3472.1826243341493,-0.042766330281142025
071 07 0 219.00,URBAN SERVICES DISTRICT,SINGLE FAMILY,2014,58943.820542714246,108742.85200754876,-49799.031464834516,-0.6655056397628152
073 09 0 137.00,URBAN SERVICES DISTRICT,SINGLE FAMILY,2014,186967.04345769127,197487.90349351632,-10520.860035825055,-0.13751675285150877
160 06 0 030.00,CITY OF OAK HILL,SINGLE FAMILY,2013,335000.0,459116.1918262893,-124116.19182628929,-1.6644990590102628
124 00 0 136.00,GENERAL SERVICES DISTRICT,SINGLE FAMILY,2015,520823.03927566373,518664.54723527055,2158.4920403931756,0.032922876742211685
072 10 0 241.00,URBAN SERVICES DISTRICT,SINGLE FAMILY,2015,226060.19821363024,154640.65975289777,71419.53846073247,0.9639505054565835
071 08 0 116.00,URBAN SERVICES DISTRICT,SINGLE FAMILY,2013,102000.0,97003.18759804497,4996.8124019550305,0.07107642498228904
061 10 0 090.00,URBAN SERVICES DISTRICT,SINGLE FAMILY,2015,122858.80337697295,171307.89538271347,-48449.09200574052,-0.6473593512144059
072 10 0 068.00,URBAN SERVICES DISTRICT,SINGLE FAMILY,2016,359034.504410288,247720.338058486,111314.166351802,1.5002259838610976
084 05 0 056.00,URBAN SERVICES DISTRICT,SINGLE FAMILY,2015,245717.6067539459,183633.73643135192,62083.87032259398,0.838457671918294
053 16 0 114.00,GENERAL SERVICES DISTRICT,SINGLE FAMILY,2016,234891.45733249446,203242.91914189328,31648.53819060119,0.4293368663790009
142 02 0 005.00,GENERAL SERVICES DISTRICT,SINGLE FAMILY,2016,261098.35546463227,227011.18337805668,34087.17208657559,0.46211771002511715
081 15 0 425.00,URBAN SERVICES DISTRICT,SINGLE FAMILY,2015,137503.57273950812,114975.91932076922,22527.653418738904,0.3067312148647573
119 06 0 028.00,URBAN SERVICES DISTRICT,SINGLE FAMILY,2016,183448.2869249647,161838.60716173786,21609.679763226828,0.29439153939224394
115 02 0 083.00,URBAN SERVICES DISTRICT,SINGLE FAMILY,2013,313000.0,283855.01987889747,29144.980121102533,0.39568329264221175
148 01 0 169.00,URBAN SERVICES DISTRICT,SINGLE FAMILY,2014,172206.48739524197,199278.28384259107,-27071.7964473491,-0.3599993729769022
136 09 0 033.00,URBAN SERVICES DISTRICT,SINGLE FAMILY,2013,160000.0,166208.56046830962,-6208.560468309617,-0.07954953681662516
103 04 0 287.00,URBAN SERVICES DISTRICT,SINGLE FAMILY,2014,169746.39471816708,178167.12224867658,-8420.727530509495,-0.10928614578641355
071 12 0 131.00,URBAN SERVICES DISTRICT,SINGLE FAMILY,2014,118084.44849959448,135281.77098433443,-17197.322484739954,-0.22726375095906834
061 07 0 239.00,URBAN SERVICES DISTRICT,DUPLEX,2014,86595.26223303596,152361.58288386642,-65766.32065083046,-0.880142699931009
063 12 0 050.00,GENERAL SERVICES DISTRICT,SINGLE FAMILY,2016,203831.4299166274,185441.3312450222,18390.09867160523,0.25111297078682027
119 11 0 016.00,URBAN SERVICES DISTRICT,SINGLE FAMILY,2013,124000.0,131327.40034136697,-7327.400341366971,-0.09458931585204237
042 03 0 030.00,GENERAL SERVICES DISTRICT,SINGLE FAMILY,2015,155293.52746849382,172315.1985565789,-17021.671088085073,-0.22490259253366032
033 12 0 104.00,CITY OF GOODLETTSVILLE,SINGLE FAMILY,2013,120000.0,126788.44456733008,-6788.44456733008,-0.08734451170573754
162 10 0 133.00,URBAN SERVICES DISTRICT,SINGLE FAMILY,2015,169053.7134467148,160018.25958634572,9035.453860369074,0.1253650471528976
083 05 0 271.00,URBAN SERVICES DISTRICT,SINGLE FAMILY,2015,378405.1144010767,357509.5336875127,20895.580713564006,0.28479240713484383
041 05 0 002.00,GENERAL SERVICES DISTRICT,SINGLE FAMILY,2014,275431.9761253041,273838.3829413393,1593.5931839648401,0.025329337950261148
061 15 0 003.00,URBAN SERVICES DISTRICT,SINGLE FAMILY,2015,252597.6997430564,176245.94849647582,76351.75124658059,1.0302507797327514
130 09 0 025.00,URBAN SERVICES DISTRICT,SINGLE FAMILY,2015,609281.3777070843,496649.11011315684,112632.26759392745,1.5179442936078753
081 06 0 425.00,URBAN SERVICES DISTRICT,SINGLE FAMILY,2015,108115.7469717362,130286.17740015479,-22170.430428418593,-0.29411375013528707
148 13 0 213.00,URBAN SERVICES DISTRICT,SINGLE FAMILY,2014,112923.17406309138,128920.7678642418,-15997.593801150419,-0.21113664042417804
052 12 0 065.00,GENERAL SERVICES DISTRICT,SINGLE FAMILY,2016,158212.01464957272,128927.2719031704,29284.74274640232,0.3975620235066872
080 08 0 185.00,URBAN SERVICES DISTRICT,SINGLE FAMILY,2014,61010.29839145715,110917.62241502742,-49907.32402357027,-0.666961340613121
084 11 0 028.00,URBAN SERVICES DISTRICT,SINGLE FAMILY,2013,99000.0,110537.38516417638,-11537.385164176376,-0.15118118659444998
104 13 0 243.00,URBAN SERVICES DISTRICT,SINGLE FAMILY,2015,732238.4681267588,520143.97716807167,212094.49095868715,2.8549451440420057
075 03 0 036.00,GENERAL SERVICES DISTRICT,SINGLE FAMILY,2013,159000.0,160424.79820757336,-1424.7982075733598,-0.015244778743569725
071 12 0 261.00,URBAN SERVICES DISTRICT,SINGLE FAMILY,2014,123004.63385374426,138194.62672598276,-15189.992872238494,-0.20028062803838206
132 16 0 049.00,URBAN SERVICES DISTRICT,SINGLE FAMILY,2016,271678.177303162,253222.98249009956,18455.194813062437,0.2519880125217017
104 13 0 202.00,URBAN SERVICES DISTRICT,SINGLE FAMILY,2015,294861.1281047351,285014.025687355,9847.102417380083,0.13627546896196646
133 13 0 052.00,URBAN SERVICES DISTRICT,SINGLE FAMILY,2013,160000.0,174006.75156669004,-14006.751566690044,-0.18437514575305863
132 09 0 061.00,URBAN SERVICES DISTRICT,DUPLEX,2015,417719.9314817081,360278.84622968343,57441.08525202464,0.7760479712526498
044 05 0 135.00,GENERAL SERVICES DISTRICT,SINGLE FAMILY,2016,155300.1370793352,152850.57854672254,2449.55853261266,0.03683547928079732
090 08 0 137.00,URBAN SERVICES DISTRICT,SINGLE FAMILY,2015,147332.27700966597,109747.51744618455,37584.75956348142,0.5091333233192364
081 12 0 058.00,URBAN SERVICES DISTRICT,SINGLE FAMILY,2015,183796.76985195154,272080.52965661313,-88283.75980466159,-1.1828288281896076
091 09 0 280.00,URBAN SERVICES DISTRICT,ZERO LOT LINE,2015,116421.00208001958,95389.20771009986,21031.79436991972,0.2866234317010296
094 01 0 112.05,URBAN SERVICES DISTRICT,SINGLE FAMILY,2016,194223.2045607003,167382.65257250558,26840.551988194726,0.36470648286225155
162 03 0 289.00,URBAN SERVICES DISTRICT,SINGLE FAMILY,2013,106000.0,105610.98864485513,389.01135514487396,0.009136989990740085
073 13 0 035.00,URBAN SERVICES DISTRICT,SINGLE FAMILY,2015,267340.75614829315,186309.64044335994,81031.11570493321,1.0931521914311888
146 04 0 055.00,URBAN SERVICES DISTRICT,SINGLE FAMILY,2016,388250.342698338,342600.14834573003,45650.19435260794,0.6175513015966441
091 16 0 389.00,URBAN SERVICES DISTRICT,SINGLE FAMILY,2013,536000.0,505886.76757189503,30113.232428104966,0.40869882873323116
117 08 0 050.00,URBAN SERVICES DISTRICT,DUPLEX,2016,523167.3367860104,377176.5616438923,145990.7751421181,1.9663592943220716
043 09 0 204.00,GENERAL SERVICES DISTRICT,SINGLE FAMILY,2014,76754.89152473642,98965.08134925802,-22210.1898245216,-0.29464820778769163
103 10 0 089.00,URBAN SERVICES DISTRICT,SINGLE FAMILY,2013,260000.0,291945.0609380773,-31945.06093807728,-0.42550724670097323
119 02 0 149.00,URBAN SERVICES DISTRICT,SINGLE FAMILY,2013,90000.0,110522.91620241152,-20522.91620241152,-0.2719673728801188
042 03 0 107.00,GENERAL SERVICES DISTRICT,SINGLE FAMILY,2015,181831.02899792,190790.78263754156,-8959.753639621573,-0.11653189539776188
106 15 0 025.00,URBAN SERVICES DISTRICT,SINGLE FAMILY,2014,160398.04254528251,182101.2542201939,-21703.211674911377,-0.2878332563996197
044 11 0 176.00,GENERAL SERVICES DISTRICT,SINGLE FAMILY,2013,173000.0,256586.11620636095,-83586.11620636095,-1.1196817028440291
091 11 0 407.00,URBAN SERVICES DISTRICT,SINGLE FAMILY,2016,442605.3906761053,356953.2532348186,85652.1374412867,1.1552693428719059
103 06 0 238.00,URBAN SERVICES DISTRICT,SINGLE FAMILY,2015,331227.3339043191,310335.10764709505,20892.226257224043,0.2847473155329517
096 06 0 063.00,URBAN SERVICES DISTRICT,SINGLE FAMILY,2014,156461.8942619627,199643.69418290787,-43181.79992094517,-0.5765548411339333
075 11 0 135.00,GENERAL SERVICES DISTRICT,ZERO LOT LINE,2015,91898.38492597577,110377.4179107449,-18479.032984769132,-0.244492885504602
053 12 0 142.00,GENERAL SERVICES DISTRICT,VACANT RESIDENTIAL LAND,2015,24571.76067539459,61871.81702810958,-37300.05635271499,-0.4974906910805024
083 06 0 112.00,URBAN SERVICES DISTRICT,SINGLE FAMILY,2014,284386.7134698567,278916.57482707204,5470.138642784674,0.07743901738283498
072 03 0 392.00,URBAN SERVICES DISTRICT,SINGLE FAMILY,2015,412314.14413312124,384653.78702060535,27660.357112515892,0.3757265476801069
064 13 0 020.00,GENERAL SERVICES DISTRICT,DUPLEX,2013,70000.0,112747.4507903811,-42747.4507903811,-0.5707161906664108
118 01 0 236.00,URBAN SERVICES DISTRICT,SINGLE FAMILY,2016,717292.5081351794,485143.31450639147,232149.19362878794,3.124526434486278
081 11 0 325.00,URBAN SERVICES DISTRICT,QUADPLEX,2015,149396.3049063991,225027.53100584925,-75631.22609945014,-1.0127496991319733
053 12 0 135.00,GENERAL SERVICES DISTRICT,SINGLE FAMILY,2014,21648.81555825899,104148.35556670079,-82499.5400084418,-1.1050756217457645
083 16 0 014.00,URBAN SERVICES DISTRICT,SINGLE FAMILY,2014,152525.74597864287,194739.46672949425,-42213.72075085138,-0.5635416324008421
131 14 0 013.00,CITY OF FOREST HILLS,SINGLE FAMILY,2016,774559.4336831842,639395.4515095787,135163.98217360547,1.8208223163953905
083 06 0 337.00,URBAN SERVICES DISTRICT,SINGLE FAMILY,2016,213537.68848408587,247660.04936678076,-34122.36088269489,-0.4547751614843395
071 04 0 063.00,URBAN SERVICES DISTRICT,SINGLE FAMILY,2016,203734.36733095284,184304.83074308638,19429.53658786646,0.26508540505383005
107 14 0 152.00,URBAN SERVICES DISTRICT,SINGLE FAMILY,2014,107260.040720465,98369.02689331672,8891.013827148272,0.12342344117708176
133 08 0 040.00,URBAN SERVICES DISTRICT,SINGLE FAMILY,2016,211596.43677059418,258500.9324824288,-46904.49571183461,-0.6265964274764543
142 02 0 240.00,GENERAL SERVICES DISTRICT,SINGLE FAMILY,2013,180000.0,175310.92904947556,4689.070950524445,0.06693967267214204
173 01 0 005.00,URBAN SERVICES DISTRICT,SINGLE FAMILY,2014,106276.00364963504,121906.63112820305,-15630.627478568014,-0.20620376974448243
162 04 0 037.00,URBAN SERVICES DISTRICT,SINGLE FAMILY,2015,137601.8597822097,127828.5312040999,9773.32857810981,0.13528377902675942
086 10 0 074.00,GENERAL SERVICES DISTRICT,SINGLE FAMILY,2014,54122.03889564747,113941.27872732049,-59819.23983167302,-0.8002002670773394
072 04 0 290.00,URBAN SERVICES DISTRICT,SINGLE FAMILY,2014,226328.52629088942,215532.37740397258,10796.148886916839,0.1490328344616173
081 16 0 681.00,URBAN SERVICES DISTRICT,SINGLE FAMILY,2014,162366.11668694243,161865.9179697036,500.19871723884717,0.010631603650561412
131 02 0 173.00,URBAN SERVICES DISTRICT,SINGLE FAMILY,2016,533844.2212102147,553893.3061194904,-20049.084909275756,-0.2655979914159469
119 15 0 057.00,URBAN SERVICES DISTRICT,SINGLE FAMILY,2014,115132.33728710463,114901.95061726811,230.38666983651638,0.00700470969393483
160 04 0 101.00,URBAN SERVICES DISTRICT,SINGLE FAMILY,2013,235000.0,259465.9384494489,-24465.938449448906,-0.324970653112818
173 01 0 199.00,URBAN SERVICES DISTRICT,ZERO LOT LINE,2016,55325.67383451316,88117.86395647307,-32792.19012195991,-0.4368946096711835
091 06 0 043.00,URBAN SERVICES DISTRICT,SINGLE FAMILY,2015,93372.69056649944,136397.6196198012,-43024.92905330176,-0.5744461361768924
115 12 0 083.00,URBAN SERVICES DISTRICT,SINGLE FAMILY,2016,664878.7118709037,633937.0763292076,30941.6355416961,0.4198344702854192
072 07 0 265.00,URBAN SERVICES DISTRICT,DUPLEX,2016,286334.62774002424,233705.85042003685,52628.77731998739,0.7113594937581446
059 05 0 187.00,URBAN SERVICES DISTRICT,SINGLE FAMILY,2016,99974.46324482202,140375.483367443,-40401.020122620976,-0.5391747702944272
034 09 0 046.00,CITY OF GOODLETTSVILLE,SINGLE FAMILY,2015,84526.8567233574,134190.81040354024,-49663.953680182836,-0.663689883922613
072 09 0 320.00,URBAN SERVICES DISTRICT,SINGLE FAMILY,2015,319334.6017374281,280838.00536738464,38496.596370043466,0.521390505439122
091 16 0 071.00,URBAN SERVICES DISTRICT,SINGLE FAMILY,2013,315500.0,296937.0029389192,18562.997061080823,0.25343712246921135
091 07 0 292.00,URBAN SERVICES DISTRICT,SINGLE FAMILY,2013,129900.0,291172.6848363173,-161272.68483631732,-2.1639677122633807
044 15 0 213.00,GENERAL SERVICES DISTRICT,SINGLE FAMILY,2015,147430.56405236755,198722.01441893377,-51291.45036656622,-0.6855671794440831
118 01 0 445.00,URBAN SERVICES DISTRICT,SINGLE FAMILY,2014,756724.5074682346,481818.34891361377,274906.15855462087,3.6992783004100334
043 14 0 184.00,GENERAL SERVICES DISTRICT,SINGLE FAMILY,2016,67943.80997220914,108132.14311146698,-40188.33313925784,-0.5363157684743097
150 01 0 132.00,URBAN SERVICES DISTRICT,SINGLE FAMILY,2016,144623.2526551309,145554.89433874626,-931.6416836153658,-0.008615621766946266
082 03 0 037.00,URBAN SERVICES DISTRICT,SINGLE FAMILY,2013,222900.0,217175.59864089277,5724.401359107229,0.08085689259672645
090 12 0 104.00,URBAN SERVICES DISTRICT,SINGLE FAMILY,2016,208684.55920035666,191214.81171254144,17469.747487815213,0.23874133587059046
147 10 0 054.00,URBAN SERVICES DISTRICT,SINGLE FAMILY,2013,225000.0,191462.7150952495,33537.2849047505,0.45472596263729975
096 01 0 124.00,URBAN SERVICES DISTRICT,SINGLE FAMILY,2016,421251.6218276967,287112.1200326791,134139.50179501757,1.8070509458077668
082 09 0 033.00,URBAN SERVICES DISTRICT,SINGLE FAMILY,2013,220000.0,180674.09363598994,39325.906364010065,0.5325383375476059
074 08 0 033.00,GENERAL SERVICES DISTRICT,SINGLE FAMILY,2013,142924.0,140534.87587424344,2389.124125756556,0.03602310197181871
084 14 0 049.00,URBAN SERVICES DISTRICT,SINGLE FAMILY,2016,231979.57976225694,239850.3596704407,-7870.779908183758,-0.10189358593937263
063 02 0 034.00,GENERAL SERVICES DISTRICT,VACANT RESIDENTIAL LAND,2015,22114.584607855133,68009.48215378347,-45894.89754592833,-0.6130251080272283
072 12 0 190.00,URBAN SERVICES DISTRICT,SINGLE FAMILY,2015,245717.6067539459,207133.315662929,38584.2910910169,0.5225693240151966
094 01 0 431.00,URBAN SERVICES DISTRICT,SINGLE FAMILY,2015,343906.3624128227,246396.80144511058,97509.56096771214,1.3146603639297105
043 15 0 052.00,GENERAL SERVICES DISTRICT,SINGLE FAMILY,2015,98287.04270157836,110526.20651032269,-12239.163808744328,-0.1606147042945611
115 00 0 016.00,URBAN SERVICES DISTRICT,SINGLE FAMILY,2013,190000.0,322289.2413235634,-132289.2413235634,-1.774363626268342
073 05 0 128.00,URBAN SERVICES DISTRICT,SINGLE FAMILY,2014,118084.44849959448,141219.5088732804,-23135.06037368592,-0.30708059336024557
148 10 0 005.00,URBAN SERVICES DISTRICT,SINGLE FAMILY,2015,132687.50764713078,141077.5898585947,-8390.082211463916,-0.10887420227419681
081 11 0 181.00,URBAN SERVICES DISTRICT,SINGLE FAMILY,2015,69311.03964272604,98082.28538698352,-28771.24574425748,-0.3828438769339818
172 02 0 072.00,URBAN SERVICES DISTRICT,SINGLE FAMILY,2013,472000.0,449776.32290094666,22223.67709905334,0.302645074577696
072 14 0 130.00,URBAN SERVICES DISTRICT,SINGLE FAMILY,2013,82000.0,307144.6479780071,-225144.6479780071,-3.022553677370546
115 12 0 065.00,URBAN SERVICES DISTRICT,SINGLE FAMILY,2014,582549.9459313328,495625.35957096517,86924.5863603676,1.1723739804859885
103 04 0 131.00,URBAN SERVICES DISTRICT,SINGLE FAMILY,2014,659304.8374560692,522191.68903879076,137113.14841727843,1.8470235899771308
092 06 0 419.00,URBAN SERVICES DISTRICT,SINGLE FAMILY,2015,132687.50764713078,125545.4946646378,7142.01298249299,0.09991285054672346
073 09 0 009.00,URBAN SERVICES DISTRICT,SINGLE FAMILY,2016,289731.8182386347,235255.66191594084,54476.15632269383,0.7361925129098941
161 02 0 168.00,URBAN SERVICES DISTRICT,SINGLE FAMILY,2014,194839.34002433092,200395.7772029101,-5556.437178579188,-0.07078350119564382
148 13 0 110.00,URBAN SERVICES DISTRICT,SINGLE FAMILY,2014,103028.68131589619,112202.54607463402,-9173.864758737836,-0.11941004087512584
081 08 0 470.00,URBAN SERVICES DISTRICT,SINGLE FAMILY,2016,262068.98132137812,215972.11187385133,46096.869447526784,0.6235556413506841
072 10 0 314.00,URBAN SERVICES DISTRICT,SINGLE FAMILY,2013,53000.0,173447.38831200136,-120447.38831200136,-1.6151819087120058
060 16 0 079.00,URBAN SERVICES DISTRICT,SINGLE FAMILY,2013,73000.0,106876.9158815278,-33876.915881527806,-0.4514758166256213
026 06 0 031.00,CITY OF GOODLETTSVILLE,SINGLE FAMILY,2013,158000.0,147316.35508298938,10683.64491701062,0.14752052256717876
147 02 0 178.00,URBAN SERVICES DISTRICT,SINGLE FAMILY,2015,278643.76605897467,266593.2593480074,12050.506710967282,0.16589428618438615
148 10 0 009.00,URBAN SERVICES DISTRICT,SINGLE FAMILY,2013,88000.0,135208.42087983654,-47208.42087983654,-0.630681880167339
115 09 0 041.00,URBAN SERVICES DISTRICT,SINGLE FAMILY,2015,324347.2409152086,358407.92446899094,-34060.68355378235,-0.4539460764466347
142 10 0 037.00,GENERAL SERVICES DISTRICT,SINGLE FAMILY,2013,214900.0,170480.00391488368,44419.99608511632,0.6010146098337124
108 16 0 264.00,GENERAL SERVICES DISTRICT,ZERO LOT LINE,2014,111491.40012503379,115595.10249475097,-4103.702369717183,-0.05125540691827477
133 05 0 001.00,URBAN SERVICES DISTRICT,SINGLE FAMILY,2014,22632.852629088942,210239.31051470042,-187606.45788561148,-2.5179541381743085
103 12 0 144.00,URBAN SERVICES DISTRICT,SINGLE FAMILY,2016,703703.7461407376,571348.0148114973,132355.73132924025,1.783072971567463
172 00 0 161.00,GENERAL SERVICES DISTRICT,SINGLE FAMILY,2015,188711.12198703046,269910.38582315855,-81199.26383612808,-1.0875969219000234
136 14 0 012.00,URBAN SERVICES DISTRICT,SINGLE FAMILY,2016,198978.3006328982,190075.60941449713,8902.691218401073,0.12358041215066023
072 11 0 089.00,URBAN SERVICES DISTRICT,SINGLE FAMILY,2015,170036.58387373056,163108.38791841874,6928.195955311821,0.09703865834080291
073 13 0 216.00,URBAN SERVICES DISTRICT,SINGLE FAMILY,2015,255546.31102410375,272922.32962545875,-17376.018601354997,-0.2296658374176367
060 16 0 101.00,URBAN SERVICES DISTRICT,SINGLE FAMILY,2015,175933.80643582527,167590.95715360402,8342.849282221257,0.11605484998786722
083 14 0 283.00,URBAN SERVICES DISTRICT,SINGLE FAMILY,2015,540480.4478159795,452535.1770294739,87945.2707865056,1.1860943247494256
104 15 0 216.00,URBAN SERVICES DISTRICT,SINGLE FAMILY,2014,412803.55121316575,337214.9995931102,75588.55162005557,1.019991622887113
086 07 0 065.00,GENERAL SERVICES DISTRICT,SINGLE FAMILY,2016,133849.30564525202,125405.545959714,8443.759685538025,0.11741131770483534
082 03 0 237.00,URBAN SERVICES DISTRICT,DUPLEX,2014,159414.00547445257,146509.37221302217,12904.633261430397,0.1773757098416836
059 11 0 208.00,URBAN SERVICES DISTRICT,SINGLE FAMILY,2016,123269.4838067223,136748.68922536433,-13479.205418642028,-0.17728371319984917
091 15 0 134.00,URBAN SERVICES DISTRICT,SINGLE FAMILY,2013,485000.0,465331.30516821204,19668.694831787958,0.26830024144793246
059 14 0 085.00,URBAN SERVICES DISTRICT,SINGLE FAMILY,2015,78629.63416126269,111352.93183329234,-32723.297672029657,-0.4359685368263463
071 12 0 269.00,URBAN SERVICES DISTRICT,SINGLE FAMILY,2016,218390.8177678151,150375.54067138076,68015.27709643435,0.9181894095832807
061 07 0 168.00,URBAN SERVICES DISTRICT,SINGLE FAMILY,2015,353735.0666829805,305770.93058929266,47964.13609368785,0.6486559961331128
084 01 0 025.00,URBAN SERVICES DISTRICT,SINGLE FAMILY,2015,147430.56405236755,197046.00354282907,-49615.43949046152,-0.663037741725091
129 12 0 069.00,URBAN SERVICES DISTRICT,SINGLE FAMILY,2016,237900.3974884066,287209.97372566554,-49309.57623725894,-0.6589262367153076
148 15 0 008.00,URBAN SERVICES DISTRICT,SINGLE FAMILY,2015,101727.0891961336,108799.90303525722,-7072.813839123613,-0.09116708821130154
133 01 0 294.00,URBAN SERVICES DISTRICT,VACANT RESIDENTIAL LAND,2013,65000.0,120849.24275239189,-55849.24275239189,-0.7468343831099745
114 00 0 133.00,GENERAL SERVICES DISTRICT,SINGLE FAMILY,2016,173742.02835750623,181913.44495465126,-8171.4165971450275,-0.10593483391488624
106 14 0 135.00,URBAN SERVICES DISTRICT,SINGLE FAMILY,2015,108115.7469717362,127383.20668280192,-19267.45971106572,-0.25509115254411624
083 08 0 075.00,URBAN SERVICES DISTRICT,SINGLE FAMILY,2016,304776.5190181953,211965.7072165391,92810.81180165618,1.251498377212859
146 15 0 036.00,URBAN SERVICES DISTRICT,SINGLE FAMILY,2015,401011.1342224397,376671.4324133103,24339.701809129445,0.33108930939573417
072 04 0 137.00,URBAN SERVICES DISTRICT,SINGLE FAMILY,2014,246009.26770748853,202774.08686258362,43235.18084490491,0.5850879702495501
083 04 0 151.00,URBAN SERVICES DISTRICT,SINGLE FAMILY,2014,206647.78487429034,176492.37558966555,30155.409284624795,0.4092657826090645
073 01 0 107.00,URBAN SERVICES DISTRICT,SINGLE FAMILY,2014,237644.9526054339,235708.44778351087,1936.5048219230375,0.02993885838992097
072 03 0 313.00,URBAN SERVICES DISTRICT,SINGLE FAMILY,2016,145593.87851187674,208038.61679501485,-62444.73828313811,-0.8354929997719319
103 03 0 034.00,URBAN SERVICES DISTRICT,SINGLE FAMILY,2016,600574.7488614916,519589.5633098011,80985.18555169046,1.0925347846221642
083 14 0 308.00,URBAN SERVICES DISTRICT,SINGLE FAMILY,2013,393000.0,446465.858898332,-53465.85889833199,-0.7147962269941311
053 03 0 097.00,GENERAL SERVICES DISTRICT,DUPLEX,2016,131034.49066068906,146614.00567246965,-15579.51501178059,-0.20551670073224088
161 02 0 024.00,URBAN SERVICES DISTRICT,SINGLE FAMILY,2015,217214.36437048818,217028.66888936746,185.69548112072516,0.006403957415345653
149 09 0 102.00,URBAN SERVICES DISTRICT,SINGLE FAMILY,2013,94000.0,108527.10727313932,-14527.107273139321,-0.191369922247241
050 15 0 214.00,URBAN SERVICES DISTRICT,SINGLE FAMILY,2015,171019.45430074635,152763.09611546088,18256.35818528547,0.24931519130936747
082 04 0 210.00,URBAN SERVICES DISTRICT,SINGLE FAMILY,2016,175683.28007099792,146880.86757020667,28802.41250079125,0.39107839659029364
075 10 0 002.00,GENERAL SERVICES DISTRICT,SINGLE FAMILY,2014,133410.825877771,135457.6688910352,-2046.8430132641806,-0.02360649041742549
147 05 0 002.00,URBAN SERVICES DISTRICT,SINGLE FAMILY,2015,188711.12198703046,271830.82223627676,-83119.70024924629,-1.1134120005367378
086 02 0 063.00,GENERAL SERVICES DISTRICT,SINGLE FAMILY,2016,162094.5180765561,164475.47906551117,-2380.9609889550775,-0.028097803828003583
085 11 0 031.00,URBAN SERVICES DISTRICT,SINGLE FAMILY,2013,133500.0,142842.93149478573,-9342.931494785735,-0.12168268633014642
133 14 0 079.00,URBAN SERVICES DISTRICT,SINGLE FAMILY,2014,118084.44849959448,178894.84560912868,-60810.3971095342,-0.8135236986132958
096 14 0 060.00,URBAN SERVICES DISTRICT,SINGLE FAMILY,2015,130033.75749418818,128419.7414161732,1614.0160780149745,0.025603868578972493
133 08 0 145.00,URBAN SERVICES DISTRICT,SINGLE FAMILY,2015,137601.8597822097,157948.16034291196,-20346.30056070225,-0.26959325278530366
095 09 0 031.00,URBAN SERVICES DISTRICT,SINGLE FAMILY,2015,143990.5175578123,159983.55062169183,-15993.033063879528,-0.2110753336344894
071 08 0 095.00,URBAN SERVICES DISTRICT,SINGLE FAMILY,2016,97062.5856745845,130118.8900061314,-33056.30433154691,-0.44044491159369886
128 14 0 134.00,GENERAL SERVICES DISTRICT,SINGLE FAMILY,2013,170000.0,156109.3870029214,13890.612997078599,0.19062954331208573
147 14 0 113.00,URBAN SERVICES DISTRICT,SINGLE FAMILY,2013,149900.0,211817.44934764496,-61917.44934764496,-0.8284050247465452
147 04 0 075.00,URBAN SERVICES DISTRICT,SINGLE FAMILY,2016,179565.78349798132,191988.51549855535,-12422.732000574033,-0.16308228264025015
115 07 0 035.00,URBAN SERVICES DISTRICT,SINGLE FAMILY,2014,275530.37983238715,285120.8834892419,-9590.503656854737,-0.1250106251196924
116 08 0 117.00,URBAN SERVICES DISTRICT,SINGLE FAMILY,2013,283000.0,268208.5485308165,14791.451469183492,0.20273888254222766
149 08 0 205.00,URBAN SERVICES DISTRICT,ZERO LOT LINE,2013,35000.0,74511.19314705071,-39511.19314705071,-0.5272134508825972
162 07 0 226.00,URBAN SERVICES DISTRICT,SINGLE FAMILY,2014,112672.24461002974,116911.56453268019,-4239.319922650451,-0.05307841848459192
083 02 0 303.00,URBAN SERVICES DISTRICT,SINGLE FAMILY,2015,186745.38113299888,475471.1372027906,-288725.75606979174,-3.8772298822097335
080 04 0 030.00,URBAN SERVICES DISTRICT,SINGLE FAMILY,2014,139241.2455224385,143994.71651636073,-4753.4709939222375,-0.05998979042347376
147 15 0 071.00,URBAN SERVICES DISTRICT,SINGLE FAMILY,2014,147507.15691741012,165963.16337654585,-18456.006459135737,-0.24418335608415573
072 16 0 302.00,URBAN SERVICES DISTRICT,SINGLE FAMILY,2014,248961.37891997836,213634.55080602173,35326.82811395664,0.4787815358152964
083 01 0 282.00,URBAN SERVICES DISTRICT,SINGLE FAMILY,2016,338748.42400429986,332671.7468113922,6076.677192907664,0.08559228934782552
083 06 0 176.00,URBAN SERVICES DISTRICT,SINGLE FAMILY,2014,234200.82285752907,181468.62096626413,52732.20189126494,0.7127497576701702
072 15 0 176.00,URBAN SERVICES DISTRICT,SINGLE FAMILY,2015,127674.8684693503,321128.38039489934,-193453.51192554904,-2.596551981249478
156 09 0 027.00,GENERAL SERVICES DISTRICT,SINGLE FAMILY,2013,395000.0,364746.8019809259,30253.1980190741,0.41058028792272633
072 16 0 173.00,URBAN SERVICES DISTRICT,SINGLE FAMILY,2016,242656.46418646123,236179.55194272732,6476.91224373391,0.09097236818806824
128 14 0 126.00,GENERAL SERVICES DISTRICT,SINGLE FAMILY,2013,213000.0,176427.7690832559,36572.2309167441,0.49552261147327176
104 05 0 176.00,URBAN SERVICES DISTRICT,SINGLE FAMILY,2014,303083.41781562584,307065.75449201674,-3982.3366763909,-0.04962397309645394
075 13 0 174.00,GENERAL SERVICES DISTRICT,SINGLE FAMILY,2013,114000.0,120031.74961614479,-6031.7496161447925,-0.0771727926446855
073 13 0 172.00,URBAN SERVICES DISTRICT,DUPLEX,2013,168000.0,169143.58668682893,-1143.5866868289304,-0.011464649668751655
075 06 0 082.00,GENERAL SERVICES DISTRICT,SINGLE FAMILY,2016,218293.7551821405,192715.5577457056,25578.197436434915,0.34773753674224905
172 15 0 003.00,GENERAL SERVICES DISTRICT,SINGLE FAMILY,2013,358500.0,332276.19342077133,26223.806579228665,0.3564160072586152
061 06 0 140.00,URBAN SERVICES DISTRICT,SINGLE FAMILY,2013,142500.0,168443.21548704847,-25943.215487048466,-0.34482865134350327
119 05 0 396.00,URBAN SERVICES DISTRICT,SINGLE FAMILY,2016,262068.98132137812,166131.94768604287,95937.03363533525,1.293521982847997
061 15 0 272.00,URBAN SERVICES DISTRICT,SINGLE FAMILY,2015,304591.54533219134,292131.03738267533,12460.507949516003,0.1714056450307329
135 01 0 066.00,URBAN SERVICES DISTRICT,SINGLE FAMILY,2014,124972.70799540417,132923.78698045027,-7951.078985046101,-0.10297299006309006
061 15 0 099.00,URBAN SERVICES DISTRICT,SINGLE FAMILY,2013,225000.0,230830.29335420087,-5830.293354200869,-0.0744647575291168
163 01 0 021.00,URBAN SERVICES DISTRICT,SINGLE FAMILY,2016,165006.39564679362,161707.58184950112,3298.8137972925033,0.04825142166274606
074 08 0 038.00,GENERAL SERVICES DISTRICT,SINGLE FAMILY,2013,137700.0,134399.7750620459,3300.2249379541026,0.04827039063609911
075 07 0 075.00,GENERAL SERVICES DISTRICT,SINGLE FAMILY,2014,184998.96931603138,164552.55626791975,20446.41304811163,0.2787545615048002
119 13 0 197.00,URBAN SERVICES DISTRICT,SINGLE FAMILY,2015,113030.09910681512,108378.0201362044,4652.078970610717,0.06644241545296127
136 13 0 110.00,URBAN SERVICES DISTRICT,SINGLE FAMILY,2013,11500.0,137096.54270989404,-125596.54270989404,-1.6843983767950867
071 04 0 138.00,URBAN SERVICES DISTRICT,SINGLE FAMILY,2014,108244.07779129494,129611.14965595603,-21367.07186466109,-0.28331476488630175
083 06 0 003.00,URBAN SERVICES DISTRICT,SINGLE FAMILY,2015,300758.3506668298,215498.57102256312,85259.77964426667,1.1499951524250824
083 03 0 085.00,URBAN SERVICES DISTRICT,SINGLE FAMILY,2014,194839.34002433092,314313.16634048335,-119473.82631615244,-1.602094998200999
059 06 0 048.00,URBAN SERVICES DISTRICT,SINGLE FAMILY,2016,144623.2526551309,158470.14938795235,-13846.89673282145,-0.18222632943267017
052 08 0 030.00,GENERAL SERVICES DISTRICT,SINGLE FAMILY,2014,125956.74506623411,140170.241771427,-14213.496705192898,-0.18715427552364222
090 15 0 067.00,URBAN SERVICES DISTRICT,SINGLE FAMILY,2014,98403.7070829954,155358.98165930764,-56955.27457631224,-0.7617019925315498
081 07 0 232.00,URBAN SERVICES DISTRICT,SINGLE FAMILY,2013,22500.0,72335.34637015259,-49835.34637015259,-0.6659937955434841
096 10 0 203.00,URBAN SERVICES DISTRICT,SINGLE FAMILY,2016,124240.10966346815,147946.75839271068,-23706.64872924253,-0.31476405439323313
148 05 0 090.00,URBAN SERVICES DISTRICT,SINGLE FAMILY,2016,225670.51169340895,168655.0667468747,57015.44494653423,0.770326387407367
103 06 0 186.00,URBAN SERVICES DISTRICT,SINGLE FAMILY,2014,312923.7885239254,288584.97171959607,24338.81680432934,0.33107741289744214
098 00 0 122.00,GENERAL SERVICES DISTRICT,SINGLE FAMILY,2016,305747.14487494115,287766.95328029466,17980.191594646487,0.24560287768863015
091 16 0 126.00,URBAN SERVICES DISTRICT,SINGLE FAMILY,2014,492018.53541497706,397365.7881644677,94652.74725050933,1.2762582224913024
075 11 0 042.00,GENERAL SERVICES DISTRICT,SINGLE FAMILY,2015,191659.7332680778,171653.53382042734,20006.199447650462,0.2728370790850599
073 13 0 197.00,URBAN SERVICES DISTRICT,SINGLE FAMILY,2015,229008.80949467758,188532.192471636,40476.61702304159,0.5480065331869352
075 06 0 028.00,GENERAL SERVICES DISTRICT,SINGLE FAMILY,2015,159225.00917655695,165800.06456335267,-6575.055386795721,-0.08447607074195988
163 01 0 054.00,URBAN SERVICES DISTRICT,SINGLE FAMILY,2016,133655.18047390284,141971.2803316313,-8316.099857728463,-0.10787970942540266
071 15 0 336.00,URBAN SERVICES DISTRICT,SINGLE FAMILY,2016,388250.342698338,361747.8860604367,26502.456637901254,0.3601617043968392
104 10 0 132.00,URBAN SERVICES DISTRICT,SINGLE FAMILY,2014,305051.49195728573,281528.5429865803,23522.948970705445,0.3201102743146193
142 11 0 111.00,GENERAL SERVICES DISTRICT,SINGLE FAMILY,2016,219361.44362456095,203896.01460465338,15465.429019907577,0.2117986896529833
150 05 0 387.00,URBAN SERVICES DISTRICT,ZERO LOT LINE,2014,66245.3756082725,87101.02836903914,-20855.652760766636,-0.27644011686714826
059 09 0 129.00,URBAN SERVICES DISTRICT,SINGLE FAMILY,2016,100945.08910156786,134793.73790334936,-33848.6488017815,-0.45109584211488163
117 12 0 159.00,URBAN SERVICES DISTRICT,SINGLE FAMILY,2013,585000.0,500484.0970308328,84515.90296916722,1.1399957404515666
105 09 0 380.00,URBAN SERVICES DISTRICT,SINGLE FAMILY,2014,300131.306603136,415539.0791314272,-115407.77252829121,-1.5474378913279236
120 01 0 061.00,URBAN SERVICES DISTRICT,SINGLE FAMILY,2015,57006.48476691545,106425.54986498597,-49419.06509807052,-0.6603980186146655
081 11 0 537.00,URBAN SERVICES DISTRICT,VACANT RESIDENTIAL LAND,2014,11808.44484995945,63928.724486410174,-52120.27963645072,-0.6967085495161792
091 11 0 098.00,URBAN SERVICES DISTRICT,VACANT RESIDENTIAL LAND,2013,100000.0,150609.45436605695,-50609.45436605695,-0.6763995859414765
133 13 0 124.00,URBAN SERVICES DISTRICT,SINGLE FAMILY,2015,199522.69668420407,207062.62450698233,-7539.927822778263,-0.09744617359938486
071 08 0 389.00,URBAN SERVICES DISTRICT,SINGLE FAMILY,2015,127773.15551205188,137486.43353771657,-9713.278025664695,-0.1266609947772099
083 14 0 183.00,URBAN SERVICES DISTRICT,SINGLE FAMILY,2016,415427.8666872216,399388.8923011818,16038.97438603983,0.21950845740540087
119 02 0 192.00,URBAN SERVICES DISTRICT,SINGLE FAMILY,2016,165006.39564679362,145436.32767673396,19570.067970059667,0.266974469777589
091 11 0 090.00,URBAN SERVICES DISTRICT,SINGLE FAMILY,2016,307591.33400275826,310329.34932955157,-2738.0153267933056,-0.032897434654575744
144 03 0 026.00,CITY OF FOREST HILLS,SINGLE FAMILY,2016,698850.6168570083,693576.85817778,5273.758679228253,0.07479921938314352
130 04 0 043.00,URBAN SERVICES DISTRICT,SINGLE FAMILY,2013,589000.0,597371.3585742398,-8371.35857423977,-0.10862251356219108
072 10 0 007.00,URBAN SERVICES DISTRICT,SINGLE FAMILY,2016,291187.7570237535,226316.45479477054,64871.30222898294,0.8759271623770172
161 06 0 144.00,URBAN SERVICES DISTRICT,SINGLE FAMILY,2016,263524.9201064969,211445.00502501806,52079.91508147883,0.7039815239638645
115 05 0 031.00,URBAN SERVICES DISTRICT,SINGLE FAMILY,2013,295000.0,445586.08215832274,-150586.08215832274,-2.0203152140045013
115 01 0 053.00,URBAN SERVICES DISTRICT,SINGLE FAMILY,2015,260460.66315918267,355895.9133802965,-95435.25022111382,-1.2789612938153045
133 12 0 156.00,URBAN SERVICES DISTRICT,SINGLE FAMILY,2013,107500.0,120285.5909937381,-12785.590993738093,-0.16795994137374587
133 02 0 125.00,URBAN SERVICES DISTRICT,DUPLEX,2013,115000.0,168055.02804225901,-53055.028042259015,-0.7092737161817622
107 05 0 015.00,URBAN SERVICES DISTRICT,SINGLE FAMILY,2016,104827.59252855125,130964.09796445211,-26136.505435900865,-0.34742691244458773
091 11 0 228.00,URBAN SERVICES DISTRICT,SINGLE FAMILY,2013,125000.0,158071.17328180218,-33071.173281802185,-0.4406447844546086
083 13 0 188.00,URBAN SERVICES DISTRICT,SINGLE FAMILY,2014,236168.89699918896,258570.26444288736,-22401.3674436984,-0.2972180743237128
061 16 0 139.00,URBAN SERVICES DISTRICT,VACANT RESIDENTIAL LAND,2013,15000.0,139220.33722655743,-124220.33722655743,-1.6658990125204178
081 03 0 265.00,URBAN SERVICES DISTRICT,SINGLE FAMILY,2015,55040.74391288388,103319.24522571436,-48278.50131283048,-0.6450662202770405
130 16 0 048.00,CITY OF FOREST HILLS,DUPLEX,2014,369013.90156123275,466114.59178654203,-97100.69022530928,-1.3013486347235241
033 05 0 017.00,GENERAL SERVICES DISTRICT,SINGLE FAMILY,2014,162366.11668694243,184122.0417775174,-21755.92509057498,-0.28854184584380554
052 09 0 140.00,GENERAL SERVICES DISTRICT,SINGLE FAMILY,2013,238000.0,199432.64499556462,38567.355004435376,0.522341664091695
052 16 0 006.00,GENERAL SERVICES DISTRICT,SINGLE FAMILY,2016,158114.95206389812,147894.4469941785,10220.505069719627,0.14129485870455707
044 11 0 041.00,GENERAL SERVICES DISTRICT,SINGLE FAMILY,2014,132845.0045620438,197911.9845976209,-65066.980035577115,-0.8707419549475812
091 09 0 111.00,URBAN SERVICES DISTRICT,SINGLE FAMILY,2016,165006.39564679362,132175.4366160168,32830.95903077681,0.4452313197242493
096 13 0 049.00,URBAN SERVICES DISTRICT,SINGLE FAMILY,2015,11152.630735348097,147652.27063904863,-136499.63990370053,-1.8309610588600662
150 07 0 215.00,URBAN SERVICES DISTRICT,SINGLE FAMILY,2015,152246.6291447449,155683.87325663152,-3437.2441118866263,-0.04229667638366246
044 05 0 036.00,GENERAL SERVICES DISTRICT,SINGLE FAMILY,2016,126181.36137695983,107874.21489503705,18307.146481922784,0.24999790272983477
071 15 0 514.00,URBAN SERVICES DISTRICT,SINGLE FAMILY,2013,199900.0,186865.78253627694,13034.217463723064,0.17911761931049514
082 16 0 160.00,URBAN SERVICES DISTRICT,ZERO LOT LINE,2015,226060.19821363024,271307.95983426546,-45247.761620635225,-0.6043261140454598
104 15 0 388.00,URBAN SERVICES DISTRICT,SINGLE FAMILY,2013,368000.0,363274.02883659594,4725.971163404058,0.06743569633149976
136 11 0 005.00,URBAN SERVICES DISTRICT,SINGLE FAMILY,2014,49201.8535414977,162991.86524749134,-113790.01170599365,-1.525691468193196
092 05 0 169.00,URBAN SERVICES DISTRICT,SINGLE FAMILY,2013,33000.0,81186.93123389721,-48186.93123389721,-0.6438353079842486
119 12 0 097.00,URBAN SERVICES DISTRICT,SINGLE FAMILY,2016,201890.17820313573,171252.40058733383,30637.777615801897,0.4157499214829877
061 15 0 043.00,URBAN SERVICES DISTRICT,VACANT RESIDENTIAL LAND,2013,105000.0,93290.56420162584,11709.435798374165,0.16130950932369803
053 00 0 033.00,GENERAL SERVICES DISTRICT,SINGLE FAMILY,2013,95000.0,144064.77757991097,-49064.777579910966,-0.6556355802028438
096 14 0 105.00,URBAN SERVICES DISTRICT,SINGLE FAMILY,2016,160153.2663630644,140393.48942973028,19759.776933334128,0.26952459420324903
061 06 0 029.00,URBAN SERVICES DISTRICT,SINGLE FAMILY,2013,272750.0,215707.87199960012,57042.12800039988,0.7706850689701119
094 01 0 125.00,URBAN SERVICES DISTRICT,SINGLE FAMILY,2015,186647.09409029732,388101.8408466237,-201454.74675632638,-2.7041069645524427
091 13 0 128.00,URBAN SERVICES DISTRICT,SINGLE FAMILY,2015,244734.7363269301,202605.6233977449,42129.11292918521,0.5702198756712511
158 04 0 015.00,CITY OF FOREST HILLS,SINGLE FAMILY,2016,630906.8068847992,601394.4528077366,29512.35407706257,0.40062164285126156
150 01 0 127.00,URBAN SERVICES DISTRICT,DUPLEX,2015,117944.45124189404,136232.317855002,-18287.866613107966,-0.24192317016103826
130 01 0 146.00,URBAN SERVICES DISTRICT,SINGLE FAMILY,2014,895473.7344552582,682721.175638759,212752.5588164992,2.863791088318874
115 13 0 058.00,URBAN SERVICES DISTRICT,SINGLE FAMILY,2014,324633.82966680184,349646.58135982585,-25012.75169302401,-0.3323210797065149
129 12 0 048.00,URBAN SERVICES DISTRICT,SINGLE FAMILY,2016,359131.56699596264,353812.8116487481,5318.755347214523,0.07540407800513226
146 15 0 056.00,URBAN SERVICES DISTRICT,SINGLE FAMILY,2013,315000.0,363331.1856369232,-48331.18563692318,-0.6457744186636599
033 03 0 007.00,CITY OF GOODLETTSVILLE,SINGLE FAMILY,2014,88563.33637469586,138684.1608470323,-50120.82447233643,-0.6698312772776333
053 16 0 171.00,GENERAL SERVICES DISTRICT,SINGLE FAMILY,2013,143500.0,172769.0702527406,-29269.07025274061,-0.3895357823498497
091 09 0 054.00,URBAN SERVICES DISTRICT,SINGLE FAMILY,2014,68882.59495809679,112720.75273961422,-43838.15778151744,-0.5853777991182525
044 11 0 085.00,GENERAL SERVICES DISTRICT,SINGLE FAMILY,2016,153358.88536584348,119825.95719279967,33532.92817304381,0.4546673981512074
082 04 0 116.00,URBAN SERVICES DISTRICT,SINGLE FAMILY,2016,145496.81592620214,171959.02900576964,-26462.213079567504,-0.35180517166545977
083 13 0 446.00,URBAN SERVICES DISTRICT,SINGLE FAMILY,2014,400995.1063632063,346284.8736000672,54710.232763139065,0.7393390381870754
081 07 0 269.00,URBAN SERVICES DISTRICT,SINGLE FAMILY,2014,86595.26223303596,81745.08074786664,4850.18148516932,0.0691053684966174
091 14 0 016.00,URBAN SERVICES DISTRICT,SINGLE FAMILY,2015,58972.22562094702,286976.68082600133,-228004.4552050543,-3.060996058460476
102 07 0 014.00,URBAN SERVICES DISTRICT,SINGLE FAMILY,2013,60000.0,152119.4826538795,-92119.4826538795,-1.2343897579370415
129 15 0 075.00,URBAN SERVICES DISTRICT,SINGLE FAMILY,2016,363887.63369401725,359568.3297042962,4319.303989721055,0.06196915497877084
081 15 0 110.00,URBAN SERVICES DISTRICT,DUPLEX,2013,40500.0,97913.13301236976,-57413.133012369755,-0.7678566620902864
072 14 0 230.00,URBAN SERVICES DISTRICT,SINGLE FAMILY,2016,244985.96624265125,231027.1460407039,13958.820201947354,0.1915464048885742
117 02 0 167.00,URBAN SERVICES DISTRICT,SINGLE FAMILY,2013,435000.0,373550.1973524431,61449.80264755688,0.82993434525136
102 08 0 062.00,URBAN SERVICES DISTRICT,SINGLE FAMILY,2014,285370.75054068665,300398.2297502091,-15027.479209522426,-0.198096070948182
117 01 0 135.00,URBAN SERVICES DISTRICT,SINGLE FAMILY,2014,861032.4369762097,491576.12830139726,369456.3086748125,4.970249598284321
054 13 0 125.00,GENERAL SERVICES DISTRICT,SINGLE FAMILY,2016,242656.46418646123,322659.7083508928,-80003.24416443158,-1.0715196690084423
110 00 0 164.00,GENERAL SERVICES DISTRICT,SINGLE FAMILY,2014,334572.6040821844,326166.2157100928,8406.388372091576,0.11690896137125026
102 15 0 001.00,URBAN SERVICES DISTRICT,SINGLE FAMILY,2014,268642.12033657747,292656.17379938555,-24014.05346280808,-0.3188962804414821
103 10 0 020.00,URBAN SERVICES DISTRICT,SINGLE FAMILY,2014,275530.37983238715,287941.81336348003,-12411.433531092887,-0.16293040524606103
149 04 0 054.00,URBAN SERVICES DISTRICT,SINGLE FAMILY,2015,142516.21191728863,157631.3864591845,-15115.17454189586,-0.19927489774287768
084 05 0 044.00,URBAN SERVICES DISTRICT,SINGLE FAMILY,2014,333588.56701135443,235854.67949346497,97733.88751788947,1.3176758282760295
104 14 0 073.00,URBAN SERVICES DISTRICT,SINGLE FAMILY,2014,787131.2529568803,645578.3844166277,141552.86854025256,1.9067036310952252
072 15 0 167.00,URBAN SERVICES DISTRICT,SINGLE FAMILY,2015,176916.67686284106,135141.6659628783,41775.01089996277,0.5654599306570056
103 07 0 045.00,URBAN SERVICES DISTRICT,SINGLE FAMILY,2015,216231.4939434724,223127.609855263,-6896.115911790606,-0.08879186200860756
075 07 0 217.00,GENERAL SERVICES DISTRICT,ZERO LOT LINE,2015,105167.13569068885,104251.05638354768,916.0793071411754,0.01622199449009967
163 01 0 068.00,URBAN SERVICES DISTRICT,SINGLE FAMILY,2016,106768.84424204293,149028.45168832436,-42259.60744628143,-0.564158455036996
081 14 0 137.00,URBAN SERVICES DISTRICT,SINGLE FAMILY,2016,104342.27960017833,109943.79475408816,-5601.51515390983,-0.07138945277518866
071 16 0 181.00,URBAN SERVICES DISTRICT,SINGLE FAMILY,2016,287111.1284254209,305220.88692235807,-18109.758496937167,-0.23952898777969056
107 14 0 115.00,URBAN SERVICES DISTRICT,SINGLE FAMILY,2014,87087.28076845093,93132.49851064626,-6045.217742195324,-0.07735383520913007
083 14 0 232.00,URBAN SERVICES DISTRICT,SINGLE FAMILY,2016,198978.3006328982,229052.76295215244,-30074.462319254235,-0.40036210254895294
015 14 0 060.00,GENERAL SERVICES DISTRICT,SINGLE FAMILY,2013,145000.0,152706.61003529595,-7706.6100352959475,-0.09968676557842304
082 07 0 058.00,URBAN SERVICES DISTRICT,SINGLE FAMILY,2016,378544.0841308795,341521.61609073234,37022.468040147156,0.5015748330758324
129 15 0 002.00,URBAN SERVICES DISTRICT,SINGLE FAMILY,2016,363984.6962796918,327671.160461988,36313.535817703814,0.4920451548498504
082 08 0 143.00,URBAN SERVICES DISTRICT,SINGLE FAMILY,2016,165006.39564679362,236227.84731909036,-71221.45167229674,-0.9534721969821899
150 07 0 074.00,URBAN SERVICES DISTRICT,SINGLE FAMILY,2014,119068.48557042444,127018.37127619113,-7949.88570576669,-0.10295694964736835
092 02 0 435.00,URBAN SERVICES DISTRICT,DUPLEX,2016,436781.6355356302,244960.72007238993,191820.9154632403,2.5824216998460376
091 06 0 039.00,URBAN SERVICES DISTRICT,SINGLE FAMILY,2013,70000.0,114937.78608712571,-44937.786087125714,-0.6001593305381565
102 04 0 119.00,URBAN SERVICES DISTRICT,SINGLE FAMILY,2015,162173.6204576043,172522.77942780423,-10349.158970199933,-0.1352086959531691
095 14 0 024.00,URBAN SERVICES DISTRICT,SINGLE FAMILY,2016,218876.13069618802,182281.16745158136,36594.96324460665,0.495828186199599
105 14 0 025.00,URBAN SERVICES DISTRICT,SINGLE FAMILY,2015,629037.0732901015,608672.677095817,20364.396194284433,0.2776520665111507
061 15 0 074.00,URBAN SERVICES DISTRICT,SINGLE FAMILY,2014,98403.7070829954,176133.50433905973,-77729.79725606432,-1.0409593180824763
051 07 0 047.00,GENERAL SERVICES DISTRICT,SINGLE FAMILY,2015,245717.6067539459,198971.72897053708,46745.877783408825,0.6322798048336469
075 06 0 070.00,GENERAL SERVICES DISTRICT,SINGLE FAMILY,2015,136618.98935519392,131644.91593029644,4974.073424897477,0.0707707608755009
145 13 0 014.00,CITY OF FOREST HILLS,SINGLE FAMILY,2014,534922.5517031631,521493.8759007083,13428.67580245476,0.18442004586505747
075 07 0 242.00,GENERAL SERVICES DISTRICT,ZERO LOT LINE,2014,93385.11802176264,103488.68971646653,-10103.571694703889,-0.13190743860051726
033 16 0 065.00,GENERAL SERVICES DISTRICT,SINGLE FAMILY,2014,142685.37527034333,144205.17212592927,-1519.7968555859406,-0.01652177888378492
136 10 0 071.00,URBAN SERVICES DISTRICT,SINGLE FAMILY,2013,167000.0,172611.47512541382,-5611.475125413825,-0.07152333768063969
083 06 0 251.00,URBAN SERVICES DISTRICT,SINGLE FAMILY,2014,218948.24825966478,503519.2234455017,-284570.9751858369,-3.8213800792665262
083 07 0 151.00,URBAN SERVICES DISTRICT,DUPLEX,2016,116475.10280950139,187937.27384193894,-71462.17103243755,-0.9567080183657912
147 09 0 046.00,URBAN SERVICES DISTRICT,SINGLE FAMILY,2014,250929.45306163828,258761.61368114685,-7832.160619508562,-0.10137445395081311
083 15 0 124.00,URBAN SERVICES DISTRICT,SINGLE FAMILY,2016,247509.59347019045,231359.5871407292,16150.006329461234,0.22100098188110415
147 14 0 144.00,URBAN SERVICES DISTRICT,SINGLE FAMILY,2013,170000.0,172483.35542648903,-2483.3554264890263,-0.02947422037522426
136 09 0 044.00,URBAN SERVICES DISTRICT,SINGLE FAMILY,2013,135000.0,149013.99612474602,-14013.996124746016,-0.18447252926163285
095 04 0 163.00,URBAN SERVICES DISTRICT,SINGLE FAMILY,2015,137503.57273950812,127955.39508739879,9548.177652109327,0.13225723317492666
032 09 0 076.00,GENERAL SERVICES DISTRICT,SINGLE FAMILY,2016,266922.11060510733,316540.9855966338,-49618.87499152648,-0.6630839227543313
142 02 0 196.00,GENERAL SERVICES DISTRICT,SINGLE FAMILY,2013,199900.0,186623.8500521513,13276.149947848695,0.1823697478682629
050 15 0 204.00,URBAN SERVICES DISTRICT,SINGLE FAMILY,2015,115880.42334516089,139132.64278673087,-23252.219441569978,-0.30865548046911906
072 07 0 376.00,URBAN SERVICES DISTRICT,SINGLE FAMILY,2014,295211.1212489862,245521.38391568264,49689.73733330358,0.6718520422984536
071 11 0 116.00,URBAN SERVICES DISTRICT,SINGLE FAMILY,2015,308523.0270402545,295107.27861340495,13415.748426849546,0.18424627222926546
133 02 0 129.00,URBAN SERVICES DISTRICT,SINGLE FAMILY,2015,172002.32472776214,180029.0089314148,-8026.684203652665,-0.10398929794516432
136 05 0 005.00,URBAN SERVICES DISTRICT,SINGLE FAMILY,2015,166989.68554998163,174265.62302935545,-7275.937479373824,-0.09389753672301288
091 10 0 168.00,URBAN SERVICES DISTRICT,VACANT RESIDENTIAL LAND,2013,122700.0,122114.780295478,585.2197045219946,0.011774481101485084
116 08 0 109.00,URBAN SERVICES DISTRICT,SINGLE FAMILY,2014,347365.0860029738,293026.2676016517,54338.81840132206,0.7343463756382838
146 15 0 025.00,URBAN SERVICES DISTRICT,SINGLE FAMILY,2015,270289.3674293405,371253.3324610582,-100963.96503171773,-1.3532799260911663
033 14 0 074.00,GENERAL SERVICES DISTRICT,SINGLE FAMILY,2014,170730.43178899703,218924.65673027013,-48194.2249412731,-0.6439333521726298
075 05 0 062.00,GENERAL SERVICES DISTRICT,SINGLE FAMILY,2016,126388.1046844467,152745.3505526098,-26357.245868163096,-0.35039417112507654
150 05 0 220.00,URBAN SERVICES DISTRICT,SINGLE FAMILY,2014,155477.85719113273,179512.55089198434,-24034.69370085161,-0.3191737326729304
052 08 0 029.00,GENERAL SERVICES DISTRICT,SINGLE FAMILY,2016,140740.7492281475,182603.33381463922,-41862.58458649172,-0.5588215554260357
092 06 0 471.00,URBAN SERVICES DISTRICT,SINGLE FAMILY,2015,63886.57775602594,85655.83558306802,-21769.257827042085,-0.2887210684611179
092 06 0 025.00,URBAN SERVICES DISTRICT,SINGLE FAMILY,2015,196475.79836045514,164845.55480986732,31630.243550587824,0.4290909443753619
119 04 0 027.00,URBAN SERVICES DISTRICT,SINGLE FAMILY,2015,206402.78967331458,245031.41924580678,-38628.62957249221,-0.5153497682719691
072 08 0 264.00,URBAN SERVICES DISTRICT,DUPLEX,2016,727969.3925593836,290143.47256399447,437825.9199953892,5.889294290702179
103 04 0 314.00,URBAN SERVICES DISTRICT,SINGLE FAMILY,2013,405500.0,344725.221528043,60774.77847195702,0.8208604690970855
117 02 0 063.00,URBAN SERVICES DISTRICT,SINGLE FAMILY,2016,679341.0371364169,489603.52944638423,189737.50769003265,2.5544159116146172
133 07 0 048.00,URBAN SERVICES DISTRICT,SINGLE FAMILY,2014,128908.85627872398,133639.50077408494,-4730.644495360961,-0.05968294982654745
075 07 0 117.00,GENERAL SERVICES DISTRICT,SINGLE FAMILY,2016,165006.39564679362,180029.93928743704,-15023.543640643416,-0.19804316785834375
162 03 0 220.00,URBAN SERVICES DISTRICT,SINGLE FAMILY,2016,132005.11651743492,152441.87963450086,-20436.763117065944,-0.2708092774296266
053 03 0 278.00,GENERAL SERVICES DISTRICT,SINGLE FAMILY,2015,157259.26832252537,147707.24827733857,9552.0200451868,0.1323088837678703
090 12 0 277.00,URBAN SERVICES DISTRICT,DUPLEX,2016,155300.1370793352,164100.6903070605,-8800.553227725293,-0.11439187601257081
082 07 0 213.03,URBAN SERVICES DISTRICT,SINGLE FAMILY,2015,270289.3674293405,225580.65536048144,44708.71206885905,0.6048956161368022
117 04 0 224.00,URBAN SERVICES DISTRICT,SINGLE FAMILY,2013,287500.0,595459.7730831375,-307959.77308313746,-4.135779271456738
087 09 0 040.00,GENERAL SERVICES DISTRICT,DUPLEX,2015,104380.83934907622,109076.29115012767,-4695.451801051444,-0.05920987914072198
082 12 0 137.00,URBAN SERVICES DISTRICT,SINGLE FAMILY,2014,235790.04272691943,171833.15204744798,63956.89067947146,0.8636353697950226
044 11 0 071.00,GENERAL SERVICES DISTRICT,SINGLE FAMILY,2016,111621.97352577216,116945.36332475088,-5323.389798978722,-0.06765080886104168
104 11 0 281.00,URBAN SERVICES DISTRICT,SINGLE FAMILY,2013,400000.0,382420.88958430575,17579.110415694246,0.2402114249419357
146 16 0 047.00,URBAN SERVICES DISTRICT,SINGLE FAMILY,2015,362679.18756882416,336789.31902732275,25889.868541501404,0.3519271126277735
061 15 0 126.00,URBAN SERVICES DISTRICT,SINGLE FAMILY,2015,201193.57641013092,191006.31259927413,10187.263810856792,0.1408480197956165
083 09 0 025.00,URBAN SERVICES DISTRICT,SINGLE FAMILY,2014,580581.8717896729,551277.8233623509,29304.048427321948,0.3978215362235213
083 08 0 055.00,URBAN SERVICES DISTRICT,SINGLE FAMILY,2013,171000.0,181195.26158975667,-10195.261589756672,-0.133139961497298
133 07 0 273.00,URBAN SERVICES DISTRICT,SINGLE FAMILY,2016,203831.4299166274,164191.59019757577,39639.83971905164,0.5367583232715419
117 08 0 140.00,URBAN SERVICES DISTRICT,SINGLE FAMILY,2015,825611.1586932583,617780.4029677754,207830.75572548294,2.797630744263167
072 10 0 073.00,URBAN SERVICES DISTRICT,SINGLE FAMILY,2013,219000.0,210485.54779099723,8514.452209002775,0.11836158767462161
072 05 0 117.00,URBAN SERVICES DISTRICT,SINGLE FAMILY,2016,165006.39564679362,283963.0845971338,-118956.68895034018,-1.5951434836008618
142 14 0 173.00,GENERAL SERVICES DISTRICT,SINGLE FAMILY,2014,171222.450324412,167089.49809676895,4132.952227643051,0.059464159052182025
081 08 0 398.00,URBAN SERVICES DISTRICT,SINGLE FAMILY,2014,93483.52172884563,315420.3683060864,-221936.84657724077,-2.979433454880447
073 16 0 003.01,URBAN SERVICES DISTRICT,SINGLE FAMILY,2013,85000.0,176735.38174308825,-91735.38174308825,-1.229226559015808
071 11 0 168.00,URBAN SERVICES DISTRICT,SINGLE FAMILY,2016,116475.10280950139,140542.55447066436,-24067.451661162966,-0.31961407493869853
081 11 0 530.00,URBAN SERVICES DISTRICT,QUADPLEX,2016,218390.8177678151,237664.96792737758,-19274.150159562472,-0.25518108754684726
148 13 0 091.00,URBAN SERVICES DISTRICT,SINGLE FAMILY,2016,67943.80997220914,149251.92040449262,-81308.11043228347,-1.0890600702864508
083 07 0 096.00,URBAN SERVICES DISTRICT,SINGLE FAMILY,2015,117944.45124189404,155184.78088883086,-37240.32964693682,-0.4966878269003383
160 04 0 014.00,URBAN SERVICES DISTRICT,SINGLE FAMILY,2016,320306.5327261288,279044.20384907606,41262.32887705276,0.5585683061040416
095 11 0 056.00,URBAN SERVICES DISTRICT,SINGLE FAMILY,2013,165000.0,131274.23087575214,33725.76912424786,0.4572596236920824
060 16 0 199.00,URBAN SERVICES DISTRICT,SINGLE FAMILY,2013,103900.0,93259.55971771355,10640.44028228645,0.14693975299040116
083 10 0 373.00,URBAN SERVICES DISTRICT,VACANT RESIDENTIAL LAND,2014,430614.6221951879,280677.0657720713,149937.5564231166,2.0194131046096278
083 01 0 210.00,URBAN SERVICES DISTRICT,SINGLE FAMILY,2014,255849.63841578807,181518.92301951858,74330.71539626949,1.003083413478387
104 05 0 395.00,URBAN SERVICES DISTRICT,DUPLEX,2015,506178.2699131286,573972.7254182505,-67794.45550512196,-0.9074054931126826
073 09 0 062.00,URBAN SERVICES DISTRICT,SINGLE FAMILY,2016,291187.7570237535,248309.31279522702,42878.44422852647,0.5802926103295348
162 05 0 063.00,URBAN SERVICES DISTRICT,DUPLEX,2013,132000.0,127392.49999574495,4607.500004255053,0.06584317170078395
075 07 0 200.00,GENERAL SERVICES DISTRICT,ZERO LOT LINE,2015,98287.04270157836,105399.92717294021,-7112.8844713618455,-0.09170572959259737
082 12 0 080.00,URBAN SERVICES DISTRICT,SINGLE FAMILY,2016,276628.3691725658,184362.90716055478,92265.46201201103,1.2441676228030598
090 08 0 229.00,URBAN SERVICES DISTRICT,VACANT RESIDENTIAL LAND,2016,298952.7638777202,129509.66302128021,169443.10085644003,2.281612446362671
133 03 0 075.00,URBAN SERVICES DISTRICT,SINGLE FAMILY,2016,208684.55920035666,154045.8965561548,54638.66264420186,0.7383769713173877
061 11 0 205.00,URBAN SERVICES DISTRICT,SINGLE FAMILY,2014,186868.63975060827,200174.68612991707,-13306.046379308798,-0.17495605778438705
130 15 0 025.00,CITY OF FOREST HILLS,SINGLE FAMILY,2015,633951.4254251805,506399.09751844505,127552.32790673542,1.7185041911440142
025 03 0 030.00,CITY OF GOODLETTSVILLE,SINGLE FAMILY,2016,165006.39564679362,154632.59100098885,10373.804645804776,0.14335555729607533
041 06 0 019.00,GENERAL SERVICES DISTRICT,SINGLE FAMILY,2016,171800.77664401455,139011.62480357522,32789.15184043933,0.4446693350114153
083 13 0 258.00,URBAN SERVICES DISTRICT,SINGLE FAMILY,2014,226230.12258380643,201251.00570503293,24979.116878773493,0.33968451733472527
146 08 0 101.00,URBAN SERVICES DISTRICT,SINGLE FAMILY,2013,295000.0,264845.9908189962,30154.009181003785,0.40924696199890054
105 11 0 100.00,URBAN SERVICES DISTRICT,SINGLE FAMILY,2015,304689.83237489295,260053.93292733052,44635.899447562435,0.6039168471800808
059 12 0 076.00,URBAN SERVICES DISTRICT,DUPLEX,2014,63864.00589686402,104372.62972367348,-40508.62382680946,-0.5406212113566008
043 15 0 233.00,GENERAL SERVICES DISTRICT,SINGLE FAMILY,2014,103225.48873006218,106940.64658851385,-3715.1578584516683,-0.0460324757950845
094 01 0 119.00,URBAN SERVICES DISTRICT,SINGLE FAMILY,2014,98403.7070829954,109675.53520924035,-11271.828126244945,-0.1476114897433047
096 05 0 018.00,URBAN SERVICES DISTRICT,SINGLE FAMILY,2015,201488.43753823565,254505.64930072587,-53017.21176249022,-0.7087653784782532
059 15 0 023.00,URBAN SERVICES DISTRICT,SINGLE FAMILY,2015,147332.27700966597,220563.1221997936,-73230.84519012764,-0.9804830635334459
064 08 0 076.00,GENERAL SERVICES DISTRICT,ZERO LOT LINE,2016,101915.7149583137,93865.77901750752,8049.935940806186,0.11211742155195505
051 12 0 096.00,GENERAL SERVICES DISTRICT,SINGLE FAMILY,2015,190873.4369264652,175496.0551987611,15377.38172770408,0.21061513170935295
071 15 0 352.00,URBAN SERVICES DISTRICT,SINGLE FAMILY,2014,172206.48739524197,140274.67580462855,31931.81159061342,0.4331447118494643
018 07 0 039.00,CITY OF GOODLETTSVILLE,SINGLE FAMILY,2015,122858.80337697295,157940.55272056835,-35081.749343595395,-0.4676715471142543
075 09 0 163.00,GENERAL SERVICES DISTRICT,SINGLE FAMILY,2015,138584.7302092255,131823.40148877975,6761.328720445745,0.09479557923621311
096 06 0 074.00,URBAN SERVICES DISTRICT,SINGLE FAMILY,2015,117944.45124189404,121877.90531046888,-3933.454068574836,-0.04896687851309806
082 16 0 255.00,URBAN SERVICES DISTRICT,SINGLE FAMILY,2016,315453.4034423996,293353.95336828445,22099.450074115128,0.3009751778835493
072 08 0 134.00,URBAN SERVICES DISTRICT,SINGLE FAMILY,2013,118650.0,119839.73583937854,-1189.7358393785398,-0.012085000331730133
164 13 0 113.00,URBAN SERVICES DISTRICT,SINGLE FAMILY,2016,201890.17820313573,202165.3580554779,-275.17985234217485,0.00020873382252244795
092 13 0 344.00,URBAN SERVICES DISTRICT,SINGLE FAMILY,2013,259900.0,218704.95030248511,41195.049697514885,0.5576639193206417
119 11 0 065.00,URBAN SERVICES DISTRICT,SINGLE FAMILY,2016,194125.171349169,159471.0844069451,34654.08694222389,0.4697383484794358
072 04 0 152.00,URBAN SERVICES DISTRICT,SINGLE FAMILY,2013,75000.0,334119.2092763782,-259119.2092763782,-3.479249856204839
072 11 0 056.00,URBAN SERVICES DISTRICT,SINGLE FAMILY,2015,322381.500061177,252953.87031800096,69427.62974317605,0.9371746748018298
082 16 0 426.00,URBAN SERVICES DISTRICT,SINGLE FAMILY,2014,363109.6791362531,336850.8819520254,26258.797184227675,0.35688636139969765
082 03 0 236.00,URBAN SERVICES DISTRICT,SINGLE FAMILY,2014,206647.78487429034,208276.57571671167,-1628.7908424213238,-0.017986908539661336
095 02 0 025.00,URBAN SERVICES DISTRICT,SINGLE FAMILY,2013,133700.0,129815.34108518992,3884.6589148100757,0.056126526339133155
083 15 0 083.00,URBAN SERVICES DISTRICT,SINGLE FAMILY,2014,183030.89517437146,278870.83759566926,-95839.9424212978,-1.2844012869856336
106 13 0 193.00,URBAN SERVICES DISTRICT,SINGLE FAMILY,2014,63962.40960394702,103012.25612527932,-39049.84652133231,-0.5210118920388104
083 15 0 030.00,URBAN SERVICES DISTRICT,SINGLE FAMILY,2016,296040.88630748267,205736.35585556272,90304.53045191994,1.217808196331463
103 06 0 229.00,URBAN SERVICES DISTRICT,SINGLE FAMILY,2014,296195.15831981617,287321.9524503608,8873.205869455356,0.12318406130224618
073 09 0 165.00,URBAN SERVICES DISTRICT,SINGLE FAMILY,2014,216488.15558258988,203639.53276117198,12848.6228214179,0.17662280081354667
034 03 0 065.00,GENERAL SERVICES DISTRICT,SINGLE FAMILY,2013,140000.0,180610.04561187178,-40610.045611871785,-0.5419845532194061
104 14 0 071.00,URBAN SERVICES DISTRICT,SINGLE FAMILY,2014,273562.30569072725,262600.3517566924,10961.953934034857,0.15126163532192066
133 08 0 194.00,URBAN SERVICES DISTRICT,ZERO LOT LINE,2015,61920.83690199437,77685.98494438823,-15765.148042393856,-0.20801203525626819
050 11 0 002.00,URBAN SERVICES DISTRICT,SINGLE FAMILY,2015,122858.80337697295,120652.49742446661,2206.3059525063436,0.033565605599412546
142 14 0 014.00,GENERAL SERVICES DISTRICT,SINGLE FAMILY,2016,187330.79035194806,201318.70705092486,-13987.916698976798,-0.18412196184766702
115 13 0 023.00,URBAN SERVICES DISTRICT,SINGLE FAMILY,2014,182046.8581035415,346561.58454725234,-164514.72644371082,-2.2075482018159973
082 04 0 158.00,URBAN SERVICES DISTRICT,SINGLE FAMILY,2014,63962.40960394702,97098.66525962175,-33136.25565567473,-0.4415196411215137
150 07 0 439.00,URBAN SERVICES DISTRICT,SINGLE FAMILY,2016,182380.59848254424,171161.78417700183,11218.814305542415,0.15471442899102045
142 11 0 100.00,GENERAL SERVICES DISTRICT,SINGLE FAMILY,2015,250631.95888902483,252868.59409291507,-2236.6352038902405,-0.026157733609951037
117 07 0 104.00,URBAN SERVICES DISTRICT,SINGLE FAMILY,2016,655172.4533034452,628625.9516714794,26546.50163196586,0.3607537703343337
058 15 0 005.00,URBAN SERVICES DISTRICT,SINGLE FAMILY,2016,174712.65421425208,284780.2351436795,-110067.58092942741,-1.475653444252193
053 03 0 422.00,GENERAL SERVICES DISTRICT,SINGLE FAMILY,2016,305747.14487494115,328042.93432867166,-22295.78945373051,-0.2957988635158413
102 07 0 076.00,URBAN SERVICES DISTRICT,SINGLE FAMILY,2014,103323.89243714517,167166.6005861335,-63842.70814898834,-0.8542849273630587
103 12 0 264.00,URBAN SERVICES DISTRICT,SINGLE FAMILY,2014,697682.2832184375,597714.5983838444,99967.68483459309,1.3477031975735914
103 14 0 102.00,URBAN SERVICES DISTRICT,SINGLE FAMILY,2015,346660.3653493209,387485.880978811,-40825.51562949008,-0.5448809654154438
083 08 0 201.00,URBAN SERVICES DISTRICT,SINGLE FAMILY,2016,249450.84518368213,208389.19966747967,41061.645516202465,0.5558706605553307
116 04 0 167.00,URBAN SERVICES DISTRICT,SINGLE FAMILY,2015,581859.2927933439,480918.3709167969,100940.92187654699,1.3607857399574907
129 04 0 081.00,URBAN SERVICES DISTRICT,SINGLE FAMILY,2015,287981.0351156246,283635.2346563893,4345.8004592353245,0.06232532841905442
090 16 0 160.00,URBAN SERVICES DISTRICT,SINGLE FAMILY,2016,140740.7492281475,197460.21998655668,-56719.47075840918,-0.7585322473317486
131 15 0 045.00,CITY OF OAK HILL,SINGLE FAMILY,2016,788633.5086059989,671872.5679611778,116760.94064482115,1.573443147277832
026 05 0 070.00,CITY OF GOODLETTSVILLE,DUPLEX,2015,191659.7332680778,217316.26850567202,-25656.535237594217,-0.3409750099874545
118 10 0 129.00,URBAN SERVICES DISTRICT,SINGLE FAMILY,2014,305051.49195728573,325332.1007112174,-20280.60875393165,-0.26871020393974604
149 02 0 127.00,URBAN SERVICES DISTRICT,SINGLE FAMILY,2016,189272.04206543975,173197.44306628284,16074.598999156908,0.21998733407256768
103 06 0 080.00,URBAN SERVICES DISTRICT,SINGLE FAMILY,2013,143500.0,168914.15775544985,-25414.15775544985,-0.3377168996336906
102 03 0 108.00,URBAN SERVICES DISTRICT,SINGLE FAMILY,2013,168900.0,192729.6792858943,-23829.679285894294,-0.31641786780407505
083 01 0 367.00,URBAN SERVICES DISTRICT,SINGLE FAMILY,2015,409856.96806558175,357648.9879750756,52207.98009050614,0.7057030119840191
119 10 0 045.00,URBAN SERVICES DISTRICT,SINGLE FAMILY,2015,200014.13189771198,194550.1287065439,5464.003191168071,0.07735654281357955
082 09 0 026.00,URBAN SERVICES DISTRICT,SINGLE FAMILY,2014,431992.2740943498,288714.96993282146,143277.30416152836,1.929884008671437
150 01 0 246.00,URBAN SERVICES DISTRICT,SINGLE FAMILY,2013,95000.0,118743.49090194017,-23743.490901940168,-0.3152592978591663
095 02 0 128.00,URBAN SERVICES DISTRICT,SINGLE FAMILY,2015,190185.42762755413,176105.62167381484,14079.805953739298,0.19317273142305175
075 11 0 229.00,GENERAL SERVICES DISTRICT,ZERO LOT LINE,2014,81576.6731718032,83823.67194965493,-2246.998777851739,-0.026297043859926504
103 04 0 382.00,URBAN SERVICES DISTRICT,SINGLE FAMILY,2014,344412.97479048395,350804.1761532807,-6391.201362796768,-0.08200465015506166
108 16 0 026.00,GENERAL SERVICES DISTRICT,ZERO LOT LINE,2016,110166.0347406534,128536.73643740542,-18370.701696752018,-0.24303666404375313
083 01 0 138.00,URBAN SERVICES DISTRICT,SINGLE FAMILY,2016,218390.8177678151,200342.65627196376,18048.161495851353,0.24651654935854206
058 15 0 128.00,URBAN SERVICES DISTRICT,SINGLE FAMILY,2015,172002.32472776214,178357.9069755881,-6355.582247825951,-0.08152584739561552
052 08 0 175.00,GENERAL SERVICES DISTRICT,ZERO LOT LINE,2016,65711.3705016937,84680.76311584964,-18969.392614155935,-0.2510844457908062
091 16 0 142.00,URBAN SERVICES DISTRICT,SINGLE FAMILY,2016,470753.5405217348,416921.177440112,53832.36308162281,0.7275384522857006
097 04 0 004.00,GENERAL SERVICES DISTRICT,DUPLEX,2016,161609.2051481832,210524.35536421216,-48915.15021602897,-0.6536242445822354
093 16 0 370.00,URBAN SERVICES DISTRICT,SINGLE FAMILY,2014,109129.7111550419,104460.70184408886,4669.009310953043,0.06666999813380298
150 03 0 042.00,URBAN SERVICES DISTRICT,SINGLE FAMILY,2015,196574.08540315673,171991.25725473493,24582.828148421802,0.33435748611047256
096 10 0 091.00,URBAN SERVICES DISTRICT,SINGLE FAMILY,2015,110081.48782576776,136482.7376946823,-26401.24986891453,-0.3509856860182376
120 02 0 128.00,URBAN SERVICES DISTRICT,SINGLE FAMILY,2016,106768.84424204293,137600.8607109745,-30832.016468931557,-0.4105453712122126
081 07 0 259.00,URBAN SERVICES DISTRICT,SINGLE FAMILY,2014,15744.593133279264,73460.75747169039,-57716.16433841112,-0.7719300994911341
091 06 0 263.00,URBAN SERVICES DISTRICT,SINGLE FAMILY,2015,136127.55414168604,302662.00052967994,-166534.4463879939,-2.234697879269337
052 05 0 190.00,GENERAL SERVICES DISTRICT,SINGLE FAMILY,2015,29486.11281047351,106372.27968081896,-76886.16687034545,-1.0296189869999737
149 06 0 081.00,URBAN SERVICES DISTRICT,SINGLE FAMILY,2014,132845.0045620438,144908.0819079433,-12063.07734589951,-0.1582476975797597
026 02 0 005.00,CITY OF GOODLETTSVILLE,SINGLE FAMILY,2014,175060.1949006488,205714.25143889498,-30654.056538246165,-0.4081531807843252
142 10 0 141.00,GENERAL SERVICES DISTRICT,DUPLEX,2013,192000.0,159278.41411068264,32721.585889317357,0.44376109335891195
160 06 0 019.00,CITY OF OAK HILL,SINGLE FAMILY,2014,403455.1990402812,450345.1805428043,-46889.98150252312,-0.6264013231490388
142 14 0 010.00,GENERAL SERVICES DISTRICT,DUPLEX,2015,211317.14180839347,207154.34547435396,4162.796334039507,0.05986533242517387
061 07 0 028.00,URBAN SERVICES DISTRICT,SINGLE FAMILY,2013,65000.0,138110.09813021403,-73110.09813021403,-0.9788599455663372
105 07 0 242.00,URBAN SERVICES DISTRICT,SINGLE FAMILY,2014,226328.52629088942,244203.9187749571,-17875.392484067677,-0.23637856998367748
163 05 0 002.00,URBAN SERVICES DISTRICT,SINGLE FAMILY,2014,165318.22789943227,177052.78806148714,-11734.56016205487,-0.15383167168245274
083 13 0 329.00,URBAN SERVICES DISTRICT,SINGLE FAMILY,2015,415754.1906276765,400525.30234914157,15228.888278534927,0.20861903850826935
043 02 0 126.00,GENERAL SERVICES DISTRICT,SINGLE FAMILY,2016,150447.00779560595,139499.3589749401,10947.64882066584,0.15106934172448325
092 04 0 142.00,URBAN SERVICES DISTRICT,SINGLE FAMILY,2016,97062.5856745845,118841.64027105259,-21779.054596468093,-0.2888527595555955
131 04 0 084.00,URBAN SERVICES DISTRICT,SINGLE FAMILY,2014,674065.3935185185,617076.0055971779,56989.38792134065,0.7699761211086151
044 05 0 106.00,GENERAL SERVICES DISTRICT,SINGLE FAMILY,2016,150447.00779560595,131738.78133431278,18708.226461293176,0.25538933935139246
118 05 0 182.00,URBAN SERVICES DISTRICT,SINGLE FAMILY,2015,643780.1296953383,513699.7525268679,130080.37716847041,1.7524869827862593
117 16 0 012.00,URBAN SERVICES DISTRICT,VACANT RESIDENTIAL LAND,2013,869900.0,457457.98357831803,412442.01642168197,5.54807629338352
075 07 0 052.00,GENERAL SERVICES DISTRICT,SINGLE FAMILY,2015,137601.8597822097,140525.66159182182,-2923.8018096121086,-0.035394831928885165
090 08 0 152.00,URBAN SERVICES DISTRICT,SINGLE FAMILY,2015,165122.23173865167,150369.71712987378,14752.514608777885,0.20221548165981812
132 05 0 093.00,URBAN SERVICES DISTRICT,SINGLE FAMILY,2016,419310.370114205,368034.9302674117,51275.439846793306,0.6931675280914494
161 04 0 187.00,URBAN SERVICES DISTRICT,DUPLEX,2014,134813.0787037037,133960.81129387132,852.2674098323914,0.015364215947820592
072 03 0 014.00,URBAN SERVICES DISTRICT,SINGLE FAMILY,2014,182046.8581035415,213428.9491889045,-31382.091085362976,-0.4179396381518717
127 13 0 010.00,GENERAL SERVICES DISTRICT,SINGLE FAMILY,2016,242656.46418646123,190941.24787201404,51715.2163144472,0.6990791344417102
091 06 0 202.00,URBAN SERVICES DISTRICT,SINGLE FAMILY,2015,78629.63416126269,155126.53692137034,-76496.90276010765,-1.024386382812927
117 04 0 266.00,URBAN SERVICES DISTRICT,SINGLE FAMILY,2014,764498.4003277913,645712.7351847601,118785.66514303128,1.6006600974366287
103 16 0 111.00,URBAN SERVICES DISTRICT,SINGLE FAMILY,2013,436000.0,532828.5543140237,-96828.5543140237,-1.2976905026959686
072 09 0 344.00,URBAN SERVICES DISTRICT,SINGLE FAMILY,2013,158000.0,150738.73653618013,7261.263463819865,0.10151585105842528
136 06 0 135.00,URBAN SERVICES DISTRICT,SINGLE FAMILY,2014,184014.9322452014,180160.10105442238,3854.8311907790194,0.05572557318277966
142 10 0 102.00,GENERAL SERVICES DISTRICT,SINGLE FAMILY,2015,218885.24409641503,203149.16970424863,15736.074392166396,0.21543678541069697
071 12 0 163.00,URBAN SERVICES DISTRICT,SINGLE FAMILY,2014,231248.7116450392,174142.71379840534,57105.997846633865,0.7715436264791147
071 15 0 343.00,URBAN SERVICES DISTRICT,SINGLE FAMILY,2015,353833.35372568213,321062.23172344617,32771.12200223596,0.4444269725526285
092 13 0 052.00,URBAN SERVICES DISTRICT,SINGLE FAMILY,2016,210140.4979854754,255347.53095543463,-45207.032969959226,-0.6037786273842061
044 11 0 083.00,GENERAL SERVICES DISTRICT,SINGLE FAMILY,2015,103201.39483665729,101185.79134185826,2015.6034947990265,0.031002126325482503
073 03 0 028.00,URBAN SERVICES DISTRICT,SINGLE FAMILY,2013,154900.0,213746.70746183945,-58846.707461839454,-0.7871271971061035
083 11 0 120.00,URBAN SERVICES DISTRICT,SINGLE FAMILY,2014,280352.1614794539,272320.63169048243,8031.529788971471,0.11187000057317817
053 03 0 266.00,GENERAL SERVICES DISTRICT,SINGLE FAMILY,2016,209558.12247142792,201222.91804245306,8335.20442897486,0.11595208559203832
119 06 0 164.00,URBAN SERVICES DISTRICT,SINGLE FAMILY,2015,197556.95583017252,121511.73563985105,76045.22019032147,1.0261302979152482
131 11 0 034.00,URBAN SERVICES DISTRICT,SINGLE FAMILY,2014,698666.3202892673,354131.0200003309,344535.3002889365,4.635253976042905
103 08 0 100.00,URBAN SERVICES DISTRICT,SINGLE FAMILY,2014,378854.2722695323,369050.4273275974,9803.84494193492,0.13569398908446847
072 13 0 082.00,URBAN SERVICES DISTRICT,SINGLE FAMILY,2014,309873.27360435255,232176.1341269445,77697.13947740805,1.0483358893143426
161 02 0 005.00,URBAN SERVICES DISTRICT,SINGLE FAMILY,2013,209000.0,201714.64216584686,7285.357834153139,0.10183973476559038
145 12 0 032.00,CITY OF OAK HILL,SINGLE FAMILY,2016,761941.2975454882,556253.8766681851,205687.4208773031,2.768819398429158
162 05 0 016.00,URBAN SERVICES DISTRICT,SINGLE FAMILY,2013,116900.0,121284.77568500943,-4384.77568500943,-0.05503367819421352
133 07 0 280.00,URBAN SERVICES DISTRICT,SINGLE FAMILY,2015,122858.80337697295,149303.27244762945,-26444.4690706565,-0.3515666514092101
060 16 0 155.00,URBAN SERVICES DISTRICT,SINGLE FAMILY,2015,58972.22562094702,142684.23535037998,-83712.00972943296,-1.1213740011027775
131 12 0 102.03,URBAN SERVICES DISTRICT,SINGLE FAMILY,2016,368837.82556342107,352352.2749976233,16485.550565797777,0.22551146751236725
044 15 0 313.00,GENERAL SERVICES DISTRICT,SINGLE FAMILY,2015,68800.92989110485,101155.86510784291,-32354.935216738057,-0.4310168989146668
150 08 0 112.00,URBAN SERVICES DISTRICT,SINGLE FAMILY,2014,157445.93133279265,162204.9050077772,-4758.9736749845615,-0.06006375910234608
073 09 0 191.00,URBAN SERVICES DISTRICT,SINGLE FAMILY,2015,219180.10522451976,196454.0665398005,22726.03868471927,0.30939796873729675
098 02 0 036.00,GENERAL SERVICES DISTRICT,SINGLE FAMILY,2014,181062.82103271154,169431.34559060025,11631.475442111288,0.16026154297931663
150 04 0 061.00,URBAN SERVICES DISTRICT,ZERO LOT LINE,2016,109680.72181228048,111037.67445297318,-1356.9526406927034,-0.014332778412700765
084 11 0 085.00,URBAN SERVICES DISTRICT,SINGLE FAMILY,2015,204437.048819283,248872.4076298639,-44435.35881058092,-0.5934055533421835
164 09 0 013.00,URBAN SERVICES DISTRICT,SINGLE FAMILY,2016,182477.66106821885,174320.0041053301,8157.656962888752,0.11356543963622655
083 13 0 357.00,URBAN SERVICES DISTRICT,SINGLE FAMILY,2015,511092.6220482075,458439.33152637276,52653.290521834744,0.7116890075233514
132 13 0 069.00,CITY OF OAK HILL,SINGLE FAMILY,2014,467417.6086442282,405704.06832627987,61713.540317948326,0.833479585621784
070 02 0 028.00,URBAN SERVICES DISTRICT,SINGLE FAMILY,2013,26000.0,117651.02381224486,-91651.02381224486,-1.2280925945671666
160 03 0 107.00,URBAN SERVICES DISTRICT,SINGLE FAMILY,2013,225000.0,232373.49904271483,-7373.49904271483,-0.09520898833493031
127 00 0 205.00,GENERAL SERVICES DISTRICT,SINGLE FAMILY,2015,211317.14180839347,291318.7454469067,-80001.60363851325,-1.0714976165701018
103 12 0 221.00,URBAN SERVICES DISTRICT,SINGLE FAMILY,2014,467417.6086442282,423197.6680576732,44219.94058655499,0.5983254041970195
084 05 0 030.00,URBAN SERVICES DISTRICT,SINGLE FAMILY,2013,275000.0,250886.43719212696,24113.562807873037,0.3280494815418229
060 16 0 102.00,URBAN SERVICES DISTRICT,SINGLE FAMILY,2015,135636.11892817816,128383.78544137123,7252.333486806921,0.10139581164590504
071 08 0 031.00,URBAN SERVICES DISTRICT,SINGLE FAMILY,2015,98287.04270157836,94720.47065711235,3566.572044466011,0.051850707824577145
162 03 0 132.00,URBAN SERVICES DISTRICT,SINGLE FAMILY,2015,122858.80337697295,132098.36374800687,-9239.56037103392,-0.12029314087569123
052 01 0 325.00,GENERAL SERVICES DISTRICT,SINGLE FAMILY,2016,145593.87851187674,163379.05850295097,-17785.179991074227,-0.23516590676570684
129 04 0 068.00,URBAN SERVICES DISTRICT,SINGLE FAMILY,2015,393147.18793588644,340437.6542365605,52709.533699325926,0.7124450450780425
072 03 0 111.00,URBAN SERVICES DISTRICT,SINGLE FAMILY,2013,185000.0,307551.409761387,-122551.40976138698,-1.643464792122361
146 07 0 014.00,CITY OF OAK HILL,SINGLE FAMILY,2015,368478.1230882173,366748.3140896662,1729.8089985511033,0.02716039152802521
103 12 0 066.00,URBAN SERVICES DISTRICT,SINGLE FAMILY,2014,713426.8763517167,609954.6887881671,103472.18756354961,1.3948117677468146
150 10 0 191.00,URBAN SERVICES DISTRICT,SINGLE FAMILY,2015,136618.98935519392,132146.99647745513,4471.992877738783,0.06402164451927587
075 04 0 210.00,GENERAL SERVICES DISTRICT,SINGLE FAMILY,2014,162267.7129798594,146603.54418578895,15664.168794070458,0.21447020893017055
162 05 0 176.00,URBAN SERVICES DISTRICT,SINGLE FAMILY,2014,117592.42996417951,138272.87170761303,-20680.44174343352,-0.27408487815183513
082 03 0 421.00,URBAN SERVICES DISTRICT,SINGLE FAMILY,2016,351851.8730703688,361381.30476073263,-9529.431690363854,-0.12418967754408326
071 15 0 205.00,URBAN SERVICES DISTRICT,SINGLE FAMILY,2016,179565.78349798132,158594.0366406446,20971.746857336722,0.285816255140181
084 05 0 024.00,URBAN SERVICES DISTRICT,SINGLE FAMILY,2015,172002.32472776214,205568.83433366896,-33566.50960590682,-0.44730324295447615
083 04 0 068.00,URBAN SERVICES DISTRICT,SINGLE FAMILY,2016,252362.72275391966,259727.06523711383,-7364.342483194167,-0.09508590313281011
146 16 0 048.00,URBAN SERVICES DISTRICT,SINGLE FAMILY,2014,224852.4706846445,269666.5564066889,-44814.08572204437,-0.5984965133627729
053 13 0 114.00,GENERAL SERVICES DISTRICT,SINGLE FAMILY,2014,147507.15691741012,174916.8173837975,-27409.660466387373,-0.36454104181863567
119 03 0 118.00,URBAN SERVICES DISTRICT,SINGLE FAMILY,2015,216231.4939434724,184493.6616468451,31737.832296627283,0.43053718436563804
103 06 0 190.00,URBAN SERVICES DISTRICT,SINGLE FAMILY,2013,296800.0,291039.19535526313,5760.804644736869,0.08134623641188461
127 16 0 013.00,GENERAL SERVICES DISTRICT,SINGLE FAMILY,2015,310095.61972347973,256751.20277878325,53344.41694469648,0.7209793348844733
095 01 0 020.00,URBAN SERVICES DISTRICT,SINGLE FAMILY,2013,155000.0,144072.9048878961,10927.09511210391,0.1507930526481161
075 11 0 196.00,GENERAL SERVICES DISTRICT,ZERO LOT LINE,2016,67943.80997220914,103559.59101589062,-35615.781043681476,-0.47485016039092925
061 15 0 112.00,URBAN SERVICES DISTRICT,SINGLE FAMILY,2015,154310.65704147803,279095.31182345696,-124784.65478197893,-1.6734847372909822
105 16 0 013.00,URBAN SERVICES DISTRICT,SINGLE FAMILY,2013,108000.0,114292.45735178202,-6292.4573517820245,-0.08067730372909421
091 06 0 300.00,URBAN SERVICES DISTRICT,SINGLE FAMILY,2015,322381.500061177,322839.2488121347,-457.7487509577186,-0.0022454117259500723
161 05 0 033.00,URBAN SERVICES DISTRICT,SINGLE FAMILY,2014,302591.3992802109,303835.8764180217,-1244.4771378107835,-0.012820849180487218
081 08 0 303.00,URBAN SERVICES DISTRICT,SINGLE FAMILY,2016,233920.83147574862,214989.2638180246,18931.567657724023,0.2583915582789739
119 14 0 331.00,URBAN SERVICES DISTRICT,DUPLEX,2014,167286.3020410922,192551.0312930109,-25264.729251918703,-0.33570823715318715
072 05 0 157.00,URBAN SERVICES DISTRICT,DUPLEX,2016,266922.11060510733,197098.09692917604,69824.01367593129,0.9425029857651653
065 13 0 093.00,GENERAL SERVICES DISTRICT,SINGLE FAMILY,2014,127924.81920789403,150767.49611373906,-22842.67690584503,-0.3031502876428424
118 01 0 177.00,URBAN SERVICES DISTRICT,SINGLE FAMILY,2015,351081.3165300379,285406.7406855822,65674.57584445569,0.8867250057258406
104 01 0 456.00,URBAN SERVICES DISTRICT,SINGLE FAMILY,2016,726513.4537742649,646531.2187792927,79982.23499497224,1.0790528243169137
129 03 0 033.00,URBAN SERVICES DISTRICT,SINGLE FAMILY,2016,713410.004708196,575165.2581010362,138244.74660715985,1.8622348701098173
082 03 0 058.00,URBAN SERVICES DISTRICT,SINGLE FAMILY,2013,237500.0,214533.45694666263,22966.543053337373,0.3126309001407732
034 09 0 070.00,CITY OF GOODLETTSVILLE,SINGLE FAMILY,2013,130500.0,150975.19383393734,-20475.193833937345,-0.2713258745797971
083 02 0 289.00,URBAN SERVICES DISTRICT,SINGLE FAMILY,2015,368576.41013091884,390161.2749149315,-21584.864784012665,-0.28624240221976155
051 03 0 016.00,GENERAL SERVICES DISTRICT,SINGLE FAMILY,2015,153819.22182797015,170460.24666434212,-16641.024836371973,-0.21978583216939024
160 03 0 014.00,URBAN SERVICES DISTRICT,SINGLE FAMILY,2014,292751.02857191133,297188.9025185032,-4437.8739465918625,-0.055747440851940715
065 09 0 015.00,GENERAL SERVICES DISTRICT,SINGLE FAMILY,2015,128756.02593906765,114762.50457398225,13993.521365085398,0.19201286826589556
094 01 0 047.00,URBAN SERVICES DISTRICT,SINGLE FAMILY,2014,324732.23337388487,229595.47156756505,95136.76180631982,1.2827644904073925
131 08 0 088.00,URBAN SERVICES DISTRICT,SINGLE FAMILY,2013,330000.0,306679.8172353319,23320.182764668076,0.31738463054012755
050 14 0 262.00,URBAN SERVICES DISTRICT,SINGLE FAMILY,2014,137666.78620911058,121474.18941777389,16192.596791336691,0.22157349556339978
072 10 0 166.00,URBAN SERVICES DISTRICT,SINGLE FAMILY,2013,122000.0,151014.07357905433,-29014.073579054326,-0.38610804106232455
133 12 0 054.00,URBAN SERVICES DISTRICT,SINGLE FAMILY,2016,135887.6199444183,145809.3114134446,-9921.691469026322,-0.12946255039893081
053 08 0 090.00,GENERAL SERVICES DISTRICT,SINGLE FAMILY,2013,75500.0,88236.19623227473,-12736.196232274728,-0.16729596226841945
145 02 0 088.00,CITY OF FOREST HILLS,VACANT RESIDENTIAL LAND,2014,453395.0803849013,532397.0298732766,-79001.94948837528,-1.058059967544572
103 09 0 009.00,URBAN SERVICES DISTRICT,SINGLE FAMILY,2014,555980.9450189241,505240.6207199251,50740.32429899898,0.6859743454108476
118 01 0 275.00,URBAN SERVICES DISTRICT,SINGLE FAMILY,2014,334572.6040821844,385571.73562485224,-50999.13154266786,-0.681637742689822
105 11 0 047.00,URBAN SERVICES DISTRICT,SINGLE FAMILY,2013,65477.0,94326.17954396167,-28849.17954396167,-0.38389148629718634
072 14 0 184.00,URBAN SERVICES DISTRICT,SINGLE FAMILY,2014,196777.8930538659,143873.41208368514,52904.48097018077,0.7150655843954361
084 14 0 187.00,URBAN SERVICES DISTRICT,SINGLE FAMILY,2015,169540.2343080876,157462.31452333153,12077.919784756057,0.16626278089251462
133 07 0 113.00,URBAN SERVICES DISTRICT,SINGLE FAMILY,2016,220332.0694813068,148560.9760090786,71771.09347222821,0.9686762126994273
061 12 0 129.00,URBAN SERVICES DISTRICT,SINGLE FAMILY,2015,226060.19821363024,242196.8063395935,-16136.608125963248,-0.21300531241048246
120 09 0 017.00,URBAN SERVICES DISTRICT,SINGLE FAMILY,2016,126181.36137695983,212594.2149029676,-86412.85352600776,-1.1576795483824462
093 04 0 107.00,URBAN SERVICES DISTRICT,DUPLEX,2013,85000.0,185438.51186236273,-100438.51186236273,-1.346216627981345
041 11 0 013.00,GENERAL SERVICES DISTRICT,SINGLE FAMILY,2015,169053.7134467148,146174.06784900528,22879.645597709517,0.31146279864309273
072 09 0 145.00,URBAN SERVICES DISTRICT,DUPLEX,2016,174712.65421425208,232952.43264179156,-58239.77842753948,-0.7789686761364251
148 07 0 091.00,URBAN SERVICES DISTRICT,SINGLE FAMILY,2016,131034.49066068906,129482.40057896615,1552.0900817229121,0.024771440880238752
083 14 0 008.00,URBAN SERVICES DISTRICT,SINGLE FAMILY,2014,428056.12581103004,406558.7348991368,21497.39091189322,0.2928821191857729
058 15 0 081.00,URBAN SERVICES DISTRICT,SINGLE FAMILY,2014,68882.59495809679,124402.17091910461,-55519.575961007824,-0.7424029038454908
094 01 0 282.00,URBAN SERVICES DISTRICT,SINGLE FAMILY,2016,185389.53863845638,153980.70476547227,31408.833872984105,0.42611468949952924
104 16 0 064.00,URBAN SERVICES DISTRICT,DUPLEX,2016,737675.6511268421,525597.6115288798,212078.03959796228,2.854723999947938
104 11 0 004.00,URBAN SERVICES DISTRICT,SINGLE FAMILY,2014,720807.1543829413,665322.5111796838,55484.64320325747,0.7497488941303341
147 14 0 061.00,URBAN SERVICES DISTRICT,SINGLE FAMILY,2014,182538.87663895648,203895.61525240974,-21356.738613453257,-0.2831758622438185
171 00 0 152.00,URBAN SERVICES DISTRICT,SINGLE FAMILY,2016,291187.7570237535,252094.9014908945,39092.85553285899,0.5294055988162317
147 11 0 002.00,URBAN SERVICES DISTRICT,SINGLE FAMILY,2016,237803.334902732,247155.03683472594,-9351.701931993943,-0.12180058116106177
033 04 0 032.00,CITY OF GOODLETTSVILLE,SINGLE FAMILY,2016,183448.2869249647,195666.86715013103,-12218.58022516634,-0.16033801362932404
118 01 0 029.00,URBAN SERVICES DISTRICT,DUPLEX,2013,588100.0,408886.1831960977,179213.81680390227,2.4129533222166066
146 11 0 057.00,URBAN SERVICES DISTRICT,SINGLE FAMILY,2014,303083.41781562584,286848.97924494586,16234.43857067998,0.22213594523195881
158 11 0 007.00,CITY OF FOREST HILLS,SINGLE FAMILY,2016,475606.669805464,501786.2583417531,-26179.588536289113,-0.34800604832059945
081 16 0 593.00,URBAN SERVICES DISTRICT,SINGLE FAMILY,2016,315453.4034423996,240035.6061578057,75417.79728459386,1.017696292217796
081 15 0 144.00,URBAN SERVICES DISTRICT,SINGLE FAMILY,2015,53075.003058852315,116291.04466911731,-63216.041610265,-0.8458610889763071
160 04 0 146.00,URBAN SERVICES DISTRICT,SINGLE FAMILY,2016,363984.6962796918,346949.7146539968,17034.981625695014,0.23289708357328673
147 11 0 003.00,URBAN SERVICES DISTRICT,SINGLE FAMILY,2016,242171.1512580883,242846.03109459972,-674.8798365114199,-0.005164152492244281
083 05 0 441.00,URBAN SERVICES DISTRICT,DUPLEX,2013,140000.0,275130.2564341487,-135130.2564341487,-1.8125533981279423
146 04 0 184.00,URBAN SERVICES DISTRICT,ZERO LOT LINE,2016,155300.1370793352,155733.90159146237,-433.764512127178,-0.001923008439268572
081 01 0 003.00,URBAN SERVICES DISTRICT,SINGLE FAMILY,2013,126140.0,130498.90350903111,-4358.903509031108,-0.054685896693706125
130 08 0 045.00,URBAN SERVICES DISTRICT,SINGLE FAMILY,2015,761724.5809372324,661157.3472467698,100567.23369046254,1.3557625119852001
098 02 0 044.00,GENERAL SERVICES DISTRICT,SINGLE FAMILY,2013,173900.0,156481.9022938423,17418.097706157714,0.23804704411172276
061 15 0 023.00,URBAN SERVICES DISTRICT,SINGLE FAMILY,2013,379900.0,317575.5512028665,62324.44879713352,0.8416915994756531
081 15 0 092.00,URBAN SERVICES DISTRICT,SINGLE FAMILY,2013,25000.0,75265.26462259727,-50265.26462259727,-0.6717728848267361
034 04 0 012.00,GENERAL SERVICES DISTRICT,SINGLE FAMILY,2013,216000.0,260816.75212784956,-44816.752127849555,-0.5985323559843083
081 12 0 185.00,URBAN SERVICES DISTRICT,SINGLE FAMILY,2015,23588.890248378808,134074.3432773246,-110485.45302894579,-1.4812706055575446
149 05 0 104.00,URBAN SERVICES DISTRICT,SINGLE FAMILY,2015,68800.92989110485,103051.15099083538,-34250.22109973052,-0.4564938966295052
146 04 0 090.00,URBAN SERVICES DISTRICT,SINGLE FAMILY,2015,379277.9033402667,326937.41846933647,52340.48487093026,0.7074841807345299
083 11 0 048.00,URBAN SERVICES DISTRICT,SINGLE FAMILY,2015,358747.70586076105,303879.3273039022,54868.378556858865,0.7414648810804172
133 02 0 331.00,URBAN SERVICES DISTRICT,SINGLE FAMILY,2015,230974.55034870916,219766.05374734363,11208.496601365536,0.154575735336361
162 07 0 193.00,URBAN SERVICES DISTRICT,SINGLE FAMILY,2016,145593.87851187674,140019.2912633319,5574.587248544849,0.07884304667158193
133 16 0 098.00,URBAN SERVICES DISTRICT,SINGLE FAMILY,2014,110704.17046836983,116881.50311183788,-6177.332643468049,-0.0791297630878873
058 15 0 063.00,URBAN SERVICES DISTRICT,SINGLE FAMILY,2016,109680.72181228048,141833.06082038692,-32152.339008106443,-0.42829354029596967
061 08 0 198.00,URBAN SERVICES DISTRICT,SINGLE FAMILY,2015,336357.9175333415,382815.9435540057,-46458.0260206642,-0.6205948488208197
085 07 0 091.00,URBAN SERVICES DISTRICT,SINGLE FAMILY,2016,165977.02150353946,177847.8550964356,-11870.833592896146,-0.15566349975508878
060 12 0 104.00,URBAN SERVICES DISTRICT,SINGLE FAMILY,2015,79558.4467147926,101725.41578830188,-22166.969073509274,-0.2940672215709653
053 03 0 077.00,GENERAL SERVICES DISTRICT,SINGLE FAMILY,2016,289246.5053102618,258676.4037079875,30570.101602274284,0.41484020033882446
103 04 0 330.00,URBAN SERVICES DISTRICT,SINGLE FAMILY,2014,661272.9115977291,522936.3198159119,138336.5917818172,1.8634694803213225
082 07 0 220.00,URBAN SERVICES DISTRICT,VACANT RESIDENTIAL LAND,2014,329652.4187280346,223810.25228761748,105842.16644041712,1.4266697301639857
160 08 0 003.00,URBAN SERVICES DISTRICT,SINGLE FAMILY,2014,307019.5660989457,340249.85660963046,-33230.290510684776,-0.4427836856689376
158 07 0 005.00,CITY OF FOREST HILLS,SINGLE FAMILY,2015,452120.3964272605,485303.97238755855,-33183.57596029807,-0.4421557347597203
103 04 0 345.00,URBAN SERVICES DISTRICT,DUPLEX,2013,292500.0,436299.25612990913,-143799.25612990913,-1.9290846757682882
060 02 0 204.00,URBAN SERVICES DISTRICT,SINGLE FAMILY,2015,141533.34149027284,154350.64559649685,-12817.304106224008,-0.16838623848363538
132 11 0 069.00,CITY OF OAK HILL,SINGLE FAMILY,2014,511600.8731244931,435051.96123944997,76548.91188504314,1.0329010717972051
053 13 0 132.00,GENERAL SERVICES DISTRICT,SINGLE FAMILY,2015,162173.6204576043,148211.63540372194,13961.985053882352,0.19158894777154467
117 02 0 031.00,URBAN SERVICES DISTRICT,SINGLE FAMILY,2014,285370.75054068665,541300.2335804672,-255929.48303978052,-3.436372605458661
108 04 0 086.00,GENERAL SERVICES DISTRICT,SINGLE FAMILY,2015,162173.6204576043,146892.4901528011,15281.130304803199,0.2093212913957091
091 15 0 274.00,URBAN SERVICES DISTRICT,SINGLE FAMILY,2013,230000.0,542712.3146856884,-312712.31468568835,-4.199664352137384
147 06 0 063.00,URBAN SERVICES DISTRICT,SINGLE FAMILY,2014,260769.82376993782,232962.26766517237,27807.55610476545,0.37770524040547415
176 05 0 067.00,URBAN SERVICES DISTRICT,SINGLE FAMILY,2013,147362.0,152957.6527770781,-5595.652777078096,-0.07131064895857932
118 01 0 430.08,URBAN SERVICES DISTRICT,DUPLEX,2016,411909.34795651794,340640.95427349804,71268.39368301991,0.961918772307011
085 11 0 050.00,URBAN SERVICES DISTRICT,SINGLE FAMILY,2016,186360.16449520222,188671.11991137938,-2310.9554161771666,-0.027156768054090275
086 08 0 121.00,GENERAL SERVICES DISTRICT,SINGLE FAMILY,2015,196574.08540315673,210028.33182656902,-13454.246423412289,-0.17694820694713087
075 07 0 138.00,GENERAL SERVICES DISTRICT,SINGLE FAMILY,2015,157259.26832252537,178494.400694851,-21235.132372325636,-0.28154119490675866
082 16 0 175.00,URBAN SERVICES DISTRICT,SINGLE FAMILY,2014,457577.2379359286,348056.1391293135,109521.0988066151,1.4761230355084458
061 16 0 319.00,URBAN SERVICES DISTRICT,SINGLE FAMILY,2016,274201.8045307012,243717.63613459325,30484.16839610794,0.41368506056979293
084 04 0 037.00,URBAN SERVICES DISTRICT,SINGLE FAMILY,2015,240803.25461886698,250182.58732285653,-9379.332703989552,-0.12217200223336981
117 13 0 137.00,URBAN SERVICES DISTRICT,SINGLE FAMILY,2013,349500.0,482112.92526365566,-132612.92526365566,-1.7787146822626179
083 04 0 174.00,URBAN SERVICES DISTRICT,SINGLE FAMILY,2015,364055.20616664627,238957.53870064835,125097.66746599792,1.6855079139066018
084 01 0 153.00,URBAN SERVICES DISTRICT,SINGLE FAMILY,2013,179900.0,162702.07509228357,17197.924907716428,0.23508741573423406
084 08 0 055.00,URBAN SERVICES DISTRICT,SINGLE FAMILY,2014,162366.11668694243,180242.5057906594,-17876.389103716967,-0.2363919668420382
091 05 0 009.00,URBAN SERVICES DISTRICT,SINGLE FAMILY,2016,179565.78349798132,146839.00872083692,32726.774777144397,0.4438308439355919
026 01 0 069.00,CITY OF GOODLETTSVILLE,VACANT RESIDENTIAL LAND,2014,58845.41683563125,73551.2656053398,-14705.848769708544,-0.19377261871667856
060 07 0 067.00,URBAN SERVICES DISTRICT,SINGLE FAMILY,2015,147430.56405236755,139136.3353188509,8294.228733516647,0.11540127808119226
084 16 0 141.00,URBAN SERVICES DISTRICT,SINGLE FAMILY,2016,145593.87851187674,157585.5096431552,-11991.631131278467,-0.1572872962688186
105 02 0 524.00,URBAN SERVICES DISTRICT,SINGLE FAMILY,2016,582375.514047507,227935.92154031395,354439.592507193,4.768390423940256
117 07 0 186.00,URBAN SERVICES DISTRICT,ZERO LOT LINE,2015,378601.68848647986,345001.39056086185,33600.29792561801,0.4555730024443561
043 06 0 007.00,GENERAL SERVICES DISTRICT,SINGLE FAMILY,2015,221145.84607855132,204662.49666747515,16483.349411076168,0.2254818789345618
093 16 0 128.00,URBAN SERVICES DISTRICT,SINGLE FAMILY,2015,77351.90260614218,112863.26407394074,-35511.36146779856,-0.47344652133044457
086 07 0 047.00,GENERAL SERVICES DISTRICT,SINGLE FAMILY,2015,137601.8597822097,123018.19629077817,14583.663491431536,0.1999457346156473
073 07 0 076.00,URBAN SERVICES DISTRICT,SINGLE FAMILY,2014,214815.29256217898,199470.16682035485,15345.12574182413,0.2101815371335015
094 01 0 053.00,URBAN SERVICES DISTRICT,SINGLE FAMILY,2015,142516.21191728863,320331.038463109,-177814.82654582037,-2.3863321113830134
147 05 0 174.00,URBAN SERVICES DISTRICT,SINGLE FAMILY,2013,293000.0,277767.20707588294,15232.792924117064,0.20867152591793459
147 04 0 045.00,URBAN SERVICES DISTRICT,SINGLE FAMILY,2014,127924.81920789403,146756.10227551503,-18831.283067621,-0.24922793610377555
118 10 0 073.00,URBAN SERVICES DISTRICT,SINGLE FAMILY,2015,424501.73742811696,450443.1498398888,-25941.41241177183,-0.3448044138682418
147 08 0 192.00,URBAN SERVICES DISTRICT,SINGLE FAMILY,2016,70855.68754244667,131069.64226399243,-60213.95472154576,-0.8055061422688027
104 15 0 042.00,URBAN SERVICES DISTRICT,SINGLE FAMILY,2014,328668.38165720465,280554.79376976273,48113.587887441914,0.6506649716877341
083 11 0 035.00,URBAN SERVICES DISTRICT,SINGLE FAMILY,2013,290900.0,262332.491336751,28567.508663249027,0.3879207491947351
073 08 0 010.00,URBAN SERVICES DISTRICT,SINGLE FAMILY,2013,75565.0,170701.34108872185,-95136.34108872185,-1.2749432681700805
071 05 0 154.00,URBAN SERVICES DISTRICT,SINGLE FAMILY,2013,50000.0,81281.772169858,-31281.772169858,-0.41659112139035814
147 01 0 062.00,URBAN SERVICES DISTRICT,SINGLE FAMILY,2015,162173.6204576043,213802.09826769994,-51628.47781009565,-0.6900976027884916
060 16 0 036.00,URBAN SERVICES DISTRICT,SINGLE FAMILY,2016,230523.64097713816,166403.359817826,64120.281159312144,0.8658317133223405
156 09 0 008.00,GENERAL SERVICES DISTRICT,SINGLE FAMILY,2014,319812.0480197351,318192.90064709703,1619.14737263805,0.02567284497063951
136 11 0 046.00,URBAN SERVICES DISTRICT,SINGLE FAMILY,2015,167087.97259268322,173743.55548484132,-6655.582892158098,-0.08555854546965619
161 06 0 083.00,URBAN SERVICES DISTRICT,SINGLE FAMILY,2014,147605.5606244931,163025.54297372288,-15419.982349229773,-0.20337221513472672
145 10 0 069.00,CITY OF FOREST HILLS,VACANT RESIDENTIAL LAND,2013,350000.0,424809.6064552304,-74809.60645523039,-1.0017052429968372
081 08 0 481.00,URBAN SERVICES DISTRICT,SINGLE FAMILY,2013,140000.0,174416.16683458,-34416.16683458001,-0.4587245886562259
061 06 0 107.00,URBAN SERVICES DISTRICT,SINGLE FAMILY,2014,88563.33637469586,102943.17449510054,-14379.838120404675,-0.18939028640372235
044 15 0 403.00,GENERAL SERVICES DISTRICT,SINGLE FAMILY,2015,260460.66315918267,216383.4500062734,44077.21315290927,0.5964068194951193
091 15 0 139.00,URBAN SERVICES DISTRICT,SINGLE FAMILY,2014,346873.0674675588,366643.11048129504,-19770.043013736256,-0.2618470270897739
105 07 0 381.00,URBAN SERVICES DISTRICT,SINGLE FAMILY,2015,398062.5229413924,291829.7733053395,106232.74963605287,1.4319200658900952
050 02 0 001.00,GENERAL SERVICES DISTRICT,DUPLEX,2013,40000.0,100575.31728300761,-60575.31728300761,-0.8103636855213572
161 06 0 128.00,URBAN SERVICES DISTRICT,SINGLE FAMILY,2013,210000.0,190322.03811106418,19677.961888935824,0.26842481199209056
043 13 0 396.00,GENERAL SERVICES DISTRICT,SINGLE FAMILY,2015,9828.704270157836,98213.16400505273,-88384.4597348949,-1.1841824666646579
051 03 0 045.00,GENERAL SERVICES DISTRICT,SINGLE FAMILY,2013,110000.0,117572.03128952258,-7572.03128952258,-0.09787771796755793
105 05 0 248.00,URBAN SERVICES DISTRICT,SINGLE FAMILY,2013,125000.0,360029.5351791749,-235029.5351791749,-3.155429277244673
072 11 0 221.00,URBAN SERVICES DISTRICT,VACANT RESIDENTIAL LAND,2013,26000.0,79511.08996749549,-53511.089967495485,-0.7154042365066057
161 11 0 044.00,URBAN SERVICES DISTRICT,SINGLE FAMILY,2013,203500.0,165908.63316997216,37591.36683002784,0.5092221401653992
092 13 0 169.00,URBAN SERVICES DISTRICT,SINGLE FAMILY,2014,194976.12117717628,216756.11004838147,-21779.98887120519,-0.28886531835506507
092 02 0 053.00,URBAN SERVICES DISTRICT,SINGLE FAMILY,2015,128264.59072555977,117982.34598172797,10282.244743831805,0.14212478180501686
146 16 0 060.00,URBAN SERVICES DISTRICT,SINGLE FAMILY,2014,280450.56518653693,289735.9434655618,-9285.378279024852,-0.12090903885058703
083 15 0 055.00,URBAN SERVICES DISTRICT,SINGLE FAMILY,2016,363984.6962796918,261866.02104829997,102118.67523139186,1.3766174515738145
158 08 0 008.00,CITY OF FOREST HILLS,SINGLE FAMILY,2014,492018.53541497706,640731.0936481917,-148712.5582332146,-1.9951307470135313
148 01 0 093.00,URBAN SERVICES DISTRICT,SINGLE FAMILY,2013,122500.0,126681.33106590805,-4181.331065908045,-0.052298914989119386
072 03 0 219.00,URBAN SERVICES DISTRICT,SINGLE FAMILY,2015,422634.28361678694,360184.95190206845,62449.331714718486,0.8433703128742414
061 10 0 095.00,URBAN SERVICES DISTRICT,SINGLE FAMILY,2015,73715.28202618378,125508.98219449417,-51793.70016831039,-0.6923185709708911
161 02 0 169.00,URBAN SERVICES DISTRICT,SINGLE FAMILY,2015,221145.84607855132,235431.86075362275,-14286.014675071434,-0.18812908368818312
103 02 0 206.00,URBAN SERVICES DISTRICT,SINGLE FAMILY,2014,201727.5995201406,164913.62716284706,36813.97235729353,0.4987721719663492
136 03 0 004.00,URBAN SERVICES DISTRICT,SINGLE FAMILY,2014,101355.81829548527,143836.00828418313,-42480.189988697864,-0.5671235913151198
054 14 0 067.00,GENERAL SERVICES DISTRICT,SINGLE FAMILY,2016,266922.11060510733,352601.27243217,-85679.16182706266,-1.1478170458939525
062 00 0 264.00,GENERAL SERVICES DISTRICT,SINGLE FAMILY,2014,312923.7885239254,277994.65237413446,34929.13614979095,0.47343564190389276
065 05 0 052.00,GENERAL SERVICES DISTRICT,DUPLEX,2015,105167.13569068885,133881.73080729408,-28714.595116605225,-0.3820823623127882
104 16 0 164.00,URBAN SERVICES DISTRICT,SINGLE FAMILY,2013,625000.0,562297.0043776085,62702.99562239146,0.8467801387237948
133 08 0 140.00,URBAN SERVICES DISTRICT,SINGLE FAMILY,2013,117400.0,125304.51035347032,-7904.510353470323,-0.10234700063801928
060 05 0 017.00,URBAN SERVICES DISTRICT,SINGLE FAMILY,2015,103201.39483665729,125835.18439762684,-22633.789560969555,-0.3003423616957296
128 10 0 242.00,GENERAL SERVICES DISTRICT,SINGLE FAMILY,2016,281481.498456295,212025.6688937331,69455.8295625619,0.9375537451787579
091 10 0 431.00,URBAN SERVICES DISTRICT,SINGLE FAMILY,2016,157241.38879282688,136803.53620269813,20437.85259012875,0.27863948927721444
075 07 0 248.00,GENERAL SERVICES DISTRICT,ZERO LOT LINE,2016,112301.41162549425,102104.0485881509,10197.363037343355,0.14098377660804712
115 12 0 022.00,URBAN SERVICES DISTRICT,SINGLE FAMILY,2013,520000.0,483727.17384899536,36272.82615100464,0.4914979233768712
053 03 0 171.00,GENERAL SERVICES DISTRICT,SINGLE FAMILY,2014,217964.21118883483,209987.7901010994,7976.42108773542,0.11112921298643066
087 01 0 010.00,GENERAL SERVICES DISTRICT,SINGLE FAMILY,2013,229500.0,209250.33683629765,20249.663163702353,0.27610979091875254
147 10 0 163.00,URBAN SERVICES DISTRICT,SINGLE FAMILY,2016,216449.5660543234,190049.22010357972,26400.34595074368,0.35878910210674736
091 13 0 102.00,URBAN SERVICES DISTRICT,SINGLE FAMILY,2016,145593.87851187674,154166.3894528953,-8572.510941018554,-0.11132646362837631
061 04 0 091.00,URBAN SERVICES DISTRICT,SINGLE FAMILY,2015,286998.16468860884,293083.48845421255,-6085.323765603709,-0.07789295232908318
090 11 0 007.00,URBAN SERVICES DISTRICT,SINGLE FAMILY,2013,290000.0,260208.70256310384,29791.29743689616,0.4043712826311079
131 07 0 019.00,URBAN SERVICES DISTRICT,SINGLE FAMILY,2015,779416.2486235164,623679.3277289381,155736.92089457833,2.097369890291829
103 12 0 258.00,URBAN SERVICES DISTRICT,SINGLE FAMILY,2014,546140.5743106245,542214.3042716829,3926.2700389416423,0.056685875471591186
082 08 0 341.00,URBAN SERVICES DISTRICT,DUPLEX,2015,216722.9291569803,179963.93029632382,36758.99886065649,0.49803320184011823
071 15 0 362.00,URBAN SERVICES DISTRICT,SINGLE FAMILY,2015,226060.19821363024,170674.06707632975,55386.13113730049,0.7484246655789626
133 11 0 123.00,URBAN SERVICES DISTRICT,SINGLE FAMILY,2015,120893.06252294139,120823.07108301761,69.99143992377503,0.004848629208859992
061 15 0 095.00,URBAN SERVICES DISTRICT,DUPLEX,2013,92000.0,135547.83429139684,-43547.83429139684,-0.5814751842353263
162 05 0 166.00,URBAN SERVICES DISTRICT,SINGLE FAMILY,2014,130876.93042038388,118907.31792475261,11969.61249563127,0.16480688203192911
081 08 0 392.00,URBAN SERVICES DISTRICT,VACANT RESIDENTIAL LAND,2016,97062.5856745845,163007.03687536894,-65944.45120078445,-0.8825371838739567
096 13 0 144.00,URBAN SERVICES DISTRICT,SINGLE FAMILY,2014,141699.37012537173,157548.63355173872,-15849.26342636699,-0.20914273931759045
133 01 0 131.00,URBAN SERVICES DISTRICT,SINGLE FAMILY,2016,111621.97352577216,141895.14118633384,-30273.16766056168,-0.403033158969435
133 07 0 063.00,URBAN SERVICES DISTRICT,SINGLE FAMILY,2016,43678.16355356302,146273.97840348328,-102595.81484992027,-1.3752157377079675
092 04 0 037.00,URBAN SERVICES DISTRICT,SINGLE FAMILY,2016,232950.20561900278,170929.74355695816,62020.46206204462,0.8376053191816359
142 03 0 090.00,GENERAL SERVICES DISTRICT,SINGLE FAMILY,2016,262068.98132137812,262305.8047518935,-236.8234305153892,0.0007243322765601496
148 13 0 082.00,URBAN SERVICES DISTRICT,SINGLE FAMILY,2016,80076.6331815322,129508.18694158415,-49431.553760051946,-0.6605658949311713
147 09 0 054.00,URBAN SERVICES DISTRICT,SINGLE FAMILY,2015,285032.42383457726,271115.7286739216,13916.695160655654,0.19098014752848053
071 15 0 498.00,URBAN SERVICES DISTRICT,ZERO LOT LINE,2014,57074.150108137335,73056.90872765807,-15982.758619520733,-0.2109372214911979
160 12 0 128.00,URBAN SERVICES DISTRICT,SINGLE FAMILY,2014,377771.83149161935,343874.0302329692,33897.80125865014,0.4595721309155972
117 05 0 179.00,URBAN SERVICES DISTRICT,SINGLE FAMILY,2014,752788.3591849149,664071.5049269882,88716.8542579267,1.1964661797368985
117 04 0 204.00,URBAN SERVICES DISTRICT,SINGLE FAMILY,2013,408000.0,388057.43330989033,19942.56669010967,0.2719817085929334
083 01 0 256.00,URBAN SERVICES DISTRICT,SINGLE FAMILY,2015,230974.55034870916,257525.16477952167,-26550.614430812508,-0.35299348897625066
050 15 0 052.00,URBAN SERVICES DISTRICT,SINGLE FAMILY,2015,108115.7469717362,113404.01039199541,-5288.263420259216,-0.067178629609142
065 09 0 017.00,GENERAL SERVICES DISTRICT,SINGLE FAMILY,2014,157445.93133279265,143084.7849551351,14361.14637765754,0.19695459325275083
090 12 0 225.00,URBAN SERVICES DISTRICT,SINGLE FAMILY,2015,49143.52135078918,136865.447772685,-87721.92642189583,-1.1752764964082705
061 06 0 046.00,URBAN SERVICES DISTRICT,SINGLE FAMILY,2014,73802.78031224656,168717.0694246305,-94914.28911238394,-1.2719583793232307
072 12 0 310.00,URBAN SERVICES DISTRICT,SINGLE FAMILY,2016,276628.3691725658,230289.6236612767,46338.745511289104,0.6268070114891126
119 14 0 035.00,URBAN SERVICES DISTRICT,SINGLE FAMILY,2016,317491.71774156584,251801.53996504738,65690.17777651845,0.8869347315466664
081 07 0 321.00,URBAN SERVICES DISTRICT,SINGLE FAMILY,2016,58237.551404750695,108009.7715053912,-49772.2201006405,-0.6651452334143945
120 02 0 044.00,URBAN SERVICES DISTRICT,SINGLE FAMILY,2015,80595.37501529425,111388.9042381102,-30793.529222815952,-0.41002801417909335
094 02 0 237.00,URBAN SERVICES DISTRICT,SINGLE FAMILY,2015,687911.011868347,358130.095312156,329780.91655619093,4.4369211524746195
092 07 0 122.00,URBAN SERVICES DISTRICT,SINGLE FAMILY,2015,80988.52318610057,235581.17197646716,-154592.6487903666,-2.0741726767993818
130 08 0 010.00,URBAN SERVICES DISTRICT,SINGLE FAMILY,2015,884583.3843142053,617765.5330606571,266817.8512535482,3.5905528630100654
085 11 0 028.00,URBAN SERVICES DISTRICT,SINGLE FAMILY,2013,160000.0,186955.00029224105,-26955.00029224105,-0.3584293642497272
082 04 0 204.00,URBAN SERVICES DISTRICT,SINGLE FAMILY,2014,123004.63385374426,94314.21219715549,28690.421656588776,0.38957298228449805
090 16 0 003.00,URBAN SERVICES DISTRICT,SINGLE FAMILY,2013,153000.0,144438.1109394263,8561.88906057371,0.11899924797163373
103 12 0 079.00,URBAN SERVICES DISTRICT,SINGLE FAMILY,2013,551500.0,569564.553858462,-18064.553858462023,-0.23892133355640632
071 08 0 092.00,URBAN SERVICES DISTRICT,SINGLE FAMILY,2015,83789.70390309555,118160.5742837192,-34370.870380623644,-0.45811570022187814
149 13 0 020.00,URBAN SERVICES DISTRICT,SINGLE FAMILY,2014,103323.89243714517,118128.99270427214,-14805.100267126967,-0.19510678692613675
074 04 0 025.00,GENERAL SERVICES DISTRICT,SINGLE FAMILY,2015,168070.843019699,181229.43497555304,-13158.591955854034,-0.17297393147663004
044 11 0 099.00,GENERAL SERVICES DISTRICT,SINGLE FAMILY,2015,117944.45124189404,113523.86716356484,4420.584078329208,0.06333059211560768
083 13 0 136.00,URBAN SERVICES DISTRICT,SINGLE FAMILY,2014,423903.48937212763,371922.68028427445,51980.80908785318,0.7026493116597551
051 15 0 030.00,GENERAL SERVICES DISTRICT,SINGLE FAMILY,2015,201488.43753823565,224384.58165004724,-22896.14411181159,-0.3038690097609421
092 02 0 166.00,URBAN SERVICES DISTRICT,SINGLE FAMILY,2016,114533.8510960097,154222.62064449443,-39688.76954848472,-0.5296004857959794
116 11 0 072.00,CITY OF BELLE MEADE,SINGLE FAMILY,2016,655172.4533034452,564398.8651213511,90773.58818209416,1.2241134101395814
080 08 0 113.00,URBAN SERVICES DISTRICT,SINGLE FAMILY,2013,49910.0,79020.58630203924,-29110.586302039243,-0.3874053938495765
150 03 0 034.00,URBAN SERVICES DISTRICT,SINGLE FAMILY,2015,152344.91618744648,160066.1881481841,-7721.27196073762,-0.09988385555008623
092 05 0 319.00,URBAN SERVICES DISTRICT,SINGLE FAMILY,2015,39314.81708063134,92538.05551806366,-53223.238437432316,-0.7115348504475204
148 01 0 043.00,URBAN SERVICES DISTRICT,SINGLE FAMILY,2013,117500.0,123243.14515655453,-5743.1451565545285,-0.07329328548249209
092 07 0 299.00,URBAN SERVICES DISTRICT,TRIPLEX,2016,203831.4299166274,202596.12723265323,1235.3026839741797,0.020513090263607193
133 12 0 220.00,URBAN SERVICES DISTRICT,SINGLE FAMILY,2015,104217.6828581916,139581.38469940668,-35363.70184121508,-0.4714616366210721
083 08 0 189.00,URBAN SERVICES DISTRICT,SINGLE FAMILY,2016,285364.0018832784,281801.5177448823,3562.484138396103,0.05179575697281589
133 07 0 212.00,URBAN SERVICES DISTRICT,SINGLE FAMILY,2016,228097.07633527354,178660.51748204586,49436.558853227674,0.6684487417113382
091 07 0 172.00,URBAN SERVICES DISTRICT,SINGLE FAMILY,2016,300894.0155912119,239724.78982528736,61169.22576592455,0.8261627471846362
104 05 0 093.00,URBAN SERVICES DISTRICT,SINGLE FAMILY,2016,388095.0425612586,260538.08121794835,127556.96134331025,1.7185664751794139
162 03 0 242.00,URBAN SERVICES DISTRICT,SINGLE FAMILY,2015,117944.45124189404,121196.62145231517,-3252.170210421129,-0.03980885784028367
148 05 0 175.00,URBAN SERVICES DISTRICT,SINGLE FAMILY,2015,60446.53126147069,123106.0119342307,-62659.48067276001,-0.838379630975578
119 10 0 180.00,URBAN SERVICES DISTRICT,SINGLE FAMILY,2013,111000.0,147371.64906424674,-36371.64906424674,-0.48501076360412654
131 03 0 206.00,URBAN SERVICES DISTRICT,SINGLE FAMILY,2016,431928.506251901,387359.38714750926,44569.11910439172,0.6030191659038028
091 02 0 313.00,URBAN SERVICES DISTRICT,SINGLE FAMILY,2015,117944.45124189404,321677.0507353311,-203732.59949343704,-2.7347265399415015
086 01 0 064.00,GENERAL SERVICES DISTRICT,SINGLE FAMILY,2014,154493.8201203028,153048.7506274322,1445.0694928705925,0.023332838228207052
115 12 0 004.00,URBAN SERVICES DISTRICT,SINGLE FAMILY,2015,368576.41013091884,490153.3150823118,-121576.90495139296,-1.6303652080226176
052 13 0 055.00,URBAN SERVICES DISTRICT,SINGLE FAMILY,2015,442193.4051144011,328783.9842906989,113409.42082370218,1.5283910189471621
115 08 0 020.00,URBAN SERVICES DISTRICT,SINGLE FAMILY,2015,432462.9878869448,561733.7794377775,-129270.79155083268,-1.7337887247971213
044 15 0 278.00,GENERAL SERVICES DISTRICT,SINGLE FAMILY,2016,145593.87851187674,111627.70002142031,33966.17849045643,0.4604912780448552
081 15 0 041.00,URBAN SERVICES DISTRICT,SINGLE FAMILY,2016,140740.7492281475,142703.23726877576,-1962.488040628261,-0.02247256573389049
060 04 0 073.00,URBAN SERVICES DISTRICT,SINGLE FAMILY,2014,76754.89152473642,140404.90214205204,-63650.010617315624,-0.851694629710269
086 06 0 003.00,GENERAL SERVICES DISTRICT,DUPLEX,2015,75681.02288021534,114510.5325168265,-38829.509636611154,-0.518050057964643
130 09 0 013.00,URBAN SERVICES DISTRICT,SINGLE FAMILY,2014,432976.31116517977,455099.22756511735,-22122.91639993759,-0.29347505240324784
092 13 0 270.00,URBAN SERVICES DISTRICT,SINGLE FAMILY,2013,135000.0,161179.9607159721,-26179.96071597209,-0.3480110512708234
096 16 0 179.00,GENERAL SERVICES DISTRICT,ZERO LOT LINE,2016,203831.4299166274,134576.84727072305,69254.58264590436,0.9348485241449225
081 06 0 043.00,URBAN SERVICES DISTRICT,SINGLE FAMILY,2014,73802.78031224656,91722.36985559337,-17919.58954334681,-0.23697268002710756
082 05 0 021.00,URBAN SERVICES DISTRICT,SINGLE FAMILY,2013,318000.0,230062.75215770464,87937.24784229536,1.1859864779421736
118 04 0 298.00,URBAN SERVICES DISTRICT,SINGLE FAMILY,2014,108244.07779129494,114931.64711580049,-6687.5693245055445,-0.08598851662658533
147 06 0 050.00,URBAN SERVICES DISTRICT,SINGLE FAMILY,2013,205000.0,182113.8587669806,22886.141233019414,0.31155011490890344
071 12 0 177.00,URBAN SERVICES DISTRICT,SINGLE FAMILY,2014,132845.0045620438,135384.8848628678,-2539.8803008240066,-0.030234044582847265
083 01 0 290.00,URBAN SERVICES DISTRICT,DUPLEX,2015,245717.6067539459,408387.5388187558,-162669.93206480992,-2.1827499259477694
050 07 0 012.00,GENERAL SERVICES DISTRICT,DUPLEX,2014,86103.24369762099,91251.65849619382,-5148.414798572834,-0.0652987427556074
082 03 0 239.00,URBAN SERVICES DISTRICT,SINGLE FAMILY,2015,149396.3049063991,148156.48583885544,1239.8190675436636,0.02057380083762223
149 16 0 020.00,URBAN SERVICES DISTRICT,SINGLE FAMILY,2016,315453.4034423996,289958.5189810223,25494.88446137728,0.3466176189007209
142 11 0 131.00,GENERAL SERVICES DISTRICT,SINGLE FAMILY,2015,218590.3829683103,216903.77288714994,1686.6100811603537,0.02657969880534745
148 05 0 072.00,URBAN SERVICES DISTRICT,SINGLE FAMILY,2013,110000.0,125339.73652612703,-15339.736526127032,-0.20229352686391772
062 00 0 149.00,URBAN SERVICES DISTRICT,SINGLE FAMILY,2016,426959.872491219,347490.59426597744,79469.27822524158,1.0721575065353002
104 15 0 140.00,URBAN SERVICES DISTRICT,SINGLE FAMILY,2014,443800.7189443093,391721.8804814973,52078.83846281195,0.7039670517348663
092 04 0 388.00,URBAN SERVICES DISTRICT,SINGLE FAMILY,2013,199289.0,192027.6972950515,7261.302704948495,0.10151637854937184
105 14 0 193.00,URBAN SERVICES DISTRICT,SINGLE FAMILY,2014,467417.6086442282,400796.9501196296,66620.65852459858,0.8994425310851241
118 01 0 159.00,URBAN SERVICES DISTRICT,SINGLE FAMILY,2013,725576.0,470951.0830052602,254624.9169947398,3.4266518066911273
083 05 0 350.00,URBAN SERVICES DISTRICT,SINGLE FAMILY,2015,206402.78967331458,250767.2311705701,-44364.441497255524,-0.5924522616800935
147 11 0 079.00,URBAN SERVICES DISTRICT,SINGLE FAMILY,2014,150557.67183698298,164509.66713296244,-13951.995295979461,-0.18363909564247374
071 12 0 187.00,URBAN SERVICES DISTRICT,SINGLE FAMILY,2014,68882.59495809679,118247.08864764201,-49364.49368954523,-0.6596644534766721
061 11 0 144.00,URBAN SERVICES DISTRICT,SINGLE FAMILY,2015,334077.6581426649,262340.296350947,71737.36179171788,0.9682227813965345
117 16 0 023.00,URBAN SERVICES DISTRICT,SINGLE FAMILY,2014,590914.2610333874,547772.3763554811,43141.88467790629,0.5838338553665361
071 04 0 214.00,URBAN SERVICES DISTRICT,SINGLE FAMILY,2014,39361.48283319816,118610.81307007029,-79249.33023687213,-1.0613853332958318
146 04 0 043.00,URBAN SERVICES DISTRICT,SINGLE FAMILY,2016,257701.1649660218,256945.52833141378,755.6366346080322,0.014065276267181475
094 01 0 346.00,URBAN SERVICES DISTRICT,SINGLE FAMILY,2016,431928.506251901,326795.3159210513,105133.19033084967,1.4171394619942013
095 11 0 067.00,URBAN SERVICES DISTRICT,SINGLE FAMILY,2013,96100.0,150548.79891660358,-54448.798916603584,-0.7280091996775921
103 03 0 170.00,URBAN SERVICES DISTRICT,SINGLE FAMILY,2013,535000.0,484609.73542898934,50390.26457101066,0.6812687382145686
052 13 0 070.00,URBAN SERVICES DISTRICT,SINGLE FAMILY,2016,192960.42032107397,229426.14711648592,-36465.72679541196,-0.48627538450560714
064 01 0 058.00,GENERAL SERVICES DISTRICT,SINGLE FAMILY,2015,363662.05799584,414217.07269258384,-50555.01469674386,-0.6756677916812375
083 10 0 046.01,URBAN SERVICES DISTRICT,SINGLE FAMILY,2015,525835.6784534443,432484.6405847772,93351.03786866704,1.258760257015921
026 07 0 164.00,CITY OF GOODLETTSVILLE,SINGLE FAMILY,2016,170830.1507872687,169884.73490768796,945.4158795807452,0.01661634544037638
133 14 0 053.00,URBAN SERVICES DISTRICT,SINGLE FAMILY,2014,212087.54180183835,199978.5308461504,12109.010955687962,0.16668071767867013
052 08 0 195.00,GENERAL SERVICES DISTRICT,SINGLE FAMILY,2015,124824.54423100452,130277.50683740726,-5452.96260640274,-0.0693925651566327
063 00 0 012.00,GENERAL SERVICES DISTRICT,SINGLE FAMILY,2015,131213.2020066071,224669.72992402365,-93456.52791741653,-1.2523627188657565
147 11 0 001.00,URBAN SERVICES DISTRICT,SINGLE FAMILY,2014,203695.67366180048,174638.52555145507,29057.148110345413,0.39450262857594665
106 15 0 021.00,URBAN SERVICES DISTRICT,SINGLE FAMILY,2016,235376.7702608674,201214.99593122577,34161.77432964163,0.4631205356110464
041 06 0 010.00,GENERAL SERVICES DISTRICT,SINGLE FAMILY,2015,140550.47106325705,163333.15963712122,-22782.688573864172,-0.3023439066052861
072 07 0 117.00,URBAN SERVICES DISTRICT,SINGLE FAMILY,2015,387250.9482442188,311117.2472579411,76133.70098627766,1.027319683145525
032 16 0 008.00,GENERAL SERVICES DISTRICT,SINGLE FAMILY,2015,206402.78967331458,186569.12419707776,19833.665476236813,0.27051782601886953
081 16 0 693.00,URBAN SERVICES DISTRICT,SINGLE FAMILY,2013,100000.0,104157.25903025856,-4157.2590302585595,-0.051975331511430446
117 06 0 016.00,URBAN SERVICES DISTRICT,SINGLE FAMILY,2013,387500.0,421035.5707147759,-33535.57071477588,-0.4468873531587911
052 03 0 004.00,GENERAL SERVICES DISTRICT,SINGLE FAMILY,2015,132097.78539092132,123778.36607590136,8319.419315019957,0.11573989738562245
115 06 0 050.00,URBAN SERVICES DISTRICT,SINGLE FAMILY,2015,570064.8476691545,476091.4836135369,93973.3640556176,1.2671257511005338
120 06 0 024.00,URBAN SERVICES DISTRICT,SINGLE FAMILY,2013,111000.0,115744.64653262851,-4744.646532628511,-0.05987116938469939
133 14 0 094.00,URBAN SERVICES DISTRICT,SINGLE FAMILY,2015,245717.6067539459,227273.73210196645,18443.87465197945,0.2518358435425357
090 12 0 351.00,URBAN SERVICES DISTRICT,SINGLE FAMILY,2013,85000.0,120913.16259993645,-35913.16259993645,-0.4788476519024371
083 06 0 362.00,URBAN SERVICES DISTRICT,SINGLE FAMILY,2015,390199.5595252661,411925.85427700996,-21726.294751743844,-0.2881435459981386
095 14 0 093.00,URBAN SERVICES DISTRICT,SINGLE FAMILY,2014,152525.74597864287,169927.75884907058,-17402.012870427716,-0.2300152601299079
083 08 0 054.00,URBAN SERVICES DISTRICT,SINGLE FAMILY,2015,230876.26330600758,231246.64279618685,-370.37949017927167,-0.0010709680828173912
162 10 0 121.00,URBAN SERVICES DISTRICT,SINGLE FAMILY,2015,145464.82319833597,145679.93681888713,-215.1136205511575,0.0010161620125443674
102 12 0 092.00,URBAN SERVICES DISTRICT,SINGLE FAMILY,2016,854150.7539363435,568211.8536745326,285938.90026181086,3.8475837026634827
060 12 0 140.00,URBAN SERVICES DISTRICT,SINGLE FAMILY,2013,70000.0,94954.99310405095,-24954.993104050955,-0.3315446715390276
118 01 0 098.00,URBAN SERVICES DISTRICT,SINGLE FAMILY,2014,678001.5418018383,645140.2570983797,32861.28470345866,0.44563896645477663
162 02 0 224.00,URBAN SERVICES DISTRICT,SINGLE FAMILY,2016,111646.2391721908,164662.6354114249,-53016.396239234105,-0.708754415971584
082 04 0 387.00,URBAN SERVICES DISTRICT,VACANT RESIDENTIAL LAND,2014,324633.82966680184,195002.80204299785,129631.027623804,1.7464466922816126
082 16 0 289.00,URBAN SERVICES DISTRICT,SINGLE FAMILY,2016,576551.7589070318,576238.5087410326,313.25016599928495,0.008118585506194424
072 15 0 175.00,URBAN SERVICES DISTRICT,SINGLE FAMILY,2014,141701.33819951338,153477.5969130025,-11776.258713489107,-0.15439219603877033
119 05 0 377.00,URBAN SERVICES DISTRICT,SINGLE FAMILY,2013,120400.0,132192.6882599411,-11792.68825994109,-0.1546130468988802
150 07 0 414.00,URBAN SERVICES DISTRICT,SINGLE FAMILY,2014,80691.03980805623,142235.77485408913,-61544.7350460329,-0.8233948880195913
147 05 0 183.00,URBAN SERVICES DISTRICT,SINGLE FAMILY,2015,211317.14180839347,208128.92955973244,3188.2122486610315,0.04676468268208496
090 12 0 072.00,URBAN SERVICES DISTRICT,SINGLE FAMILY,2015,178390.98250336474,193356.76039709445,-14965.777893729712,-0.19726666347168484
144 07 0 008.00,CITY OF FOREST HILLS,SINGLE FAMILY,2013,360000.0,437467.9426665224,-77467.9426665224,-1.0374393906460697
091 07 0 008.00,URBAN SERVICES DISTRICT,SINGLE FAMILY,2014,137765.18991619357,249369.4554090554,-111604.26549286183,-1.4963100161511151
105 13 0 436.00,URBAN SERVICES DISTRICT,VACANT RESIDENTIAL LAND,2015,432462.9878869448,395505.3165234521,36957.67136349267,0.5007038168360823
119 05 0 063.00,URBAN SERVICES DISTRICT,SINGLE FAMILY,2015,137601.8597822097,143412.3537817505,-5810.493999540806,-0.074198608702728
107 09 0 048.00,URBAN SERVICES DISTRICT,SINGLE FAMILY,2014,168270.33911192213,189404.31449411003,-21133.9753821879,-0.2801814124962497
091 13 0 152.00,URBAN SERVICES DISTRICT,SINGLE FAMILY,2015,63395.14254251804,114279.7946716114,-50884.65212909335,-0.6800988762928283
042 14 0 055.00,GENERAL SERVICES DISTRICT,SINGLE FAMILY,2013,177900.0,171608.59751167285,6291.402488327149,0.088478690766108
160 03 0 141.00,URBAN SERVICES DISTRICT,SINGLE FAMILY,2014,359173.53085293324,325803.91149496014,33369.619357973104,0.45247215238606714
083 06 0 174.00,URBAN SERVICES DISTRICT,SINGLE FAMILY,2014,339984.8079717491,305952.2497064127,34032.55826533638,0.46138357476278247
081 11 0 184.00,URBAN SERVICES DISTRICT,SINGLE FAMILY,2015,29486.11281047351,88651.36884085582,-59165.25603038231,-0.7914092219054534
148 15 0 249.00,URBAN SERVICES DISTRICT,SINGLE FAMILY,2015,139567.6006362413,120828.06928170793,18739.531354533363,0.2558101490565142
070 03 0 023.00,URBAN SERVICES DISTRICT,SINGLE FAMILY,2015,304689.83237489295,245981.006907071,58708.82546782197,0.7930893130738011
160 12 0 005.00,URBAN SERVICES DISTRICT,SINGLE FAMILY,2016,346513.43085826666,356086.4465348978,-9573.015676631127,-0.12477554647736612
107 14 0 085.00,URBAN SERVICES DISTRICT,SINGLE FAMILY,2013,70000.0,99884.51020249519,-29884.510202495192,-0.3978087095816831
071 11 0 049.00,URBAN SERVICES DISTRICT,SINGLE FAMILY,2014,147605.5606244931,115836.54718128577,31769.01344320734,0.4309563306312726
146 11 0 137.00,URBAN SERVICES DISTRICT,SINGLE FAMILY,2015,260460.66315918267,280104.993684795,-19644.330525612313,-0.26015716235675357
060 08 0 072.00,URBAN SERVICES DISTRICT,DUPLEX,2014,132845.0045620438,153488.5876788017,-20643.583116757916,-0.2735894135066262
083 02 0 046.00,URBAN SERVICES DISTRICT,SINGLE FAMILY,2013,389900.0,363093.4904626315,26806.50953736849,0.36424887409214973
129 06 0 035.00,URBAN SERVICES DISTRICT,SINGLE FAMILY,2015,348919.0015906032,420225.1051137057,-71306.10352310247,-0.9546101123905658
042 15 0 046.00,GENERAL SERVICES DISTRICT,SINGLE FAMILY,2015,98287.04270157836,170131.627439722,-71844.58473814365,-0.9618485373734115
061 16 0 221.00,URBAN SERVICES DISTRICT,SINGLE FAMILY,2013,243500.0,219928.1546888744,23571.845311125595,0.3207675534957322
105 05 0 403.00,URBAN SERVICES DISTRICT,QUADPLEX,2013,185000.0,337518.6440221337,-152518.64402213373,-2.046293286563327
062 13 0 083.00,URBAN SERVICES DISTRICT,SINGLE FAMILY,2014,265690.0091240876,267763.4980909756,-2073.4889668880496,-0.023964673267662915
033 05 0 004.00,GENERAL SERVICES DISTRICT,SINGLE FAMILY,2014,186917.84160414978,198590.570082416,-11672.728478266217,-0.15300051176049898
083 06 0 331.00,URBAN SERVICES DISTRICT,SINGLE FAMILY,2016,176459.7807563946,236256.4776746015,-59796.6969182069,-0.7998972385157825
102 16 0 090.00,URBAN SERVICES DISTRICT,SINGLE FAMILY,2015,587658.2283127371,653979.3292932913,-66321.10098055424,-0.8876002224712466
118 06 0 061.00,URBAN SERVICES DISTRICT,SINGLE FAMILY,2016,553256.7383451316,466184.8805804147,87071.8577647169,1.1743536465963824
043 05 0 073.00,GENERAL SERVICES DISTRICT,SINGLE FAMILY,2016,262068.98132137812,107393.3455442093,154675.63577716882,2.0831037794355907
061 15 0 039.00,URBAN SERVICES DISTRICT,SINGLE FAMILY,2014,215504.11851175994,160582.5205342547,54921.59797750524,0.7421802723943924
086 00 0 228.00,GENERAL SERVICES DISTRICT,SINGLE FAMILY,2016,331954.04300707893,374039.68380298594,-42085.640795907006,-0.5618199434732158
162 06 0 394.00,URBAN SERVICES DISTRICT,SINGLE FAMILY,2013,128200.0,126739.12496023056,1460.8750397694384,0.023545301100345306
133 02 0 400.00,URBAN SERVICES DISTRICT,SINGLE FAMILY,2015,176916.67686284106,188697.76143454295,-11781.084571701882,-0.15445706666317705
043 11 0 099.00,GENERAL SERVICES DISTRICT,SINGLE FAMILY,2016,84444.44953688851,99447.17511602529,-15002.725579136779,-0.19776332527090543
061 14 0 175.00,URBAN SERVICES DISTRICT,SINGLE FAMILY,2015,138584.7302092255,278609.7279658517,-140024.99775662622,-1.8783499698253956
134 13 0 161.00,URBAN SERVICES DISTRICT,SINGLE FAMILY,2013,97900.0,103696.23791915092,-5796.237919150924,-0.07400697422121005
071 15 0 218.00,URBAN SERVICES DISTRICT,SINGLE FAMILY,2014,206647.78487429034,173690.83661578022,32956.94825851012,0.44692490447357897
034 14 0 026.00,GENERAL SERVICES DISTRICT,SINGLE FAMILY,2014,114148.30021627467,136076.79527894876,-21928.49506267409,-0.2908615828419396
082 03 0 027.00,URBAN SERVICES DISTRICT,SINGLE FAMILY,2015,164630.79652514376,250441.107775989,-85810.31125084523,-1.1495799955365338
082 03 0 406.00,URBAN SERVICES DISTRICT,SINGLE FAMILY,2013,212000.0,194820.9967783693,17179.0032216307,0.23483306479040397
042 16 0 002.00,GENERAL SERVICES DISTRICT,SINGLE FAMILY,2015,127773.15551205188,156028.14854058667,-28254.993028534795,-0.37590425406401173
114 07 0 032.00,GENERAL SERVICES DISTRICT,SINGLE FAMILY,2016,388250.342698338,350673.87633064,37576.46636769798,0.5090218437097911
095 14 0 017.00,URBAN SERVICES DISTRICT,SINGLE FAMILY,2016,237803.334902732,213641.28754803038,24162.047354701615,0.3287012252707459
095 10 0 057.00,URBAN SERVICES DISTRICT,SINGLE FAMILY,2013,142337.0,141541.77775847891,795.2222415210854,0.014597397793498123
134 13 0 003.00,URBAN SERVICES DISTRICT,SINGLE FAMILY,2014,113164.26314544471,111660.48346332391,1503.779682120803,0.0241220380902372
096 11 0 120.00,URBAN SERVICES DISTRICT,SINGLE FAMILY,2016,161609.2051481832,152108.8855310761,9500.319617107074,0.13161391120470023
120 01 0 095.00,URBAN SERVICES DISTRICT,SINGLE FAMILY,2013,86500.0,92673.7283127381,-6173.728312738094,-0.07908131259997167
119 05 0 186.00,URBAN SERVICES DISTRICT,SINGLE FAMILY,2013,102000.0,188694.57931451377,-86694.57931451377,-1.161466590397789
103 07 0 007.00,URBAN SERVICES DISTRICT,SINGLE FAMILY,2016,194125.171349169,220476.7869507109,-26351.61560154191,-0.35031848740309607
083 13 0 427.00,URBAN SERVICES DISTRICT,SINGLE FAMILY,2015,516006.9741832864,427225.9347638196,88781.0394194668,1.1973289758082235
128 10 0 002.00,GENERAL SERVICES DISTRICT,SINGLE FAMILY,2015,176916.67686284106,179966.33818368055,-3049.6613208394847,-0.03708667299028101
091 16 0 146.00,URBAN SERVICES DISTRICT,SINGLE FAMILY,2014,418215.7551027305,401811.4428632765,16404.312239453953,0.2244194377171835
102 04 0 069.00,URBAN SERVICES DISTRICT,SINGLE FAMILY,2013,205000.0,202856.49046702802,2143.509532971977,0.03272147741203267
135 00 0 224.00,URBAN SERVICES DISTRICT,SINGLE FAMILY,2016,165006.39564679362,170097.97457088405,-5091.578924090427,-0.06453473799131143
091 16 0 344.00,URBAN SERVICES DISTRICT,SINGLE FAMILY,2014,191887.22881184105,213049.896355495,-21162.66754365395,-0.2805671010821586
091 05 0 223.00,URBAN SERVICES DISTRICT,SINGLE FAMILY,2015,170363.87972592682,196438.13105774985,-26074.251331823034,-0.34659007422320764
103 12 0 199.00,URBAN SERVICES DISTRICT,SINGLE FAMILY,2014,688825.9495809679,476482.10570584756,212343.84387512034,2.8582970202624556
092 03 0 373.00,URBAN SERVICES DISTRICT,SINGLE FAMILY,2016,218390.8177678151,190084.79993700396,28306.01783081115,0.384405711489736
108 12 0 068.00,GENERAL SERVICES DISTRICT,ZERO LOT LINE,2016,86288.6386647056,113980.53401265072,-27691.895347945116,-0.3683349272145113
051 14 0 057.00,URBAN SERVICES DISTRICT,SINGLE FAMILY,2014,226328.52629088942,210715.68653194988,15612.839758939546,0.2137802287417093
083 07 0 161.00,URBAN SERVICES DISTRICT,SINGLE FAMILY,2016,278084.30795768456,266500.85777128366,11583.450186400907,0.1596159731784927
083 13 0 498.00,URBAN SERVICES DISTRICT,SINGLE FAMILY,2016,582375.514047507,398784.2264697926,183591.28757771436,2.471796589030316
145 04 0 034.00,CITY OF OAK HILL,SINGLE FAMILY,2016,630906.8068847992,603359.2260656876,27547.58081911155,0.3742105751320426
094 05 0 001.00,URBAN SERVICES DISTRICT,SINGLE FAMILY,2015,422535.9965740854,329615.30896375,92920.68761033536,1.25297536058078
081 11 0 438.00,URBAN SERVICES DISTRICT,SINGLE FAMILY,2016,121328.23209323062,162492.66894469902,-41164.4368514684,-0.5494368454941888
105 13 0 349.00,URBAN SERVICES DISTRICT,SINGLE FAMILY,2013,225000.0,238980.5690265428,-13980.569026542798,-0.18402319224489086
043 15 0 255.00,GENERAL SERVICES DISTRICT,SINGLE FAMILY,2016,97062.5856745845,133694.60048545283,-36632.014810868335,-0.4885106775702598
059 16 0 244.00,URBAN SERVICES DISTRICT,SINGLE FAMILY,2013,94347.0,72157.05405785619,22189.945942143808,0.30219165031320133
131 04 0 213.00,URBAN SERVICES DISTRICT,SINGLE FAMILY,2016,368837.82556342107,335694.6349546892,33143.19060873188,0.44942842965338675
096 10 0 231.00,URBAN SERVICES DISTRICT,SINGLE FAMILY,2014,118084.44849959448,124899.4074970778,-6814.958997483322,-0.08770092657828323
071 15 0 225.00,URBAN SERVICES DISTRICT,SINGLE FAMILY,2013,176500.0,136458.8812949985,40041.118705001514,0.5421524349988535
119 10 0 153.00,URBAN SERVICES DISTRICT,SINGLE FAMILY,2014,157445.93133279265,142366.64576435677,15079.28556843588,0.20660803429115926
115 01 0 011.00,URBAN SERVICES DISTRICT,SINGLE FAMILY,2013,156000.0,315699.0326038397,-159699.0326038397,-2.142814209939245
105 16 0 011.00,URBAN SERVICES DISTRICT,SINGLE FAMILY,2013,68000.0,102916.9288731022,-34916.928873102195,-0.46545598122638737
083 01 0 102.00,URBAN SERVICES DISTRICT,SINGLE FAMILY,2015,201488.43753823565,272455.0777822529,-70966.64024401727,-0.9500469458186341
075 11 0 199.00,GENERAL SERVICES DISTRICT,ZERO LOT LINE,2015,61920.83690199437,99162.52890625731,-37241.69200426294,-0.49670614011355635
091 15 0 164.00,URBAN SERVICES DISTRICT,SINGLE FAMILY,2016,396015.3495523047,384870.2133404513,11145.136211853416,0.15372402609645316
115 09 0 035.00,URBAN SERVICES DISTRICT,SINGLE FAMILY,2014,305051.49195728573,344858.3247818191,-39806.83282453334,-0.5311875275404934
072 12 0 097.00,URBAN SERVICES DISTRICT,SINGLE FAMILY,2014,210583.93315761018,210382.23597405976,201.69718355042278,0.006619057068592293
073 05 0 068.00,URBAN SERVICES DISTRICT,SINGLE FAMILY,2014,167286.3020410922,192804.93764554922,-25518.635604457028,-0.33912132201887946
103 04 0 256.00,URBAN SERVICES DISTRICT,SINGLE FAMILY,2016,674584.9704383622,565860.9702889413,108724.00014942093,1.4654081977892026
083 13 0 135.00,URBAN SERVICES DISTRICT,SINGLE FAMILY,2014,157445.93133279265,267263.9586666946,-109818.02733390193,-1.4722988704435738
108 16 0 197.00,GENERAL SERVICES DISTRICT,ZERO LOT LINE,2015,109000.3303560504,118647.41019152453,-9647.079835474127,-0.12577113897479733
105 03 0 251.00,URBAN SERVICES DISTRICT,SINGLE FAMILY,2014,264705.97205325763,214756.9579076331,49949.01414562453,0.6753373184851691
052 03 0 158.00,GENERAL SERVICES DISTRICT,ZERO LOT LINE,2015,71258.10595864432,97181.42832304169,-25923.322364397376,-0.34456124205983224
118 13 0 010.00,URBAN SERVICES DISTRICT,SINGLE FAMILY,2015,565150.4955340755,505313.2086932711,59837.286840804445,0.8082584271788272
108 16 0 029.00,GENERAL SERVICES DISTRICT,ZERO LOT LINE,2015,113025.18475468004,117373.358653527,-4348.173898846959,-0.05454166607573145
146 15 0 170.00,URBAN SERVICES DISTRICT,SINGLE FAMILY,2015,430005.81181940535,357512.4441104429,72493.36770896247,0.9783852382579944
082 04 0 129.00,URBAN SERVICES DISTRICT,SINGLE FAMILY,2014,233821.96858525954,179087.53653714695,54734.43204811259,0.7396643321881038
136 14 0 153.00,URBAN SERVICES DISTRICT,ZERO LOT LINE,2016,87841.64003549896,93082.53149513499,-5240.891459636026,-0.06654184159558973
072 07 0 266.00,URBAN SERVICES DISTRICT,SINGLE FAMILY,2014,248961.37891997836,199903.22369316153,49058.15522681683,0.6633621273847785
083 10 0 300.00,URBAN SERVICES DISTRICT,SINGLE FAMILY,2016,465900.41123800556,436165.5216361852,29734.88960182038,0.4036130317000898
086 11 0 007.00,GENERAL SERVICES DISTRICT,DUPLEX,2014,38377.44576236821,105592.8331968911,-67215.38743452288,-0.8996214875208215
071 14 0 084.00,URBAN SERVICES DISTRICT,SINGLE FAMILY,2015,191659.7332680778,133992.7500548742,57666.98321320361,0.779084558974
119 10 0 005.00,URBAN SERVICES DISTRICT,SINGLE FAMILY,2016,168888.89907377702,162965.63622681546,5923.262846961559,0.08353004798562999
096 10 0 057.00,URBAN SERVICES DISTRICT,SINGLE FAMILY,2015,117944.45124189404,117631.39098852081,313.0602533732308,0.00811603264407298
050 06 0 013.00,GENERAL SERVICES DISTRICT,DUPLEX,2013,60000.0,87665.99773949798,-27665.99773949798,-0.3679868038431781
069 04 0 065.00,URBAN SERVICES DISTRICT,SINGLE FAMILY,2013,52500.0,107999.05628701473,-55499.056287014726,-0.7421270722719416
052 02 0 190.00,GENERAL SERVICES DISTRICT,SINGLE FAMILY,2016,123754.79673509522,113679.11595272976,10075.680782365467,0.1393480874701566
042 03 0 029.00,GENERAL SERVICES DISTRICT,SINGLE FAMILY,2015,176916.67686284106,166565.86245513518,10350.814407705882,0.14304651566348303
083 07 0 217.00,URBAN SERVICES DISTRICT,SINGLE FAMILY,2014,137765.18991619357,292286.0171299176,-154520.82721372406,-2.073207229760274
026 09 0 056.00,CITY OF GOODLETTSVILLE,SINGLE FAMILY,2014,143669.4123411733,170123.68882790208,-26454.276486728777,-0.35169848561907996
072 03 0 384.00,URBAN SERVICES DISTRICT,SINGLE FAMILY,2016,260127.72960788643,234172.24771932577,25955.481888560666,0.352809106794507
091 15 0 272.00,URBAN SERVICES DISTRICT,SINGLE FAMILY,2015,514532.66854276275,463585.0980796413,50947.57046312146,0.6887602101171371
103 12 0 184.00,URBAN SERVICES DISTRICT,DUPLEX,2014,351793.25282170856,311049.34468282404,40743.90813888452,0.5515995400301956
073 01 0 160.00,URBAN SERVICES DISTRICT,SINGLE FAMILY,2015,221145.84607855132,201258.15465664564,19887.691421905678,0.2712440588825758
142 15 0 006.00,GENERAL SERVICES DISTRICT,DUPLEX,2015,235888.9024837881,209136.49191876125,26752.410565026832,0.3635216595821428
083 14 0 271.00,URBAN SERVICES DISTRICT,SINGLE FAMILY,2014,201727.5995201406,226429.91034557144,-24702.310825430846,-0.32814804103976997
142 02 0 092.00,GENERAL SERVICES DISTRICT,SINGLE FAMILY,2016,260710.10512193394,230368.9611001092,30341.14402182473,0.41176248430334267
033 10 0 020.00,GENERAL SERVICES DISTRICT,SINGLE FAMILY,2016,242656.46418646123,313539.81891389616,-70883.35472743493,-0.9489273970821146
150 05 0 030.00,URBAN SERVICES DISTRICT,SINGLE FAMILY,2013,127500.0,115339.16294912092,12160.837050879083,0.16737737949660572
084 01 0 115.00,URBAN SERVICES DISTRICT,SINGLE FAMILY,2013,158000.0,207317.25937560623,-49317.25937560623,-0.6590295157508732
142 14 0 179.00,GENERAL SERVICES DISTRICT,SINGLE FAMILY,2015,221145.84607855132,194753.20716075692,26392.638917794393,0.35868550187282006
129 11 0 012.00,URBAN SERVICES DISTRICT,SINGLE FAMILY,2013,444500.0,440922.315593072,3577.6844069280196,0.052000083512747236
082 09 0 290.00,URBAN SERVICES DISTRICT,ZERO LOT LINE,2015,252597.6997430564,311428.76397517143,-58831.06423211502,-0.7869169161498011
105 11 0 085.00,URBAN SERVICES DISTRICT,SINGLE FAMILY,2014,183030.89517437146,163893.6325627104,19137.262611661048,0.2611565711556241
086 03 0 038.00,GENERAL SERVICES DISTRICT,SINGLE FAMILY,2013,149500.0,156351.7295872042,-6851.729587204201,-0.08819520780450804
095 08 0 151.00,URBAN SERVICES DISTRICT,SINGLE FAMILY,2016,277598.9950293116,266548.0662151789,11050.928814132756,0.15245766217848813
147 02 0 018.00,URBAN SERVICES DISTRICT,SINGLE FAMILY,2014,169254.3761827521,207158.70551755215,-37904.329334800044,-0.5056135086046915
072 04 0 316.00,URBAN SERVICES DISTRICT,DUPLEX,2014,108244.07779129494,239080.63918041423,-130836.56138911929,-1.7548362696292532
061 16 0 170.00,URBAN SERVICES DISTRICT,SINGLE FAMILY,2014,186967.04345769127,198036.10890790794,-11069.065450216673,-0.14488589342024732
061 15 0 074.00,URBAN SERVICES DISTRICT,SINGLE FAMILY,2014,166302.26497026224,176133.50433905973,-9831.239368797484,-0.12824666630908893
115 07 0 076.00,URBAN SERVICES DISTRICT,SINGLE FAMILY,2015,368576.41013091884,332788.50326420873,35787.90686671011,0.4849794938308511
115 04 0 029.00,URBAN SERVICES DISTRICT,SINGLE FAMILY,2016,470753.5405217348,392937.7170455798,77815.823476155,1.0499312749983691
130 04 0 020.00,URBAN SERVICES DISTRICT,SINGLE FAMILY,2015,638865.7775602593,517336.4742960463,121529.30326421303,1.6375408987821896
142 02 0 038.00,GENERAL SERVICES DISTRICT,SINGLE FAMILY,2014,207631.82194512032,179379.91684551627,28251.905099604046,0.38367831202895897
172 01 0 017.00,URBAN SERVICES DISTRICT,SINGLE FAMILY,2016,339719.0498610457,347459.74457331636,-7740.694712270633,-0.10014494196499751
072 06 0 127.00,URBAN SERVICES DISTRICT,SINGLE FAMILY,2014,119462.10039875642,120198.36291042434,-736.2625116679264,-0.005989276706341117
018 11 0 024.00,CITY OF GOODLETTSVILLE,SINGLE FAMILY,2015,192642.6036950936,154591.07634618419,38051.52734890941,0.5154077550075752
083 01 0 447.00,URBAN SERVICES DISTRICT,ZERO LOT LINE,2015,110228.91838982013,128739.56488295659,-18510.64649313646,-0.2449178437062432
082 07 0 040.00,URBAN SERVICES DISTRICT,SINGLE FAMILY,2013,212500.0,189911.39082241914,22588.60917758086,0.3075506003425148
083 09 0 170.00,URBAN SERVICES DISTRICT,SINGLE FAMILY,2013,499000.0,427804.20277080906,71195.79722919094,0.9609429091378168
103 10 0 035.00,URBAN SERVICES DISTRICT,SINGLE FAMILY,2016,339719.0498610457,309311.0603049988,30407.9895560469,0.41266104189716407
026 07 0 049.00,CITY OF GOODLETTSVILLE,SINGLE FAMILY,2016,150349.94520993138,157848.64520785675,-7498.699997925374,-0.09689197689007027
091 08 0 057.00,URBAN SERVICES DISTRICT,SINGLE FAMILY,2014,12546.472653081913,173203.55359312554,-160657.08094004364,-2.1556925812135743
083 06 0 090.00,URBAN SERVICES DISTRICT,SINGLE FAMILY,2015,373490.76226599776,334278.87508381554,39211.887182182225,0.5310056577229194
161 02 0 112.00,URBAN SERVICES DISTRICT,SINGLE FAMILY,2014,154493.8201203028,162741.9279092085,-8248.107788905705,-0.10696573977176418
136 11 0 043.00,URBAN SERVICES DISTRICT,SINGLE FAMILY,2015,178882.41771687262,173697.96777518422,5184.449941688392,0.0735987047153375
080 07 0 014.00,URBAN SERVICES DISTRICT,SINGLE FAMILY,2015,63886.57775602594,119638.55213430697,-55751.97437828103,-0.7455268726350717
104 07 0 281.00,URBAN SERVICES DISTRICT,SINGLE FAMILY,2014,442816.68187347933,355863.2303114975,86953.45156198181,1.1727619951291424
044 15 0 176.00,GENERAL SERVICES DISTRICT,SINGLE FAMILY,2014,109720.13339753987,136692.32922547424,-26972.195827934367,-0.35866051176551644
083 05 0 331.00,URBAN SERVICES DISTRICT,SINGLE FAMILY,2014,309971.6773114355,376954.6369215973,-66982.95961016178,-0.8964971234324006
133 14 0 062.00,URBAN SERVICES DISTRICT,SINGLE FAMILY,2015,211317.14180839347,197051.65340214266,14265.488406250806,0.19566873029096507
060 12 0 121.00,URBAN SERVICES DISTRICT,SINGLE FAMILY,2015,103201.39483665729,121187.39688935415,-17986.00205269686,-0.2378654167715381
043 11 0 158.00,GENERAL SERVICES DISTRICT,SINGLE FAMILY,2015,142024.77670378075,164453.88523323036,-22429.108529449615,-0.29759097826640185
119 05 0 267.00,URBAN SERVICES DISTRICT,SINGLE FAMILY,2015,260460.66315918267,229001.9272290719,31458.735930110764,0.4267854878243573
095 12 0 140.00,URBAN SERVICES DISTRICT,SINGLE FAMILY,2014,144555.04570492025,139342.1233652439,5212.9223396763555,0.07398143917507505
072 09 0 235.00,URBAN SERVICES DISTRICT,SINGLE FAMILY,2013,242000.0,227428.62573515967,14571.374264840328,0.19978053916909702
084 11 0 153.00,URBAN SERVICES DISTRICT,SINGLE FAMILY,2013,75000.0,125799.9059597154,-50799.9059597154,-0.6789596930260936
018 07 0 090.00,CITY OF GOODLETTSVILLE,SINGLE FAMILY,2014,172206.48739524197,159365.73535177458,12840.752043467393,0.17651699947051
082 12 0 100.00,URBAN SERVICES DISTRICT,SINGLE FAMILY,2016,276628.3691725658,158434.8975653287,118193.47160723712,1.5926996554296695
119 06 0 364.00,URBAN SERVICES DISTRICT,DUPLEX,2014,83643.1510205461,123200.54902695623,-39557.398006410134,-0.5278345503731161
146 04 0 084.00,URBAN SERVICES DISTRICT,SINGLE FAMILY,2013,263000.0,254013.79099165605,8986.209008343954,0.12470308317491943
105 10 0 325.00,URBAN SERVICES DISTRICT,DUPLEX,2014,462497.4232900784,340497.55287201103,121999.87041806738,1.6438664027132885
146 15 0 176.00,URBAN SERVICES DISTRICT,SINGLE FAMILY,2014,197299.43270140578,301119.9649779206,-103820.5322765148,-1.3916787543740372
082 08 0 081.00,URBAN SERVICES DISTRICT,SINGLE FAMILY,2014,243844.38615166262,199039.4760773044,44804.910074358224,0.6061887383978116
061 14 0 164.00,URBAN SERVICES DISTRICT,SINGLE FAMILY,2013,147000.0,134745.5045813773,12254.495418622711,0.16863636318998523
147 01 0 208.00,URBAN SERVICES DISTRICT,SINGLE FAMILY,2014,226328.52629088942,211982.28850357083,14346.23778731859,0.19675418753802182
087 02 0 022.00,GENERAL SERVICES DISTRICT,SINGLE FAMILY,2015,217214.36437048818,195466.83341468734,21747.530955800845,0.29624457620833144
117 02 0 178.00,URBAN SERVICES DISTRICT,SINGLE FAMILY,2013,679000.0,641744.4425314572,37255.55746854283,0.504708090642872
091 11 0 116.00,URBAN SERVICES DISTRICT,SINGLE FAMILY,2015,221145.84607855132,168854.99616107403,52290.84991747729,0.7068169728968917
083 09 0 358.00,URBAN SERVICES DISTRICT,SINGLE FAMILY,2015,338107.4268934296,401810.8165954758,-63703.38970204617,-0.8524121672764504
082 08 0 116.00,URBAN SERVICES DISTRICT,SINGLE FAMILY,2014,172206.48739524197,152152.39645906782,20054.09093617415,0.273480850747492
033 12 0 137.00,CITY OF GOODLETTSVILLE,SINGLE FAMILY,2014,94861.17362800757,125731.22418799417,-30870.0505599866,-0.41105663679994825
073 07 0 038.00,URBAN SERVICES DISTRICT,SINGLE FAMILY,2015,152246.6291447449,174156.61850732434,-21909.98936257945,-0.29061282370578323
050 11 0 031.00,URBAN SERVICES DISTRICT,SINGLE FAMILY,2014,88464.93266761287,109461.0818641277,-20996.14919651483,-0.2783287118303779
131 03 0 037.00,URBAN SERVICES DISTRICT,SINGLE FAMILY,2013,325000.0,293975.7428467568,31024.257153243176,0.4209450946125828
061 11 0 186.00,URBAN SERVICES DISTRICT,SINGLE FAMILY,2013,280000.0,235897.17063856934,44102.82936143066,0.5967511602047814
144 15 0 048.00,CITY OF FOREST HILLS,SINGLE FAMILY,2015,648694.4818304172,564237.6087832835,84456.87304713367,1.139202242646169
061 15 0 257.00,URBAN SERVICES DISTRICT,SINGLE FAMILY,2016,419795.68304257793,355942.09420755046,63853.588835027476,0.8622467556136715
086 07 0 023.00,GENERAL SERVICES DISTRICT,SINGLE FAMILY,2016,181507.035211473,172125.02181042568,9382.013401047327,0.13002360378815025
149 06 0 104.00,URBAN SERVICES DISTRICT,SINGLE FAMILY,2015,178390.98250336474,164031.52404862523,14359.458454739506,0.19693190368981392
094 01 0 003.00,URBAN SERVICES DISTRICT,SINGLE FAMILY,2014,115624.3558225196,301647.56424094643,-186023.20841842683,-2.4966716269608575
147 01 0 109.00,URBAN SERVICES DISTRICT,SINGLE FAMILY,2014,225344.48922005948,229518.40258475245,-4173.9133646929695,-0.05219920403859647
061 16 0 253.00,URBAN SERVICES DISTRICT,SINGLE FAMILY,2014,132845.0045620438,274003.19104587036,-141158.18648382658,-1.8935826304347705
133 06 0 015.00,URBAN SERVICES DISTRICT,SINGLE FAMILY,2013,46000.0,85060.57621061173,-39060.57621061173,-0.5211561237200073
118 06 0 097.00,URBAN SERVICES DISTRICT,SINGLE FAMILY,2016,708459.8128387922,541936.1624341625,166523.65040462976,2.2423683232692633
150 06 0 077.00,URBAN SERVICES DISTRICT,SINGLE FAMILY,2015,181831.02899792,174017.94908261285,7813.079915307142,0.10893353226404605
094 05 0 083.00,URBAN SERVICES DISTRICT,SINGLE FAMILY,2015,323364.3704881928,304209.1966291321,19155.173859060742,0.26139733948148286
060 07 0 114.02,URBAN SERVICES DISTRICT,SINGLE FAMILY,2014,175158.59860773184,161979.04780844995,13179.55079928189,0.1810712333225807
061 15 0 024.00,URBAN SERVICES DISTRICT,DUPLEX,2016,305747.14487494115,318459.2664412335,-12712.121566292364,-0.166972343433012
053 02 0 096.00,GENERAL SERVICES DISTRICT,SINGLE FAMILY,2016,108710.09595553463,145139.43478123762,-36429.33882570299,-0.4857862465716194
072 16 0 168.00,URBAN SERVICES DISTRICT,SINGLE FAMILY,2014,162366.11668694243,176721.505719876,-14355.38903293357,-0.18906163448306976
073 03 0 029.00,URBAN SERVICES DISTRICT,SINGLE FAMILY,2015,186745.38113299888,216244.7880919132,-29499.406958914304,-0.3926320370043534
171 04 0 014.00,URBAN SERVICES DISTRICT,SINGLE FAMILY,2016,407662.8598332548,414353.6404674705,-6690.780634215684,-0.08603168400881564
130 08 0 149.00,URBAN SERVICES DISTRICT,SINGLE FAMILY,2015,751895.8766670745,647315.3479413082,104580.52872576634,1.4097104199820507
129 05 0 039.00,URBAN SERVICES DISTRICT,SINGLE FAMILY,2016,407662.8598332548,408107.0597257291,-444.1998924742802,-0.002063283932080676
053 03 0 283.00,GENERAL SERVICES DISTRICT,SINGLE FAMILY,2016,96965.5230889099,114746.67191506505,-17781.148826155142,-0.23511171864540623
105 13 0 368.00,URBAN SERVICES DISTRICT,SINGLE FAMILY,2013,493000.0,442915.55607816705,50084.44392183295,0.6771578059007853
072 16 0 139.00,URBAN SERVICES DISTRICT,SINGLE FAMILY,2014,172206.48739524197,163226.87806466137,8979.609330580599,0.12461436833944026
083 05 0 108.00,URBAN SERVICES DISTRICT,SINGLE FAMILY,2014,172206.48739524197,341519.411450935,-169312.92405569303,-2.2720470041828484
103 04 0 063.00,URBAN SERVICES DISTRICT,SINGLE FAMILY,2014,302099.3807447959,398803.81140294805,-96704.43065815215,-1.2960219955196246
091 15 0 304.00,URBAN SERVICES DISTRICT,SINGLE FAMILY,2013,312250.0,291959.3041062328,20290.695893767173,0.2766613651057794
104 14 0 085.00,URBAN SERVICES DISTRICT,SINGLE FAMILY,2016,678467.4738653456,612665.3390565275,65802.13480881811,0.8884396913427869
051 14 0 039.00,URBAN SERVICES DISTRICT,SINGLE FAMILY,2015,222030.42946286552,209640.3773187619,12390.052144103625,0.17045855709555868
084 11 0 195.00,URBAN SERVICES DISTRICT,SINGLE FAMILY,2013,114800.0,114895.80930169659,-95.80930169658677,0.0026198862243393497
043 09 0 306.00,GENERAL SERVICES DISTRICT,SINGLE FAMILY,2015,93372.69056649944,98073.09439876913,-4700.403832269687,-0.05927644582027314
061 11 0 310.00,URBAN SERVICES DISTRICT,SINGLE FAMILY,2015,353833.35372568213,364645.993905595,-10812.64017991285,-0.1414389485112068
150 03 0 071.00,URBAN SERVICES DISTRICT,SINGLE FAMILY,2015,134751.53554386392,157803.08909727747,-23051.55355341354,-0.3059580697935667
083 07 0 148.00,URBAN SERVICES DISTRICT,SINGLE FAMILY,2016,198007.67477615236,219046.42849842695,-21038.75372227459,-0.2789014145635979
082 04 0 387.00,URBAN SERVICES DISTRICT,SINGLE FAMILY,2013,410000.0,239690.50581681167,170309.49418318833,2.2932587636828137
091 02 0 033.00,URBAN SERVICES DISTRICT,SINGLE FAMILY,2016,228097.07633527354,154188.4584281384,73908.61790713514,0.997409453226472
130 01 0 218.00,URBAN SERVICES DISTRICT,VACANT RESIDENTIAL LAND,2014,241089.08235333874,315805.483409828,-74716.40105648924,-1.000452348247793
146 15 0 163.00,URBAN SERVICES DISTRICT,SINGLE FAMILY,2013,221000.0,264149.8110284291,-43149.811028429074,-0.5761248369066839
043 15 0 069.00,GENERAL SERVICES DISTRICT,SINGLE FAMILY,2014,127826.41550081104,116781.58637662337,11044.829124187672,0.15237566832827976
043 04 0 014.00,GENERAL SERVICES DISTRICT,SINGLE FAMILY,2016,184418.91278171053,187108.92004483627,-2690.0072631257353,-0.032252095954315205
147 10 0 054.00,URBAN SERVICES DISTRICT,SINGLE FAMILY,2015,248174.78282148537,213102.4777984554,35072.30502302997,0.4753601605683738
149 03 0 142.00,URBAN SERVICES DISTRICT,DUPLEX,2015,149396.3049063991,142536.90535661275,6859.399549786351,0.09611387655348007
116 12 0 032.00,URBAN SERVICES DISTRICT,SINGLE FAMILY,2015,426565.7653248501,404645.13290636614,21920.63241848396,0.29857145766130244
091 16 0 224.00,URBAN SERVICES DISTRICT,SINGLE FAMILY,2014,342444.900648824,348498.05097719835,-6053.150328374351,-0.077460467396796
103 03 0 096.00,URBAN SERVICES DISTRICT,SINGLE FAMILY,2013,273000.0,306790.6060857297,-33790.60608572973,-0.45031561462652026
085 09 0 016.00,URBAN SERVICES DISTRICT,SINGLE FAMILY,2014,221408.34093673967,257527.38825966095,-36119.04732292128,-0.4816152157111871
072 08 0 093.00,URBAN SERVICES DISTRICT,SINGLE FAMILY,2014,250929.45306163828,210011.04781841658,40918.4052432217,0.553945182114241
105 13 0 050.00,URBAN SERVICES DISTRICT,SINGLE FAMILY,2015,442193.4051144011,373122.36049780296,69071.04461659811,0.9323813512528634
082 07 0 270.00,URBAN SERVICES DISTRICT,SINGLE FAMILY,2014,324633.82966680184,263820.88895758655,60812.9407092153,0.8213734572642781
119 03 0 014.00,URBAN SERVICES DISTRICT,SINGLE FAMILY,2014,112852.32339399162,125962.26844071098,-13109.945046719353,-0.17232000522519755
103 03 0 127.00,URBAN SERVICES DISTRICT,SINGLE FAMILY,2015,493892.3895754313,453108.1766556532,40784.212919778074,0.5521413289075026
129 09 0 009.00,URBAN SERVICES DISTRICT,SINGLE FAMILY,2014,728187.432414166,510740.2467636785,217447.18565048755,2.9268976614194426
149 04 0 139.00,URBAN SERVICES DISTRICT,SINGLE FAMILY,2015,144383.66572861862,146040.92091492357,-1657.2551863049448,-0.018369534733727842
146 08 0 165.00,URBAN SERVICES DISTRICT,SINGLE FAMILY,2015,196574.08540315673,268749.73320894944,-72175.64780579272,-0.966298785799599
042 15 0 126.00,GENERAL SERVICES DISTRICT,SINGLE FAMILY,2014,139241.2455224385,144085.63418107448,-4844.388658635988,-0.061211932769879795
116 13 0 011.00,URBAN SERVICES DISTRICT,SINGLE FAMILY,2014,365077.75327791297,400888.85865549,-35811.10537757701,-0.47747576830209665
059 13 0 012.00,URBAN SERVICES DISTRICT,SINGLE FAMILY,2014,41821.57551027305,116293.77865217984,-74472.2031419068,-0.9971697670986303
131 11 0 070.00,URBAN SERVICES DISTRICT,SINGLE FAMILY,2016,502298.88086597476,406120.49356224993,96178.38730372483,1.2967663307921289
115 11 0 061.00,URBAN SERVICES DISTRICT,SINGLE FAMILY,2015,309604.1845099718,427998.6792129785,-118394.4947030067,-1.5875863009704525
091 07 0 319.00,URBAN SERVICES DISTRICT,DUPLEX,2015,280118.07169949834,267277.863712949,12840.207986549358,0.1765096860952657
061 08 0 078.00,URBAN SERVICES DISTRICT,SINGLE FAMILY,2013,251400.0,268464.35791323124,-17064.357913231244,-0.22547640155976123
117 01 0 046.00,URBAN SERVICES DISTRICT,SINGLE FAMILY,2016,621685.8612457137,511606.572471545,110079.28877416864,1.4836263914166077
171 04 0 035.00,URBAN SERVICES DISTRICT,SINGLE FAMILY,2015,436640.1872017619,417293.97675584635,19346.210445915523,0.2639653102189978
052 01 0 202.00,GENERAL SERVICES DISTRICT,SINGLE FAMILY,2013,26691.0,91428.5461082833,-64737.546108283306,-0.866313605911602
102 15 0 026.00,URBAN SERVICES DISTRICT,SINGLE FAMILY,2014,280450.56518653693,286487.24440886936,-6036.67922233243,-0.07723905788029164
131 10 0 067.00,URBAN SERVICES DISTRICT,SINGLE FAMILY,2014,477257.9793525277,373783.13263616094,103474.84671636677,1.3948475128715232
